dan	27066	dan
yang	22764	yang
mereka	13577	mereka,merekalah
orang	12959	orang,orang-orang,seorang,seseorang,orang-orangnya,orang-orangmu
akan	12162	akan,seakan-akan,seakan
itu	11974	itu,itulah,itukah,itupun
kepada	10759	kepada,kepadamu,kepadanya,kepadaku,kepada-nya,kepada-ku
aku	9483	aku,mengakui,mengaku,pengakuan,akuilah,mengakuinya
dari	8084	dari,darinya,darimu,dariku,dari-ku,dari-mu
dia	8009	dia,dialah
tidak	7875	tidak,tidakkah,tidaklah,setidaknya
tuhan	7620	tuhan,bertuhan
dengan	7080	dengan,dengannya,denganmu,denganku,dengan-nya,dengan-ku
kamu	7046	kamu,kamulah
kata	6546	berkata,perkataan,katanya,mengatakan,katakan,katakanlah
telah	5653	telah,setelah,setelahmu,setelahnya
untuk	5597	untuk,untukmu,untuknya,untukku,untuk-ku,diperuntukkan
anak	5146	anak,anak-anak,anaknya,anak-anaknya,anakku,anak-anakmu
dalam	4591	dalam,dalamnya,dalammu,kedalaman,dalamku,dalam-mu
ada	4087	ada,berada,mengadakan,keadaan,adakah,keadaannya
karena	3836	karena,karenanya,karenamu,karena-mu
jadi	3714	menjadi,terjadi,menjadikan,jadilah,terjadilah,dijadikan
semua	3686	semua,semuanya
raja	3564	raja,kerajaan,raja-raja,kerajaannya,kerajaan-kerajaan,rajanya
pada	3487	pada,padanya,padamu,padaku,pada-nya,pada-mu
ini	3387	ini
lalu	3370	lalu,melalui,berlalu,melaluinya,lalui,dilalui
tetapi	3144	tetapi
bagi	3131	bagi,bagian,bagimu,baginya,bagiku,sebagian
sebab	2912	sebab,sebabnya,menyebabkan,disebabkan,penyebab,menyebabkannya
seperti	2782	seperti,sepertimu,sepertinya,sepertiku
adalah	2669	adalah
lihat	2593	melihat,lihatlah,lihat,melihatnya,penglihatan,terlihat
hadap	2566	terhadap,hadapan,menghadap,hadapanmu,hadapan-nya,hadapan-ku
hari	2558	hari,hari-hari,harinya,hari-harinya,sehari,sehari-hari
atas	2515	atas,atasnya,atasmu,atasku,mengatasi,atas-nya
kami	2482	kami
ketika	2344	ketika,seketika
harus	2307	harus,seharusnya,haruslah,mengharuskan,harusnya,keharusan
datang	2291	datang,mendatangkan,datanglah,mendatangi,pendatang,kedatangan
laku	2253	melakukan,lakukan,dilakukan,melakukannya,lakukanlah,berlaku
buat	2252	membuat,berbuat,perbuatan,membuatnya,dibuat,membuatmu
diri	2215	diri,berdiri,dirinya,dirimu,mendirikan,diri-nya
firman	2107	firman,berfirman,firman-nya,firmankan,firman-mu,firman-ku
para	2078	para
sama	2053	bersama,sama,bersama-sama,bersamamu,bersamanya,bersamaku
dapat	2047	dapat,mendapat,mendapatkan,terdapat,mendapati,didapati
beri	1952	memberikan,memberi,diberikan,memberikannya,berikanlah,kuberikan
kita	1909	kita,kitalah
tempat	1838	tempat,tempat-tempat,menempatkan,tempatnya,tempatmu,ditempatkan
juga	1804	juga,jugalah,jugakah
pergi	1801	pergi,pergilah,kepergian,kepergianmu,kepergianku,kaupergi
oleh	1797	oleh,memperoleh,olehnya,olehmu,peroleh,oleh-nya
turun	1788	keturunan,turun,keturunanmu,menurunkan,keturunannya,turunlah
sampai	1762	sampai,menyampaikan,sampaikan,disampaikan,kusampaikan,sampaikanlah
tinggal	1658	tinggal,meninggalkan,ditinggalkan,tinggallah,tertinggal,tinggalkan
jika	1646	jika
pun	1626	pun
tangan	1626	tangan,tangannya,tanganmu,tanganku,tangan-nya,tangan-mu
dengar	1614	mendengar,mendengarkan,dengarkanlah,dengarlah,dengar,mendengarnya
bawa	1579	membawa,dibawa,membawanya,bawalah,membawamu,bawa
atau	1574	atau,ataupun,ataukah
kota	1561	kota,kota-kota,kotanya,kota-kotanya,kotamu,kota-kotamu
bangsa	1528	bangsa,bangsa-bangsa,bangsanya,bangsaku,bangsamu,sebangsaku
bahwa	1520	bahwa
tahu	1519	tahu,mengetahui,ketahuilah,pengetahuan,mengetahuinya,diketahui
baik	1508	baik,kebaikan,terbaik,memperbaiki,baik-baik,perbaikan
jangan	1493	jangan,janganlah,jangan-jangan
jalan	1483	jalan,berjalan,perjalanan,jalan-jalan,jalannya,jalan-jalanmu
apa	1482	apa,apa-apa,apalah,apa-apanya
seluruh	1435	seluruh,seluruhnya,keseluruhan,keseluruhannya
sembah	1406	persembahan,mempersembahkan,menyembah,dipersembahkan,persembahannya,persembahkan
sudah	1403	sudah,sesudah,sesudahnya,kesudahan,sesudahmu,kesudahannya
hal	1397	hal,hal-hal,halnya
perintah	1391	perintah,memerintah,memerintahkan,perintahkan,pemerintahan,diperintahkan
hidup	1374	hidup,kehidupan,hidupnya,hidupmu,hidupku,hiduplah
perempuan	1360	perempuan,perempuannya,perempuan-perempuan,perempuanmu,perempuanku,perempuan-perempuannya
lain	1360	lain,melainkan,lainnya,berlainan
tanah	1343	tanah,tanahmu,tanahnya,tanah-tanah,tanah-ku,tanah-nya
dua	1338	dua,kedua,keduanya,berdua,mendua,dua-duanya
mati	1306	mati,kematian,kematiannya,mematikan,kematian-nya,matiku
antara	1282	antara,antaramu,perantaraan,antaranya,perantara,perantaraanku
hati	1281	hati,hatimu,hatinya,hatiku,berhati-hatilah,hati-ku
milik	1266	memiliki,milik,miliki,miliknya,milikmu,pemilik
makan	1264	makan,makanan,memakan,memakannya,dimakan,makanlah
benar	1232	benar,kebenaran,benar-benar,sebenarnya,dibenarkan,kebenaran-mu
lama	1228	selama,selama-lamanya,lama,selamanya,lamanya,berlama-lama
bagai	1196	sebagai,bagaikan,berbagai,bagai,berbagai-bagai
serta	1188	serta,beserta,menyertai,menyertainya,menyertaimu,disertai
banyak	1180	banyak,sebanyak,banyaknya,memperbanyak,kebanyakan,banyaklah
nama	1176	nama,bernama,nama-ku,nama-mu,nama-nya,namanya
lagi	1171	lagi,lagikah
sehingga	1161	sehingga
negeri	1143	negeri,negerinya,negerimu,negeri-negeri,negeriku,negeri-ku
supaya	1141	supaya
satu	1140	satu,satu-satunya,satunya,bersatu,kesatuan,dipersatukan
besar	1131	besar,pembesar,kebesaran,sebesar,membesarkan,terbesar
sendiri	1050	sendiri,sendirian,tersendiri,sendirilah,sendirinya,menyendiri
biar	1038	biarlah,biarkan,membiarkan,biarkanlah,dibiarkan,membiarkanmu
tiap	1019	setiap,tiap-tiap,tiap
rumah	1013	rumah,rumahnya,rumahmu,rumah-rumah,rumahku,rumah-ku
imam	1003	imam,imam-imam,keimaman,imamnya,imam-imamnya,imamku
segala	986	segala,segalanya
saudara	965	saudara-saudara,saudara,saudara-saudaranya,saudaranya,saudaramu,saudara-saudaraku
jawab	964	menjawab,jawab,jawaban,menjawabnya,jawablah,menjawabmu
kudus	962	kudus,menguduskan,dikuduskan,kudus-nya,kekudusan,kudus-ku
siapa	953	siapa,siapakah,siapa-siapa
kembali	947	kembali,mengembalikan,kembalilah,mengembalikannya,dikembalikan,kembalikan
jahat	933	jahat,kejahatan,kejahatannya,penjahat,kejahatanmu,kejahatan-kejahatan
yaitu	923	yaitu
lebih	921	lebih,melebihi,selebihnya,terlebih,kelebihan,lebih-lebih
tahun	917	tahun,setahun,tahun-tahun,bertahun-tahun,tahunnya,tahun-tahun-mu
keluar	917	keluar,mengeluarkan,keluarlah,dikeluarkan,keluarkan,mengeluarkannya
mata	915	mata,matamu,matanya,mataku,mata-ku,mata-mu
sana	914	sana,sanalah
ambil	910	mengambil,ambillah,diambil,mengambilnya,ambil,diambilnya
buah	891	sebuah,buah,buahnya,buah-buah,berbuah,buah-buahan
hukum	879	hukum,hukuman,dihukum,menghukum,penghukuman,hukum-hukum-mu
air	878	air,airnya,perairan,airmu,berair,mengairi
dosa	873	dosa,berdosa,dosa-dosa,dosanya,dosa-dosamu,dosamu
manusia	867	manusia,manusialah,manusianya
kepala	864	kepala,kepalanya,kepalamu,kepalaku,kepala-kepala,kepala-nya
bumi	861	bumi,buminya,dikebumikan,bumi-nya
hamba	856	hamba,hambamu,hamba-mu,hamba-ku,hambanya,hamba-hambamu
laki	854	laki-laki,laki-lakinya,laki-lakimu,laki-lakiku,laki-laki-ku
masuk	840	masuk,termasuk,memasukkan,masuklah,masuki,memasukkannya
sekarang	819	sekarang
duduk	817	duduk,penduduk,penduduknya,menduduki,duduklah,pendudukan
tetap	804	tetap,menetapkan,ditetapkan,ketetapan,menetap,ketetapan-ketetapan-ku
demikian	801	demikian,demikianlah,sedemikian
umat	778	umat,umat-ku,umat-nya,umat-mu,umatnya,umatmu
apakah	767	apakah
ayah	761	ayahnya,ayah,ayahku,ayahmu,ayahmulah,berayah
pintu	744	pintu,pintu-pintu,pintu-pintunya,pintunya,pintumu,pintu-ku
kurban	741	kurban,kurban-kurban,berkurban,kurban-kurbanmu,kurbannya,kurbanmu
tentang	740	tentang,menentang,menentangmu,tentangnya,tentangmu,bertentangan
bunuh	730	membunuh,dibunuh,membunuhnya,terbunuh,pembunuh,membunuhmu
bait	722	bait,bait-nya,bait-mu,baitmu
hai	719	hai
saat	713	saat,saatnya,sesaat,saat-saat,saat-nya
bakar	704	bakaran,membakar,dibakar,membakarnya,terbakar,bakar
waktu	702	waktu,waktunya,sewaktu,waktu-waktu,waktumu,waktu-nya
temu	701	pertemuan,menemukan,menemui,bertemu,ditemukan,menemukannya
kerja	690	pekerjaan,bekerja,kerja,mengerjakan,pekerja,pekerjaan-pekerjaan
takut	681	takut,ketakutan,takutlah,ditakuti,menakutkan,takuti
domba	680	domba,domba-domba,dombamu,dombanya,domba-dombanya,domba-domba-ku
selamat	675	menyelamatkan,keselamatan,selamat,diselamatkan,selamatkan,selamatkanlah
suku	675	suku,suku-suku,sukumu,sukunya,suku-sukumu,sesuku
gunung	662	gunung,pegunungan,gunung-gunung,gunung-ku,gunung-gunungnya,gunung-nya
bangun	660	membangun,bangun,dibangun,bangunan,membangunnya,pembangunan
salah	658	salah,kesalahan,bersalah,kesalahannya,kesalahan-kesalahan,kesalahanku
layan	651	melayani,pelayan,pelayanan,pelayannya,layanilah,melayaninya
batu	650	batu,batu-batu,batuku,berbatu,batunya,batu-batunya
kuat	650	kuat,kekuatan,kekuatannya,menguatkan,kekuatanku,kekuatanmu
lawan	647	melawan,melawanmu,melawannya,lawan,melawanku,berlawanan
bicara	629	berbicara,berbicaralah,membicarakan,bicarakan,bicara,pembicaraan
tiga	627	tiga,ketiga,sepertiga,ketiganya,bertiga,pertiga
kumpul	617	mengumpulkan,berkumpul,kumpulan,dikumpulkan,kumpulkanlah,pengumpul
pimpin	610	pemimpin,memimpin,pemimpin-pemimpin,pemimpinnya,pimpinan,pemimpinmu
kuasa	607	kuasa,berkuasa,penguasa,kekuasaan,menguasai,kuasa-nya
kasih	606	kasih,kukasihi,kekasihku,kasihilah,terkasih,kasihmu
sedang	603	sedang,sedangkan
belum	599	belum,sebelum,sebelumnya,belumkah
roh	597	roh,roh-roh,rohku,rohmu,rohnya
maka	597	maka,memakainya
padang	583	padang,padang-padang,padang-padangnya,padangnya
keluarga	582	keluarga,keluarganya,keluargamu,keluarga-keluarga,keluargaku,keluarga-keluargamu
api	580	api,perapian,apinya,api-nya,perapian-perapian,apimu
puluh	579	puluh,sepuluh,kesepuluh,persepuluhan,sepersepuluh,puluhan
bukan	577	bukan,bukanlah,bukannya,bukan-bukan
tengah	573	tengah-tengah,tengah,setengah,tengah-tengahmu,tengah-tengahnya,setengahnya
pakai	567	pakaian,pakaiannya,memakai,berpakaian,pakaian-pakaian,pakaianmu
janji	566	perjanjian,janji,perjanjian-ku,janjikan,berjanji,dijanjikan-nya
dekat	565	dekat,mendekat,mendekati,dekatnya,mendekatinya,mendekatkan
ekor	553	seekor,ekor,ekornya
sangat	538	sangat,sangatlah
mulia	538	kemuliaan,mulia,memuliakan,kemuliaan-nya,dimuliakan,kemuliaannya
istri	533	istri,istrinya,istrimu,istri-istri,istriku,istri-istrimu
suara	525	suara,suara-nya,suaraku,suaramu,suaranya,suara-ku
pohon	523	pohon,pohon-pohon,pepohonan,pohon-pohonmu,pohon-pohonan,pohon-pohonnya
sungai	522	sungai,sungai-sungai,sungai-sungaimu,sungai-sungainya,sungainya,sungaimu
turut	517	menurut,menuruti,turut,menurutmu,seturut,menurutku
tujuh	517	tujuh,ketujuh
tulis	517	tertulis,menulis,tulis,dituliskan,ditulis,tulisan
anggur	515	anggur,anggurmu,anggurnya,anggurku,menganggur,anggur-ku
emas	503	emas,emasnya,emasmu,keemasan,emas-ku,emasku
bangkit	503	bangkit,membangkitkan,dibangkitkan,kebangkitan,bangkitkan,kebangkitan-nya
tanya	503	bertanya,menanyakan,bertanya-tanya,pertanyaan,tanyakanlah,tanyakan
percaya	501	percaya,percayalah,dipercaya,dipercayakan,memercayai,memercayakan
sesuai	496	sesuai,menyesuaikan
lahir	493	melahirkan,lahir,dilahirkan,kelahiran,lahirlah,dilahirkannya
nabi	492	nabi,nabi-nabi,nabi-nabimu,nabi-nabi-mu,nabinya,nabi-nya
langit	490	langit,langit-langit,langit-mu,langitmu,langit-langitku
jantan	483	jantan,kejantananku,jantanmu,jantannya
ikut	481	mengikuti,ikut,berikutnya,mengikutinya,mengikut,ikutlah
darah	479	darah,darahnya,darahmu,darah-nya,pendarahan,darah-ku
depan	476	depan,depanmu,depannya,depanku,terdepan,depan-ku
utus	474	mengutus,utusan,diutus,utusan-utusan,mengutusmu,mengutusku
suatu	473	suatu
pedang	467	pedang,pedangnya,pedangmu,pedang-ku,pedangku,pedang-nya
terima	466	menerima,menerimanya,terima,diterima,terimalah,berterima
damai	465	damai,pendamaian,kedamaian,perdamaian,berdamai,mendamaikan
belas	464	belas,berbelas
penuh	460	penuh,memenuhi,dipenuhi,kepenuhan,penuhilah,memenuhinya
sesuatu	460	sesuatu,sesuatunya
serah	455	menyerahkan,diserahkan,menyerahkannya,serahkan,serahkanlah,menyerahkanmu
sapi	455	sapi,sapi-sapi,sapinya,sapimu,sapi-sapimu,sapi-sapinya
kaki	451	kaki,kakinya,kakimu,kakiku,kaki-nya,kaki-ku
panggil	450	memanggil,dipanggil,memanggilnya,panggillah,memanggilmu,panggil
tinggi	450	tinggi,meninggikan,ditinggikan,tingginya,tertinggi,ketinggian
nenek	448	nenek,neneknya,nenek-nenek,nenekmu
gerbang	447	gerbang,gerbangnya,gerbangmu,gerbang-gerbang,gerbang-nya,gerbang-gerbangku
minum	446	minum,minuman,meminum,meminumnya,minumlah,diminum
hancur	445	menghancurkan,dihancurkan,kehancuran,hancur,menghancurkannya,penghancuran
moyang	442	moyang,moyangmu,moyangnya,moyangku,moyang-nya
ingat	442	ingatlah,mengingat,peringatan,ingat,memperingatkan,diingat
masih	438	masih,masihkah
tenda	432	tenda,tendanya,tenda-tenda,pertendaan,tendamu,tendaku
angkat	431	mengangkat,angkatlah,terangkat,diangkat,mengangkatnya,angkat
musuh	430	musuh,musuh-musuh,musuhmu,musuh-musuhku,musuh-musuhmu,musuhnya
hanya	429	hanya,hanyalah
cari	425	mencari,carilah,mencarinya,mencari-nya,cari,mencari-cari
bagaimana	424	bagaimana,sebagaimana,bagaimanakah
mazbah	423	mazbah,mazbah-mazbah,mazbah-ku,mazbahnya,mazbah-mu,mazbah-mazbah-mu
malam	422	malam,bermalam,semalam,malamnya,bermalamlah,semalam-malaman
kena	417	mengenai,mengenakan,kenakanlah,dikenakan,terkena,mengenakannya
demi	415	demi
bawah	414	bawah,bawahnya,bawahku,bawah-nya,bawahmu,bawahan
mulut	412	mulut,mulutnya,mulutku,mulutmu,mulut-nya,mulut-ku
ingin	410	ingin,keinginan,menginginkan,inginkan,keinginannya,diinginkan
roti	410	roti,rotimu,rotinya,rotiku,roti-roti,roti-ku
lari	410	melarikan,berlari,lari,larilah,pelarian,berlarian
boleh	408	boleh,diperbolehkan,memperbolehkan,memperbolehkannya
pernah	401	pernah,pernahkah
ajar	401	mengajar,mengajarkan,ajaran,pengajaran,belajar,diajarkan
binasa	400	membinasakan,binasa,kebinasaan,dibinasakan,membinasakannya,membinasakanmu
laut	396	laut,lautan,pelaut,lautnya,pelautnya,pelautmu
belah	395	sebelah,terbelah,membelah,belah,pembelah,membelahnya
puji	391	pujian,memuji,pujilah,puji-pujian,memuji-mu,dipuji
hasil	390	hasil,menghasilkan,berhasil,hasilnya,dihasilkan,penghasilan
bahkan	390	bahkan
begini	388	beginilah,begini
empat	386	empat,keempat,keempatnya,seperempat,berempat
pasu	384	pasukan,pasukannya,pasukan-pasukan,pasukanmu,pasukan-pasukannya,memasukannya
punya	379	mempunyai,punya,kepunyaan,kepunyaannya,kepunyaanku,kepunyaanmu
jauh	375	jauh,menjauhkan,menjauh,sejauh,jauh-jauh,jauhkanlah
seru	374	berseru,berseru-seru,seruan,menyerukan,berserulah,serukanlah
perang	372	berperang,perang,perangnya,perangmu,perangilah,kuperangi
rakyat	371	rakyat,rakyatnya,rakyatmu,rakyatku
sukacita	371	bersukacita,sukacita,bersukacitalah,sukacitamu,sukacitaku,sukacita-ku
keliling	370	sekeliling,sekelilingnya,mengelilingi,berkeliling,sekelilingmu,sekeliling-nya
bulan	370	bulan,bulan-bulan,sebulan,bulan-bulanan,bulannya,bulanmu
setia	370	setia,setia-nya,setia-mu,kesetiaan,kesetiaan-mu,setia-ku
sakit	363	penyakit,sakit,kesakitan,menyakiti,menyakitkan,penyakitnya
adil	363	keadilan,adil,pengadilan,mengadili,keadilan-mu,diadili
panjang	362	sepanjang,panjang,panjangnya,memperpanjang,memanjang,diperpanjang
najis	361	najis,menajiskan,kenajisan,dinajiskan,menajiskannya,kenajisannya
saksi	360	kesaksian,saksi,bersaksi,kesaksian-kesaksian-mu,menyaksikan,saksi-saksi
mana	356	mana,manakah,mana-mana,manapun
kemah	356	perkemahan,berkemah,kemah,kemah-kemah,kemahnya,kemahmu
letak	355	meletakkan,meletakkannya,terletak,diletakkan,letakkanlah,letakkan
doa	354	berdoa,doa,berdoalah,doaku,doa-doa,doanya
daripada	352	daripada
binatang	351	binatang,binatang-binatang,binatang-binatangnya,binatangnya,binatang-binatangmu
muda	350	muda,mudanya,mudamu,mudaku,kemudaanmu,termuda
ilah	350	ilah,ilah-ilah,berilah,ilahmu,ilahnya,ilah-ilahnya
dahulu	345	dahulu,mendahului,terdahulu,mendahului-nya,mendahuluimu,mendahuluiku
murid	345	murid-murid-nya,murid,murid-murid,murid-nya,murid-murid-mu,murid-murid-ku
beberapa	344	beberapa
sebut	341	disebut,menyebut,tersebut,menyebutnya,sebut,disebutkan
tutup	340	menutupi,menutup,tutup,ditutup,tertutup,penutup
keras	340	keras,kekerasan,mengeraskan,kerasnya,dikeraskan,keraskan
jumlah	340	jumlah,berjumlah,jumlahnya,sejumlah,jumlahmu
dunia	340	dunia
lepas	339	melepaskan,lepaskan,lepaskanlah,terlepas,dilepaskan,lepas
hakim	339	menghakimi,hakim,penghakiman,dihakimi,hakim-hakim,menghakimimu
ibu	338	ibunya,ibu,ibumu,ibuku,ibu-nya,ibu-ku
jaga	335	penjaga,menjaga,jagalah,jaga,berjaga-jagalah,berjaga-jaga
perak	335	perak,perakmu,peraknya,perak-ku,perak-perak,perakku
tunjuk	335	menunjukkan,petunjuk,tunjukkan,tunjukkanlah,menunjuk,ditunjuk
kenal	334	mengenal,dikenal,kenal,terkenal,mengenalnya,pengenalan
tahan	334	menahan,bertahan,tahan,tahanan,ditahan,pertahanan
murka	333	murka,murka-ku,murka-nya,murka-mu,kemurkaan,kemurkaan-nya
tubuh	332	tubuh,tubuhnya,tubuhmu,bersetubuh,tubuhku,tubuh-nya
jatuh	330	jatuh,menjatuhkan,terjatuh,dijatuhkan,kejatuhanmu,berjatuhan
tua	328	tua-tua,tua,tuanya,tertua,tuamu,tua-tuamu
malaikat	327	malaikat,malaikat-malaikat,malaikat-nya,malaikat-malaikat-nya,malaikatnya,malaikat-ku
kubur	325	kubur,dikuburkan,kuburan,menguburkan,menguburkannya,pekuburan
minta	325	meminta,minta,mintalah,permintaan,diminta,memintamu
akhir	322	akhir,berakhir,terakhir,akhirnya,mengakhiri,diakhiri
kaum	322	kaum,kaum-kaum,kaumnya,kaumku,kaum-kaumnya,kaummu
pandang	320	memandang,pandangan,pandangannya,pandanganmu,dipandang,pandanglah
tanpa	317	tanpa,tanpamu
lima	314	lima,kelima,seperlima,seperlimanya
semesta	312	semesta
nyanyi	312	nyanyian,menyanyikan,penyanyi,bernyanyi,nyanyikanlah,menyanyi
buka	311	membuka,terbuka,bukalah,membukakan,dibuka,dibukakan
kirim	309	mengirim,mengirimkan,kirimkan,dikirim,mengirimnya,kirim
iman	308	iman,imanmu,seiman,beriman,imannya,seimanmu
jiwa	306	jiwaku,jiwa,jiwamu,jiwanya,jiwa-jiwa,jiwa-ku
pilih	303	memilih,pilihan,pilih,dipilih,terpilih,pilihlah
maupun	303	maupun
naik	300	naik,naiklah,menaikkan,menaiki,naikkan,naikkanlah
sementara	300	sementara
nyata	300	menyatakan,dinyatakan,ternyata,nyatakan,penyataan,nyata
alam	299	alam,berpengalaman,dialaminya,kualami,alamlah,mengalaminya
pertama	298	pertama,pertamamu,pertamanya,pertamaku
masa	298	masa,masanya,masa-masa,semasa
bukit	294	bukit,bukit-bukit,perbukitan,bukit-bukitmu,berbukit-bukit,bukitnya
kira	293	kiranya,kira-kira,kira,memperkirakan,perkiraanmu
hasta	292	hasta,sehasta
buang	291	membuang,pembuangan,buangan,dibuang,buanglah,terbuang
kali	289	kali,kalinya,berkali-kali
saja	288	saja,sajalah
suruh	284	menyuruh,suruhlah,pesuruh,menyuruhnya,suruhan,menyuruhmu
hikmat	284	hikmat,berhikmat,hikmatmu,hikmatnya,hikmat-nya,hikmatku
kitab	283	kitab,kitab-kitab,kitab-mu,kitab-ku
masing-masing	282	masing-masing
sembunyi	280	menyembunyikan,tersembunyi,bersembunyi,sembunyikan,menyembunyikannya,disembunyikan
tuju	279	menuju,tujuan,tertuju,menyetujui,setuju,menyetujuinya
ikan	278	berikan,ikan,ikan-ikan
burung	276	burung,burung-burung
kain	275	kain,kainnya,kain-nya,kain-ku,kainmu,kain-kain
fasik	275	fasik,kefasikan,kefasikannya,kefasikanmu
mulai	274	mulai,dimulai,memulai,mulailah
marah	273	marah,kemarahan,kemarahan-ku,kemarahan-nya,kemarahannya,kemarahan-mu
wajah	272	wajah,wajahnya,wajahmu,wajah-mu,wajah-ku,wajahku
balik	272	berbalik,membalikkan,berbaliklah,balik,balikkan,membalikkanmu
kayu	267	kayu,kayu-kayu,kayunya,kayu-kayuan,kayu-kayunya
tiba	267	tiba,tiba-tiba,tibalah,tibanya
ladang	266	ladang,ladangnya,ladang-ladang,ladangmu,ladang-ladangmu,ladangku
begitu	264	begitu,begitulah
mau	264	mau,maukah,kemauanku,kemauan
tuanku	261	tuanku
daging	259	daging,dagingnya,dagingku,kedagingan,dagingmu,daging-daging
hendak	259	hendak,kehendak,hendaklah,kehendak-nya,kehendaki,menghendaki
sisi	257	sisi,sisinya,sisi-sisi,sisi-sisinya,sisimu,sisiku
siap	257	siap,menyiapkan,mempersiapkan,bersiap,bersiaplah,siapkanlah
istana	256	istana,istananya,istana-istana,istanamu,istana-istananya,istanaku
minyak	255	minyak,minyakmu,meminyaki,berminyak,minyaknya,minyakku
ganti	253	ganti,penggantinya,menggantikan,pengganti,mengganti,menggantikannya
baru	251	baru,barulah,diperbarui,memperbarui,perbaruilah,pembaruan
asing	251	asing,mengasingkan,pengasingan,terasing,diasingkan,mengasingkannya
sisa	250	tersisa,sisa,sisa-sisa,sisanya,menyisakan,menyisakannya
malu	248	malu,dipermalukan,memalukan,mempermalukan,malumu,kemaluannya
luar	248	luar,luarnya,terluar
tanda	247	tanda,tanda-tanda,tanda-tanda-ku,tandanya,menandainya,tandaku
pikir	247	pikiran,berpikir,memikirkan,pikiranmu,pikir,pikiranku
terus	247	terus,terus-menerus,seterusnya,meneruskan,teruslah,penerusnya
sejak	246	sejak
jemaat	246	jemaat,jemaat-ku,jemaat-jemaat,jemaatku,jemaat-mu,jemaat-nya
ikat	243	mengikat,ikat,terikat,diikat,ikatan,mengikatnya
erti	243	mengerti,pengertian,berpengertian,pengertianmu,dimengerti,pengertianku
kawan	242	kawanan,kawanan-ku,kawanannya,kawannya,sekawanan,kawan
kuda	242	kuda,kuda-kuda,berkuda,berkudanya,kuda-kudanya,kudanya
ribu	240	ribu,seribu,ribuan
tembok	240	tembok,tembok-tembok,tembok-tembokmu,tembok-temboknya,temboknya,tembokmu
raya	239	raya,perayaan,merayakan,merayakannya,perayaan-perayaan,rayamu
ucap	239	mengucapkan,mengucap,ucapan,ucapkan,diucapkan,diucapkannya
surga	238	surga,surga-nya,surgalah
sumpah	238	bersumpah,sumpah,bersumpahlah,sumpahnya,disumpahkan-nya,menyumpahimu
tuan	238	tuan,tuannya,tuanmu,tuan-tuanmu,bertuan,tuan-tuannya
kaya	237	kaya,kekayaan,kekayaannya,kekayaanmu,memperkaya,diperkaya
diam	237	diam,berdiam,diam-diam,kediaman,terdiam,kediaman-mu
bodoh	237	bodoh,kebodohan,kebodohannya,kebodohanku,kebodohanmu,bodohnya
gelap	233	kegelapan,gelap,menggelapkan,kegelapanku,kegelapannya,gelapnya
cara	232	secara,cara,caramu,cara-cara-mu,caranya,cara-mu
tidur	231	tidur,tidurnya,tertidur,tidurku,tidurmu,ditiduri
tentara	231	tentara,tentaranya,tentaramu,tentara-nya,tentara-tentara,tentara-tentaranya
tebus	231	penebus,menebus,ditebus,penebusan,tebusan,tebus
rumput	230	rumput,rumputnya,merumput,rumput-rumput,rerumputan,rumput-ku
rasa	229	rasa,merasa,merasakan,rasakan,rasanya,dirasakannya
berita	229	memberitakan,berita,diberitakan,beritakan,beritakanlah,pemberitaan
derita	228	menderita,penderitaan,penderitaanku,penderitaannya,penderitaan-penderitaan,penderita
pagi	226	pagi,pagi-pagi,paginya
kalah	225	mengalahkan,dikalahkan,mengalahkannya,kalah,kekalahan,mengalahkanmu
perhati	224	memperhatikan,perhatikanlah,perhatikan,perhatian,memperhatikannya,perhatiannya
sambil	224	sambil
lenyap	224	lenyap,dilenyapkan,melenyapkan,melenyapkannya,kulenyapkan,lenyaplah
kanan	222	kanan,kanannya,kanan-mu,kanan-nya,kananmu,kanan-ku
hormat	222	kehormatan,menghormati,hormat,dihormati,terhormat,hormatilah
hitung	221	menghitung,dihitung,terhitung,diperhitungkan,hitunglah,memperhitungkan
balas	220	membalas,pembalasan,membalaskan,balas,balasan,dibalaskan
benci	220	membenci,dibenci,kebencian,membenciku,membencimu,membencinya
seberang	220	seberang,menyeberang,penyeberangan,menyeberanginya,menyeberanglah,menyeberangkan
tolong	219	tolong,menolong,pertolongan,penolong,menolongmu,tolonglah
zaman	219	zaman,zamannya,zamanmu,zamanku
barang	218	barang-barang,barang,barang-barangnya,barang-barangmu,barang-barang-ku,barangku
bisa	217	bisa,berbisa,bisakah,bisa-bisa
menang	217	menangis,kemenangan,menang,menangislah,memenangkan,kemenangan-mu
timur	215	timur,ketimuran
daerah	215	daerah,daerahmu,daerahnya,daerah-daerah,daerah-daerahnya,daerahku
batas	215	batas,perbatasan,batas-batasnya,batasnya,batas-batas,batasan
henti	214	berhenti,menghentikan,perhentian,berhentilah,henti,menghentikannya
harap	214	pengharapan,berharap,harapan,mengharapkan,harapanku,pengharapanku
umur	213	berumur,umur,seumur,umurmu,umurnya,umurku
belantara	213	belantara,belantaranya
terang	212	terang,terangmu,penerang,penerangan,terang-terangan,terang-nya
sini	211	sini,sinilah
segera	211	segera,segeralah,bersegera,sesegera
lewat	211	melewati,lewat,melewatinya,lewati,melewatkan,dilewati
tabut	211	tabut
matahari	208	matahari,matahari-nya
rendah	207	rendah,merendahkan,direndahkan,kerendahan,merendahkannya,rendahkanlah
telinga	207	telinga,telingamu,telingaku,telinga-mu,telinganya,telinga-nya
kecil	205	kecil,terkecil,berkecil,kecilkah,mengecilkan,kecillah
isi	205	berisi,seisi,isi,isinya,mengisi,isilah
nyawa	205	nyawa,nyawanya,nyawaku,nyawamu,nyawa-nya,nyawa-ku
maju	205	maju,majulah,kemajuan,kemajuanmu
hapus	205	penghapus,menghapus,menghapuskan,dihapuskan,dihapus,hapuskan
tangkap	204	menangkap,tertangkap,menangkapnya,ditangkap,tangkap,tangkaplah
asih	204	mengasihi,mengasihimu,mengasihinya,mengasihi-nya,pengasih,mengasihiku
takhta	204	takhta,takhtanya,takhta-nya,bertakhta,takhtaku,takhtamu
baring	203	berbaring,dibaringkan,terbaring,membaringkan,berbaringlah,membaringkannya
kambing	202	kambing,kambing-kambing,kambingnya,kambingmu
pulang	202	pulang,pulanglah,dipulangkan,memulangkan
pukul	201	memukul,pukulan,memukulnya,memukuli,dipukul,pukullah
langgar	201	pelanggaran,melanggar,pelanggaran-pelanggaran,pelanggarannya,pelanggaranku,pelanggar
arah	200	arah,mengarahkan,arahkanlah,mengarah,arahan,arahnya
mohon	200	memohon,mohon,permohonan,permohonanku,permohonanmu,permohonannya
ahli	200	ahli,ahli-ahli,keahlian,keahliannya,ahli-ahlimu
ternak	199	ternak,ternakmu,ternaknya,ternak-ternak,beternak,ternak-ternaknya
kereta	199	kereta,kereta-kereta,keretanya,kereta-keretanya,keretamu,kereta-kereta-nya
tanggung	198	menanggung,bertanggung,menanggungnya,tanggung,tanggungan,ditanggungkan
tampak	197	tampak,tampaklah,menampakkan,tampaknya,penampakan
mari	196	mari,marilah
lembah	196	lembah,lembah-lembah,lembah-lembahmu,berlembah-lembah
sembuh	196	menyembuhkan,disembuhkan,sembuh,kesembuhan,menyembuhkannya,menyembuhkanmu
miskin	196	miskin,kemiskinan,kemiskinannya,termiskin,kemiskinan-nya,kemiskinanmu
tak	195	takkan,tak
taat	195	menaati,taat,taatilah,ketaatan,taati,menaatinya
angin	193	angin,angin-mu
pelihara	192	memelihara,peliharalah,memeliharanya,dipelihara,memeliharamu,pemeliharaan
taruh	192	menaruh,taruhlah,mempertaruhkan,menaruhnya,ditaruhnya,taruh
enam	190	enam,keenam
paling	190	paling,berpaling,palingkan
kejar	190	mengejar,mengejarnya,kejarlah,mengejarmu,pengejar,mengejarku
tindas	190	menindas,tertindas,penindasan,penindas,ditindas,menindasmu
atur	189	peraturan,mengatur,peraturan-peraturan-ku,peraturan-peraturan,teratur,pengatur
agar	188	agar
kasihan	187	kasihan,kasihanilah,mengasihani,kasihan-mu,kasihani,dikasihani
tambah	186	bertambah,menambahkan,menambah,ditambahkan,bertambah-tambah,tambahan
budak	186	budak,perbudakan,budaknya,budak-budak,diperbudak,budakmu
hina	186	menghina,hina,penghinaan,hinaan,dihina,kehinaan
pegang	186	memegang,berpegang,peganglah,memegangnya,pegang,pemegang
uang	186	uang,uangnya,uangmu,uangku,uang-uang
lapar	185	kelaparan,lapar,kelaparanlah
keledai	185	keledai,keledainya,keledai-keledai,keledaimu,keledai-keledainya,keledai-keledaimu
asal	185	berasal,asal,asalkan,asalnya,asalmu,asal-nya
lindung	185	perlindungan,berlindung,melindungi,perlindunganku,melindungimu,perlindungannya
berat	184	berat,seberat,beratnya,memberatkan,keberatan,diperberat
apabila	184	apabila
timpa	184	menimpa,menimpakan,menimpamu,ditimpakan,menimpanya,ditimpa
senang	183	menyenangkan,senang,kesenangan,bersenang-senang,senangkanlah,menyenangkan-nya
muka	182	muka,permukaan,mukanya,pemuka,permukaannya,mukaku
ratus	182	seratus,ratus,keseratus,seratusan
kebun	182	kebun,kebun-kebun,kebunnya,kebunku,kebunmu
nyala	182	menyala-nyala,menyala,menyalakan,nyala,dinyalakan,nyalanya
tongkat	180	tongkat,tongkat-tongkat,tongkatnya,tongkatmu,tongkatku,tongkat-mu
tiang	179	tiang,tiang-tiang,tiangnya,tiang-tiangnya,tiang-tiang-nya,tiang-tiangmu
gembala	178	gembala,menggembalakan,penggembalaan,gembala-gembala,penggembala,menggembala
serang	178	menyerang,menyerangnya,seranglah,menyerangmu,menyerangku,serangan
limpah	178	berlimpah,melimpah,kelimpahan,berlimpah-limpah,berkelimpahan,limpahan
nubuat	178	bernubuat,bernubuatlah,nubuat,menubuatkan,nubuatan,dinubuatkan
habis	177	habis,menghabisi,menghabiskan,dihabisi,habisnya,menghabisinya
tolak	177	menolak,ditolak,tolak,menolaknya,menolakmu,tertolak
berhala	177	berhala,berhala-berhala,berhala-berhalamu,berhalamu,berhalanya,berhala-berhalanya
gandum	175	gandum,gandummu,gandumnya,gandum-ku
tumbuh	173	tumbuh,bertumbuh,menumbuhkan,tumbuh-tumbuhan,tumbuhan,tumbuhan-tumbuhan
pusaka	173	pusaka,pusakanya,pusaka-mu,pusakamu,pusaka-nya,pusaka-ku
ujung	171	ujung,ujung-ujung,ujungnya,ujung-ujungnya,berujung
curah	170	mencurahkan,curahan,dicurahkan,curahannya,tercurah,mencurahkannya
hujan	169	hujan,menghujani,menghujanimu,menghujankan
kalian	169	kalian
kati	168	memberkati,diberkati,berkatilah,kati
awan	168	awan,awan-awan,berawan,awan-awan-nya,awan-mu,awan-nya
ukur	168	mengukur,ukuran,pengukur,berukuran,ukurannya,diukur
syukur	168	syukur,bersyukur,syukurlah,syukurnya,syukuri,syukurmu
runtuh	167	reruntuhan,runtuh,meruntuhkan,diruntuhkan,keruntuhan,reruntuhan-reruntuhan
sulung	166	sulung,sulungnya,sulungmu,kesulungannya,kesulungan,sulungku
lempar	166	melemparkan,dilemparkan,melemparkannya,melempar,lemparkan,melemparinya
pasti	165	pasti,pastilah,pastikanlah,kepastian,memastikan,pastikan
selesai	164	selesai,menyelesaikan,menyelesaikannya,diselesaikan,selesaikanlah,selesailah
perkara	164	perkara,perkara-perkara,beperkara,perkaraku,perkaramu,perkaranya
ampun	164	mengampuni,diampuni,pengampunan,ampunilah,ampuni,mengampunimu
pasang	163	memasang,sepasang,pasanglah,pasang,memasangnya,dipasang
guna	162	menggunakan,berguna,digunakan,gunanya,gunakan,menggunakannya
suami	161	suaminya,suami,suamimu,suamiku,suami-suami,suami-suaminya
generasi	161	generasi,generasi-generasi,generasinya,generasimu
utara	161	utara,utaranya,mengutarakan,utaramu
bebas	161	membebaskan,bebas,dibebaskan,pembebasan,membebaskannya,bebaskan
meski	160	meskipun,meski
usir	160	mengusir,diusir,mengusirnya,usirlah,mengusirmu,usir
nasihat	160	nasihat,penasihat,menasihati,menasihatkan,nasihatku,menasihatimu
sia	160	sia-sia,kesia-siaan,sia-sialah,menyia-nyiakan,sia-siakan,sia-sianya
suka	159	suka,menyukai,kesukaan,disukai,sesuka,menyukakan
sujud	159	sujud,bersujud,sujudlah,bersujudlah
usaha	159	berusaha,usaha,berusahalah,usahamu,mengusahakan,usahanya
kenan	158	berkenan,perkenanan,perkenanan-mu,diperkenankan,perkenananmu,perkenanan-nya
berkat	156	berkat,memberkatimu,memberkatinya,memberkatiku,berkat-berkat,diberkatinya
sekali	156	sekali,sekalian
potong	156	memotong,sepotong,dipotong,potongan,potongan-potongan,potong
cerita	154	menceritakan,menceritakannya,ceritakanlah,ceritakan,diceritakan,bercerita
ratap	154	ratapan,meratap,merataplah,meratapi,meratapinya,ratapanku
kutuk	153	kutuk,mengutuk,mengutuki,terkutuk,kutuklah,dikutuk
harta	153	harta,hartamu,hartanya,hartaku,harta-nya
kulit	152	kulit,kulitnya,kulitku,berkulit,kulit-mu
hingga	152	hingga,terhingga
alas	152	alasan,alas,alasnya,alas-alas,alas-alasnya,alasan-alasan
patung	152	patung,patung-patung,patungnya,patung-patungnya,patung-patungmu
tipu	151	tipu,menipu,penipu,menipumu,menipuku,penipuan
tepi	151	tepi,tepinya,tepi-tepi,tepiannya
hilang	151	hilang,kehilangan,menghilang,menghilangkan,hilangkan,terhilang
dasar	151	berdasarkan,dasar,dasar-dasar,dasarnya,berdasar,didasarkan
wilayah	149	wilayah,wilayahnya,wilayahmu,wilayah-wilayah
singa	149	singa,singa-singa
selatan	147	selatan,selatanmu,selatannya
teguh	146	teguh,meneguhkan,teguhkanlah,teguhkan,diteguhkan,keteguhan
susah	145	kesusahan,menyusahkan,susah,kesusahanku,bersusah,kesusahannya
waris	145	warisan,mewarisi,waris,pewaris,warisannya,warisan-ku
saji	144	sajian,sajiannya,menyajikan,sajianmu,disajikan,sajian-ku
anugerah	144	anugerah,anugerah-nya,menganugerahkan,dianugerahkan,anugerahmu,dianugerahi
urap	144	mengurapi,diurapi,urapan,mengurapinya,diurapi-nya,urapi
sembelih	142	menyembelih,sembelihan,disembelih,menyembelihnya,penyembelihan,sembelihlah
tawan	140	tawanan,menawan,ditawan,penawanan,tertawan,tawananmu
jubah	140	jubah,jubahnya,jubah-nya,jubahmu,jubahku,jubah-jubah
putus	140	memutuskan,keputusan,putus,terputus,diputuskan,putuskan
kandung	139	mengandung,kandungan,kandunganmu,kandungannya,kandungnya,kandung
tahir	139	tahir,ditahirkan,menahirkan,penahirannya,penahiran,tahirkan
siang	138	siang
sunat	138	bersunat,disunat,sunat,menyunat,menyunatnya,sunatlah
keji	138	kekejian,keji,kekejian-kekejian,kekejianmu,kekejian-kekejianmu,kekejiannya
harga	137	berharga,harga,seharga,harganya,menghargai,berharganya
karunia	137	mengaruniakan,karunia,dikaruniakan,karuniakan,karunia-karunia,dikaruniai
belakang	136	belakang,belakangnya,belakangmu,membelakangi,belakangku,membelakangi-nya
rampas	136	merampas,rampasan,dirampas,merampasi,merampasnya,rampasannya
gembira	136	bergembira,kegembiraan,gembira,bergembiralah,menggembirakan,kegembiraanku
kecuali	135	kecuali,terkecuali,mengecualikan,dikecualikan
bijaksana	134	bijaksana,kebijaksanaan,kebijaksanaanmu,sebijaksana,kebijaksanaan-nya,bijaksananya
samping	133	samping,sampingnya,sampingku,mengesampingkan,samping-nya
sombong	132	sombong,kesombongan,menyombongkan,kesombonganmu,kesombongannya,sombongnya
sesat	131	menyesatkan,tersesat,sesat,disesatkan,menyesatkanmu,kesesatan
lidah	131	lidah,lidahnya,lidahku,lidahmu,lidah-lidah,lidah-lidahnya
gurun	131	gurun,gurunnya,bergurun-gurun
betapa	130	betapa
jual	129	menjual,dijual,menjualnya,juallah,penjual,jual
lemah	129	lemah,kelemahan,melemahkan,kelemahan-kelemahan,kelemahanku,melemah
sejahtera	129	sejahtera,kesejahteraan,kesejahteraanmu,sejahteramu,sejahterakanlah,sejahtera-ku
sentuh	128	menyentuh,menyentuhnya,sentuh,disentuh,menyentuh-nya,menyentuhmu
nanti	128	menantikan,menanti-nantikan,nanti,menanti,nantikanlah,nantikan
lupa	128	melupakan,lupa,dilupakan,lupakan,melupakannya,terlupakan
tanam	127	menanam,tanaman,ditanam,menanami,tanam,menanamnya
kekal	127	kekal,kekekalan
berontak	127	memberontak,pemberontak,pemberontak-pemberontak,memberontaklah
ajaib	126	ajaib,keajaiban-keajaiban,keajaiban-keajaiban-nya,keajaiban,keajaiban-keajaiban-mu,keajaiban-keajaiban-ku
tirai	126	tirai,tirai-tirai,tirai-tiraiku
berangkat	125	berangkat,berangkatlah,diberangkatkan,keberangkatan,keberangkatanku
rupa	124	rupa,merupakan,menyerupai,serupa,keserupaan,rupanya
perkasa	124	perkasa,keperkasaan,keperkasaan-mu,perkasanya,keperkasaan-ku
cinta	124	mencintai,cinta,dicintai,cintai,dicintainya,mencintainya
awas	124	pengawas,mengawasi,pengawasan,mengawasinya,awasilah,mengawasi-nya
penjara	124	penjara,dipenjara,dipenjarakan,memenjarakan,penjaranya,pemenjaraan
alir	123	mengalir,aliran,aliran-aliran,mengalirkan,alirannya,dialiri
kalau	123	kalau,kalau-kalau
muncul	123	muncul,muncullah,bermunculan,munculkanlah,munculkan,memunculkanku
sedia	123	menyediakan,disediakan,persediaan,bersedia,menyediakannya,tersedia
arti	123	berarti,artinya,arti,mengartikan,mengartikannya
pinggang	123	pinggang,pinggangnya,pinggangmu,pinggangku,pinggang-nya
tulang	122	tulang-tulang,tulang,tulang-tulangku,tulang-tulangnya,tulangku,tulangnya
ubah	122	berubah,mengubah,diubah,mengubahnya,perubahan,ubahlah
tugas	122	tugas,bertugas,tugasnya,petugas,ditugaskan,menugaskan
lebar	121	lebarnya,lebar,lebar-lebar,melebarkan,lebarlah,memperlebar
sedikit	121	sedikit
murni	121	murni,memurnikan,dimurnikan,kemurnian,memurnikanku,pemurnian
hibur	120	menghibur,penghiburan,dihibur,terhibur,penghibur,menghiburku
anggap	120	menganggap,dianggap,anggap,menganggapnya,menganggapku,dianggapnya
cela	119	bercela,cela,mencela,celaan,dicela,tercela
kamar	119	kamar,kamar-kamar,kamarnya,kamar-kamarmu,kamarmu
makin	119	semakin,makin
tentu	118	ditentukan,tentu,menentukan,tertentu,tentukan,tentulah
senjata	118	senjata,senjatanya,bersenjata,senjata-senjata,bersenjatakan,senjata-senjatanya
patah	118	mematahkan,patah,dipatahkan,sepatah,patahkan,mematahkannya
mayat	118	mayat,mayat-mayat,mayatnya,mayatmu,mayat-mayatnya
tali	117	tali,tali-tali,tali-talinya,tali-talimu,talinya,taliku
mungkin	117	mungkin,memungkinkan,kemungkinan
mimpi	117	mimpi,bermimpi,mimpi-mimpi,mimpinya,mimpiku,pemimpi
pula	117	pula
selain	117	selain
tindak	117	bertindak,bertindaklah,tindakan,tindakannya,tindakan-tindakan,tindak
juru	117	juru,juru-juru
ruang	117	ruang,ruangan,ruang-ruang,ruangnya,ruangan-ruangan
latar	117	pelataran,pelataran-pelataran,pelataran-ku,pelataran-mu,pelataran-nya,latar
surat	117	surat,surat-surat,suratku,surat-suratku,suratnya
indah	116	indah,keindahan,keindahannya,indahnya,mengindahkan,keindahanmu
teman	116	teman,temannya,teman-temannya,temanmu,teman-teman,temanku
luka	115	terluka,luka,melukai,luka-luka,lukamu,lukaku
awal	115	awal,pengawal,awalnya,pengawalnya,pengawalan,pengawalmu
kepung	115	mengepung,pengepungan,mengepungnya,mengepungmu,dikepung,terkepung
tanduk	115	tanduk,tanduk-tanduk,menanduk,tanduknya,tanduk-tanduknya,tandukmu
rencana	114	rencana,merencanakan,rencanakan,berencana,rencana-rencana,merencanakannya
bayar	114	membayar,bayaran,membayarnya,bayarlah,dibayarkan,dibayar
desa	114	desa-desanya,desa,desa-desa,desanya,pedesaan,berdesakan
cipta	113	menciptakan,diciptakan,ciptaan,penciptaan,menciptakannya,ciptakan
kurang	113	kekurangan,kurang,berkurang,mengurangi,menguranginya,mengurangkannya
rebut	113	merebut,merebutnya,direbut,rebut,rebutlah,direbutnya
kering	112	kering,kekeringan,dikeringkan,dikeringkan-nya,kekeringannya
zina	112	berzina,perzinaan,pezina,zina,perzinaannya,zinanya
besi	111	besi
musnah	111	memusnahkan,dimusnahkan,musnahkan,musnah,memusnahkannya,pemusnahan
kabung	111	berkabung,kabung,perkabungan,kabungnya,perkabunganku,perkabunganmu
halus	111	halus,kehalusan,halus-halus
pesan	111	pesan,berpesan,pesannya,dipesankan,pesankan
undi	111	undian,undi,diundikan,mengundi,undiannya,undilah
tembaga	111	tembaga,tembaganya,tembaga-tembaga
panen	110	panen,memanen,panenmu,panenan,panennya,panenanku
upah	110	upah,upahnya,upahan,upahmu,upahku,mengupah
rasul	110	rasul,rasul-rasul,kerasulan,kerasulanku,rasul-rasul-nya
genap	109	digenapi,genap,menggenapi,genaplah,menggenapinya,penggenapan
tuang	108	tuangan,menuangkan,menuang,menuangkannya,tuanglah,dituangkan
tukang	108	tukang,tukang-tukang,tukangnya,tukang-tukangnya
lubang	107	lubang,lubang-lubang,berlubang,pelubang,lubangnya,berlubang-lubang
panglima	107	panglima,panglima-panglima,panglimanya,panglimamu,panglimaku
tiup	107	meniup,bertiup,ditiup,peniup,meniupkan,tertiup
trompet	107	trompet,trompetnya
selalu	107	selalu
pegawai	106	pegawai,pegawainya,pegawai-pegawainya,pegawai-pegawai,pegawaiku,pegawai-pegawaimu
tabur	105	menabur,ditaburkan,ditabur,penabur,menaburkan,tabur
putri	105	putri,putri-putri,putrinya
bibir	105	bibir,bibirnya,bibirku,bibirmu,bibir-nya,bibir-mu
pisah	104	memisahkan,terpisah,dipisahkan,berpisah,memisahkanmu,pisah
rang	104	menyeberangi,memerangi,menerangi,berperanglah,berkekurangan,diterangi
debu	104	debu,debunya,debu-debu,debu-debumu
sayap	103	sayap,sayap-sayap,sayapnya,bersayap,sayap-sayapnya,sayap-mu
ulur	103	mengulurkan,ulurkan,ulurkanlah,terulur,uluran,mengulur-ulur
tumpah	103	menumpahkan,ditumpahkan,penumpah,pertumpahan,tertumpah,penumpahan
barat	103	barat,baratmu
buta	103	buta,membutakan,kebutaan,dibutakan
linen	103	linen,linennya,linenku,linen-ku
kabar	102	kabar,kabarkanlah,dikabarkan,kabarnya,kabarkan,dikabarkanlah
lahap	102	melahap,dilahap,pelahap,melahapnya,melahapku,melahapmu
janda	102	janda,janda-janda,kejandaannya,janda-jandanya,kejandaanmu,janda-jandamu
rambut	102	rambut,rambutnya,rambutmu,berambut,rambutku,rambut-nya
musim	101	musim,musimnya,musim-musim
situ	101	situ,situlah
benda	101	benda,benda-benda,bendanya,bendamu,bendaku,benda-bendanya
tegur	101	menegur,teguran,tegurlah,menegurmu,ditegur,menegurnya
abdi	101	abdi,mengabdi,mengabdikan,pengabdiannya,pengabdian,abdimu
lemak	100	lemak,lemaknya,berlemak,lemak-lemaknya,lemak-lemak,lemakmu
bahasa	100	bahasa,bahasa-bahasa,bahasanya,berbahasa
sungguh	100	sungguh-sungguh,kesungguhan,bersungguh-sungguh,sungguhkah,kesungguhanmu,kesungguhannya
maksud	99	maksud,bermaksud,maksudkan,maksudku,maksudmu,dimaksudkan
ngeri	99	kengerian,ngeri,kengerian-nya,kengerian-mu,kengerian-ku,kengerian-kengerianku
ibadah	98	beribadah,ibadah,beribadahlah
urban	97	pengurbanan,mengurbankan,pengurbananmu,pengurbanannya,mengurbankannya,pengurbanan-nya
kapal	97	kapal,kapal-kapal,kapalmu,kapalnya
bohong	97	kebohongan,berbohong,pembohong,bohong,membohongi,kebohongan-kebohongan
jenis	96	jenis,jenisnya,sejenisnya
benih	96	benih,benihmu,benih-benih,benihnya
pasuk	96	memasuki
memang	96	memang
saling	96	saling
beban	96	beban,dibebani,membebankan,bebannya,membebani,dibebankan
sanggup	95	sanggup,kesanggupan
sebar	95	menyebar,tersebar,menyebarkan,disebarkan,menyebarkannya,menyebarmu
benteng	95	benteng,berbenteng,benteng-benteng,bentengku,benteng-bentengnya,bentengmu
mula	94	semula,permulaan,mulanya,mula-mula,dimulainya,permulaanmu
lanjut	94	melanjutkan,selanjutnya,lanjut,berlanjut,kelanjutanmu,lanjutannya
jabat	94	pejabat,jabatan,pejabat-pejabat,pejabatnya,jabatannya,menjabat
singkir	94	menyingkirkan,disingkirkan,singkirkan,menyingkir,menyingkirkannya,menyingkirkanmu
uji	94	menguji,uji,diuji,mengujimu,teruji,ujilah
pahlawan	94	pahlawan,kepahlawanannya,pahlawan-pahlawan,pahlawan-pahlawanmu,pahlawannya,pahlawan-ku
baptis	94	dibaptis,membaptis,baptisan,dibaptiskan,baptiskanlah,baptisannya
jarah	93	jarahan,menjarah,dijarah,jarahannya,penjarah-penjarah,jarahanmu
ragi	93	beragi,ragi
salib	93	salib,disalibkan,salibkan,menyalibkan,salibnya,menyalibkan-nya
tarik	92	menarik,ditarik,menariknya,menarikmu,tarik,menarikku
adik	92	adik,adiknya,adikku,adikmu,beradik
sumur	92	sumur,sumur-sumur,sumurmu,sumurnya
sekalipun	92	sekalipun
panah	92	panah,panahmu,panah-nya,panah-mu,panah-panah,panahnya
biasa	92	biasa,kebiasaan,biasanya,terbiasa,kebiasaan-kebiasaan,kebiasaan-nya
baju	92	baju,bajunya,bajumu,baju-baju,berbaju,berbajukan
alat	92	alat,alat-alat,peralatan,peralatan-peralatan,peralatannya,peralatanmu
sunyi	92	sunyi,kesunyian
tunduk	91	tunduk,menundukkan,tunduklah,ditundukkan,menunduk,tertunduk
timbang	91	timbangan,menimbang,ditimbang,pertimbangkanlah,mempertimbangkan,pertimbangan
putih	91	putih,seputih,putihnya
segenap	91	segenap
bentuk	90	membentuk,bentuk,berbentuk,membentuknya,bentuknya,dibentuk
laksana	90	melaksanakan,melaksanakannya,terlaksana,dilaksanakan,laksanakan,pelaksanaan
malapetaka	90	malapetaka,malapetakanya,malapetaka-ku,malapetakaku,malapetakamu
usia	90	berusia,usia,usianya,usiaku
simpan	90	menyimpan,disimpan,simpan,penyimpanan,simpanlah,menyimpannya
gemetar	90	gemetar,gemetaran
walaupun	90	walaupun
bunga	90	bunga,bunga-bunga,berbunga,bunganya,bunga-bunganya,membungakan
berapa	90	berapa,seberapa
meja	90	meja,meja-meja,mejaku,semeja,mejamu,mejanya
paham	89	memahami,memahaminya,pahamilah,pahami,pemahaman,paham
tegak	89	menegakkan,tegak,ditegakkan,menegakkannya,tegakkan
urus	89	mengurus,urusan,urusanmu,berurusan,uruslah,pengurus
bunyi	89	bunyi,berbunyi,bunyinya,membunyikan,dibunyikan,bunyikanlah
dupa	89	dupa,pedupaan,pedupaanmu,pedupaan-pedupaan,pedupaannya
perisai	88	perisai,perisai-perisai,perisaiku,perisaimu,perisainya
bersih	88	bersih,membersihkan,dibersihkan,membersihkanmu,membersihkannya,dibersihkan-nya
untung	88	keuntungan,untungnya,menguntungkan,beruntung,untung,keuntunganmu
sedih	88	kesedihan,sedih,bersedih,menyedihkan,kesedihanku,sedihku
salam	88	salam,salamku,salammu
napas	87	napas,napas-nya,bernapas,napasnya,napasku,napasmu
tuntun	87	menuntun,menuntunku,menuntunmu,menuntunnya,tuntunlah,tuntunan
tenang	87	tenang,menenangkan,ketenangan,tenanglah,menenangkannya
dusta	87	dusta,berdusta,pendusta
pecah	87	memecahkan,perpecahan,pecah,terpecah-pecah,memecah-mecahkannya,dipecahkan
cemar	87	mencemarkan,mencemarkannya,tercemar,cemar,kecemaran,dicemarkan
beli	86	membeli,beli,dibeli,pembelian,pembeli,membelikanmu
perlu	86	perlu,diperlukan,memerlukan,perlukan,keperluan,memerlukannya
riwayat	85	riwayat-riwayat,riwayat
terlalu	85	terlalu,keterlaluan
cepat	85	cepat,cepat-cepat,secepatnya,secepat,cepatnya,mempercepat
teriak	85	berteriak,berteriak-teriak,meneriakkan,teriak,teriakkan
aman	85	aman,keamanan,mengamankan,amankanlah,pengamanan
makhluk	84	makhluk,makhluk-makhluk
dada	84	dada,dadamu,dadanya,dadaku,dada-nya,dada-mu
kenyang	84	kenyang,dikenyangkan,mengenyangkan,kekenyangan,sekenyang-kenyangnya,mengenyangkanmu
baca	84	membaca,membacakan,dibacakan,membacanya,membacakannya,bacakan
injak	84	menginjak-injak,menginjak,diinjak-injak,menginjak-injaknya,menginjakkan,injak
susu	83	susu,menyusui,menyusu,susuilah,menyusuinya,susuku
hak	83	hak,berhak,hak-hak,hak-ku,hakmu,hakku
angkut	83	mengangkut,diangkut,angkut,mengangkutnya,pengangkut
cacat	83	bercacat,cacat,kecacatan
lengkap	83	perlengkapan,perlengkapannya,perlengkapan-perlengkapan,lengkap,diperlengkapi,memperlengkapi
cawan	83	cawan,cawannya,cawan-cawan,secawan,cawan-ku
yakin	83	keyakinan,yakin,meyakinkan,diyakinkan,keyakinanmu,keyakinanku
cukup	82	cukup,cukuplah,secukupnya,mencukupkan,cukupkah,cukupkanlah
kiri	82	kiri,kirinya,kiri-nya,kirimu,kiri-mu,kiri-ku
murah	82	kemurahan,murah,bermurah,kemurahan-mu,kemurahan-nya,kemurahanmu
izin	82	izinkanlah,mengizinkan,izinkan,diizinkan,izin,mengizinkannya
gagah	82	gagah,kegagahan,kegagahanku,gagahmu,gagahnya
perut	81	perut,perutnya,perutmu,perutku
berani	81	berani,keberanian,memberanikan,keberaniannya
campur	81	dicampur,campuran,bercampur,mencampur,campur,tercampur
setan	81	setan,setan-setan,setannya
istirahat	80	beristirahat,istirahat,peristirahatan,beristirahatlah,peristirahatan-ku,mengistirahatkan
kelompok	80	kelompok,kelompoknya,kelompok-kelompok,sekelompok,berkelompok,mengelompokkan
hutan	80	hutan,hutannya,hutan-hutan,berhutan
bintang	79	bintang,bintang-bintang,bintangmu,bintang-nya
hewan	79	hewan,hewan-hewan,hewanmu,hewan-hewannya
ular	79	ular,ular-ular
panas	79	panas,panasnya,memanas,panasmu,memanaskan
tepung	79	tepung
bangga	79	kebanggaan,berbangga,bangga,membanggakan,kebanggaanku,kebanggaanmu
cabang	78	cabang,cabang-cabangnya,cabang-cabang,cabangnya,bercabang,cabang-cabangmu
esok	78	keesokan,esok
dagang	78	pedagang,daganganmu,berdagang,pedagang-pedagang,perdagangan,perdaganganmu
gadis	78	gadis,gadis-gadis,gadisnya,kegadisanku,kegadisannya,gadis-gadisnya
ara	77	ara,aranya,aramu,araku
sekitar	77	sekitar,sekitarnya,sekitarmu,sekitar-nya
bencana	77	bencana,bencana-bencananya
rusak	76	rusak,merusak,merusaknya,dirusak,merusakkan
tuntut	76	menuntut,penuntut,tuntut,dituntut,tuntutan,menuntutnya
unta	76	unta,unta-unta,unta-untanya,unta-untamu,unta-untaku,untanya
pelita	76	pelita,pelita-pelita,pelita-pelitanya,pelitanya,pelitaku,pelita-nya
nazar	76	nazar,bernazar,nazarku,nazarnya,nazarmu,dinazarkan
olah	75	seolah-olah,mengolah,diolah,mengolahnya,olahlah,seolah
baris	75	barisan,baris,barisannya,barisnya,barisan-barisan,barisanmu
roboh	75	merobohkan,roboh,dirobohkan,merobohkannya,robohkanlah,robohkan
palsu	75	palsu,kepalsuan,memalsukan,palsunya
tobat	75	bertobat,pertobatan,bertobatlah,pertobatanmu,petobat,mempertobatkan
umpama	75	perumpamaan,perumpamaan-perumpamaan,diumpamakan,mengumpamakan,perumpamaan-perumpamaan-nya,mengumpamakannya
gerak	74	bergerak,menggerakkan,digerakkan,tergerak,bergeraklah,bergerak-gerak
telanjang	74	telanjang,ketelanjangan,ketelanjanganmu,ketelanjangannya,menelanjangi,bertelanjang
puncak	74	puncak,puncak-puncak,puncaknya,berpuncak-puncak
mahkota	74	mahkota,mahkota-mahkota,memahkotainya,memahkotai,mahkotanya,mahkotamu
agung	74	agung,keagungan,keagungan-mu,keagungan-nya,diagungkan,mengagungkan
coba	74	mencobai,pencobaan,dicobai,mencoba,cobaan,cobaan-cobaan
puasa	74	berpuasa,puasa,puasamu,berpuasalah
betina	73	betina,betinanya,betinamu,betinaku
suci	73	menyucikan,penyucian,kesucian,disucikan,menyucikannya,suci-nya
merah	73	merah,kemerah-merahan,kemerahan,merah-merah,memerah
sundal	73	sundal,persundalan,bersundal,persundalanmu,persundalannya,sundalnya
benam	72	terbenam,terbenamnya,membenamkan
rancang	72	rancangan,merancang,merancangkan,rancangannya,rancangan-rancangan,rancangkan
cahaya	72	cahaya,bercahaya,cahayanya,cahaya-cahaya
tombak	72	tombak,tombaknya,tombak-tombak,tombakmu,tombak-tombakmu,tombak-mu
bentang	71	membentangkan,membentang,terbentang,dibentangkan,membentangkannya
iri	71	iri,pengirikan,pengirikanmu,pengirikankah,pengirikan-nya
harum	70	harum,keharumannya,keharuman,mengharumkan
kakak	70	kakakmu,kakak,kakaknya,kakakku,kakak-kakaknya,kakak-kakak
ejek	70	mengejek,ejekan,pengejek,diejek,mengejekku,mengejek-nya
cemburu	70	cemburu,kecemburuan,kecemburuan-ku,cemburu-nya,kecemburuan-mu,cemburu-ku
bantu	70	membantu,membantunya,bantuan,membantuku,membantumu,pembantu
jujur	70	jujur,kejujuran,kejujurannya
kusta	70	kusta,kustanya,kustaku
aniaya	70	menganiaya,penganiayaan,dianiaya,penganiaya,aniaya,menganiayamu
talenta	70	talenta,setalenta,talentamu
bejana	70	bejana,bejana-bejana,bejanamu,bejana-bejananya
simpang	70	menyimpang,persimpangan,penyimpangan,persimpangan-persimpangan
maut	70	maut,mautlah
gubernur	70	gubernur,gubernur-gubernur,gubernurnya,gubernurmu
lintas	69	melintasi,melintas,melintasinya,terlintas,lintasilah,pelintas
hampir	69	hampir,menghampiri,menghampirinya,menghampiriku,menghampirimu,terhampiri
jelas	69	jelas,menjelaskan,menjelaskannya,jelaskan,jelaslah,dijelaskan
sahabat	69	sahabat,sahabat-sahabatku,sahabat-sahabatnya,bersahabat,persahabatan,sahabatmu
khusus	69	dikhususkan,khusus,mengkhususkan,khususnya,khususmu,mengkhususkannya
papan	69	papan,papan-papan,papan-papannya,papanmu,berpapan
kecapi	68	kecapi,kecapi-kecapimu,kecapimu
mabuk	68	mabuk,pemabuk,memabukkan,kemabukan,mabuknya,mabuklah
cuci	68	mencuci,dicuci,cucilah,mencucinya,pencuciannya,cuci
basuh	68	membasuh,pembasuhan,basuhlah,dibasuh,pembasuhan-ku,membasuhmu
mampu	68	mampu,kemampuan,kemampuannya,memampukan,kemampuanku,kemampuanmu
curi	68	mencuri,pencuri,dicuri,pencurian,curianku,curiannya
undang	68	mengundang,undang-undang,diundang,undangan,mengundangmu,undanglah
gantung	68	digantung,menggantung,tergantung,gantungan,bergantung,menggantungkan
tunggang	68	penunggang,menunggang,menunggangi,penunggangnya,ditunggangi,menungganginya
lipat	67	lipat,berlipat,dilipat,melipat,melipatnya,lipatan-lipatan
lapis	67	melapisinya,melapisi,dilapisi,lapisilah,lapisi,lapisan
rahasia	67	rahasia,rahasia-rahasia,rahasianya,merahasiakan,merahasiakannya,dirahasiakan
sayang	67	menyayangkan,sayang,menyayangi,penyayang,sayangku,kesayangan-ku
madu	67	madu,madunya,maduku
sempurna	67	sempurna,disempurnakan,menyempurnakan,kesempurnaan,menyempurnakannya,sempurnakanlah
sinagoge	67	sinagoge,sinagoge-sinagoge,sinagoge-sinagogemu,sinagogemu
tempur	66	pertempuran,bertempur,tempur
aras	66	aras,arasnya,arasmu
khianat	66	mengkhianati,pengkhianat,berkhianat,pengkhianatan,dikhianati,khianat
remuk	65	meremukkan,diremukkan,remuk,meremukkanku,remukkan,kauremukkan
zaitun	65	zaitun,zaitunmu
jamu	65	perjamuan,jamuan,perjamuan-perjamuan,menjamu,perjamuan-ku
permata	65	permata,permata-permata
kejam	65	kejam,kekejaman,kekejamannya
sandung	65	tersandung,menyandung
cabut	65	mencabut,dicabut,mencabutmu,tercabut,cabutlah,mencabutnya
liar	64	liar,berkeliaran,liarlah
buruk	64	buruk,buruknya,seburuk
lelah	64	lelah,melelahkan,lelahnya,kelelahan,dilelahkan,berlelah-lelah
daya	64	daya,berdaya,memperdaya,memperdayaimu,memperdayanya,teperdaya
nafsu	64	nafsu,bernafsu,nafsunya,nafsumu,nafsuku
guncang	64	berguncang,mengguncangkan,terguncang,diguncangkan,mengguncang-guncangkan,mengguncang
bendahara	64	perbendaharaan,bendahara,perbendaharaannya,perbendaharaan-nya,perbendaharaan-ku,perbendaharaanku
pindah	63	memindahkan,pindah,pindahan,berpindah,memindahkannya,dipindahkan
lutut	63	berlutut,lutut,lututnya,berlututlah,lutut-lutut,lututmu
hias	63	hiasan,perhiasan,perhiasan-perhiasan,perhiasannya,berhiaskan,dihiasi
tadi	63	tadi,tadinya
tuduh	63	tuduhan,menuduh,dituduh,tuduhan-tuduhan,menuduhnya,tuduhkan
busur	62	busur,busurnya,busurku,busur-nya,busur-ku,busurmu
periksa	62	memeriksa,memeriksanya,periksalah,diperiksa,pemeriksa,pemeriksaan
hubung	62	hubungan,berhubungan,sehubungan,menghubungi,hubungan-ku,hubungannya
perahu	62	perahu,perahu-perahu,perahunya
bau	61	bau,baunya,berbau,bau-bauan,bau-bau
menara	61	menara,menara-menara,menara-menaramu,menaranya,menara-menaranya
anda	61	seandainya
sulit	61	kesulitan,sulit,kesulitan-kesulitan,menyulitkan,sulitnya,kesulitanku
pahit	61	pahit,kepahitan,pahitnya,kepahitannya
belalang	61	belalang,belalang-belalang
utang	61	utang,berutang,utangmu,utangnya,mengutangi,pengutang
tuai	61	menuai,penuai,dituai,tuaian,penuaianmu,tuai
bulu	60	bulu,berbulu,bulunya,bulu-bulunya,bulu-bulu
layak	60	layak,layaknya,selayaknya
lengan	60	lengan,lengannya,lengan-lengan,lengan-nya,lengan-mu,lenganku
besok	60	besok
beda	60	berbeda,membedakan,membeda-bedakan,perbedaan,dibedakan,berbeda-beda
tangis	59	tangisan,menangisi,menangisinya,tangis,tangisnya,tangisku
heran	59	heran,terheran-heran,keheranan,heranlah,terheran-heranlah,mengherankan
akar	59	akar,akar-akarnya,berakar,akarnya,akar-akar,akarmu
ratu	59	ratu,ratu-ratu
biji	58	biji,biji-bijian,berbiji,biji-biji
tepat	58	tepat,menepati,menepatinya,tepatnya,tepati,tepatilah
mukjizat	58	mukjizat,mukjizat-mukjizat,mukjizat-mukjizat-nya,mukjizat-mukjizat-ku,mukjizat-ku
pulih	57	memulihkan,dipulihkan,pulih,pemulihan,pulihkanlah,pulihkan
pahat	57	pahatan,pahat,dipahat,memahat,pemahat,pahatannya
ungu	57	ungu
usung	57	pengusung,pengusungnya,diusung,mengusung,pengusung-pengusung,usungan
ukir	57	ukiran,mengukir,diukir,ukirannya,ukirlah,diukirkan
hujat	57	menghujat,hujatan,hujat,dihujat,hujatan-nya,penghujat
akal	57	akal,berakal
duri	56	duri,duri-duri
cantik	56	cantik,kecantikanmu,kecantikan,cantiknya,tercantik,kecantikannya
bukti	56	terbukti,bukti,membuktikan,dibuktikan,buktinya,buktikan
gelang	56	gelang,gelang-gelang,gelang-gelangnya,pergelangan,gelangmu,gelangnya
jari	56	jari,jarinya,jari-jarinya,jari-nya,jarimu,jari-jariku
luput	56	terluput,luput,meluputkan,luputkan,diluputkan,meluputkannya
kemenyan	56	kemenyan,kemenyannya,kemenyan-kemenyan,kemenyan-ku
penjuru	56	penjuru,penjurunya,penjuru-penjuru
daun	55	daun,daun-daunnya,daun-daun,daunnya,berdaun
perunggu	55	perunggu,perunggunya
luas	55	luas,meluaskan,memperluas,meluas,luasnya,diperluas
dahsyat	55	dahsyat,kedahsyatan,dahsyatnya
bayi	55	bayi,bayi-bayi,bayi-bayinya,bayinya
gali	55	menggali,digali,gali,penggalian,menggalinya,galilah
keping	55	berkeping-keping,keping,sekeping,kepingan,keping-keping
percik	55	memercikkan,memercikkannya,percikan,dipercikkan,percikkanlah,terpercik
sabar	55	sabar,kesabaran,bersabar,bersabarlah,kesabaran-nya,kesabaran-mu
serambi	55	serambi,serambi-serambinya,serambi-serambi
sadar	54	menyadari,sadar,menyadarinya,kesadaran,menyadarkan,sadari
daftar	54	daftar,didaftar,terdaftar,didaftarkan,pendaftaran,mendaftarkan
sang	54	sang
padahal	54	padahal
timbun	54	timbunan,menimbun,ditimbun,bertimbun-timbun,menimbunnya,timbunlah
leher	54	leher,lehermu,lehernya,leherku
paksa	54	paksa,memaksa,terpaksa,paksaan,memaksanya,memaksamu
macam	54	macam,semacam,bermacam-macam,semacamnya
gigi	54	gigi,giginya,gigiku,bergigi,gigi-gigi,gigi-nya
roda	54	roda-roda,roda,rodanya,roda-rodanya
prajurit	54	prajurit,prajurit-prajurit,prajuritnya,prajurit-prajuritnya
amat	53	mengamati,amat,mengamatinya,mengamat-amati,amatilah,mengamat-amatinya
hebat	53	hebat,kehebatan,hebatlah,hebatnya
mangsa	53	mangsa,mangsanya,pemangsa,memangsa,dimangsa,memangsanya
keluh	53	mengeluh,keluhan,keluh,keluhanku,berkeluh,keluhkan
meni	53	menikah
celaka	53	celaka,mencelakakan,kecelakaanku,celakaku,mencelakakannya,mencelakakanku
jerat	53	jerat,menjerat,terjerat,jerat-jerat,jerat-ku,jeratnya
selidik	53	menyelidiki,menyelidikinya,selidikilah,diselidiki,terselidiki,kuselidiki
cium	52	mencium,menciumnya,ciuman,cium,ciumlah,berciuman
datar	52	dataran,datar
langkah	52	langkah,langkah-langkahku,langkahnya,langkah-langkah,langkah-langkahnya,langkahku
alami	52	mengalami,alami,alamimu,dialami
rantai	52	rantai,rantai-rantai,dirantai,rantainya,rantai-rantaiku
haus	52	haus,kehausan,hausnya
lacur	52	pelacur,pelacur-pelacur,melacurkan,pelacuran,melacur,pelacuranmu
jijik	52	kejijikan,menjijikkan,jijik,kejijikan-kejijikan,menjijikan
anggota	52	anggota,anggota-anggota,anggota-anggotanya,anggota-anggotamu
sembilan	52	kesembilan,sembilan
saleh	52	saleh,kesalehan,saleh-mu,salehnya,saleh-nya,kesalehan-nya
pilar	52	pilar,pilar-pilar,pilar-pilarnya,pilarnya
kosong	51	kosong,mengosongkan,dikosongkan,kekosongan
semak	51	semak,semak-semak,semak-semaknya
asap	51	asap,berasap,asapnya
abu	51	abu,abunya
nyaring	51	nyaring,menyaring,menyaringkan,nyaringkan
gulung	51	gulungan,digulung,menggulungmu,menggulung,bergulunglah,tergulung
sinar	51	bersinar,sinar,sinarkanlah,menyinarimu,sinarnya,bersinarnya
danau	51	danau
buru	50	memburu,terburu-buru,pemburu,buruan,diburu,memburuku
semangat	50	semangat,bersemangat,semangatnya,semangatku,menyemangati,semangatmu
jelai	50	jelai,jelainya
lurus	50	lurus,meluruskan,diluruskan,luruskanlah
bayang	50	bayang-bayang,bayangan,bayangannya,bayangkan
pajak	50	pajak,pajaknya
taman	49	taman,taman-taman,taman-tamanmu
gentar	49	gentar,kegentaran,menggentarkan
kapan	49	kapan,kapankah
bahagia	49	berbahagialah,kebahagiaan,berbahagia,bahagia
meterai	49	meterai,dimeteraikan,memeteraikan,termeterai,memeteraikannya,meterainya
sorak	49	bersorak,bersoraklah,sorak,bersorak-sorak,menyorakkan,bersorak-soraklah
sarang	49	sarang,bersarang,sarangnya,sarangmu,sarang-sarang,sarangku
sesak	49	kesesakan,kesesakanku,kesesakannya,sesak,kesesakanmu,penyesakku
tewas	49	tewas,menewaskan,ditewaskan
sambut	48	menyambut,menyambutnya,menyambutmu,sambutlah,menyambut-nya,menyambutku
rempah	48	rempah-rempah,merempah-rempahi,merempahi-rempahinya,rempah-rempahnya,rempah-rempahku,rempah
serak	48	menyerakkan,diserakkan,berserak,terserak,serakkan,menyerakkanmu
budi	48	budi,budinya,budiku,budimu,berbudi,budi-nya
tekun	48	ketekunan,bertekun,tekun,bertekunlah,ketekunanku,ketekunanmu
rampok	48	perampok,merampok,dirampok,perampok-perampok,merampok-ku
perkakas	47	perkakas,perkakasnya,perkakas-perkakas
duka	47	berduka,mendukakan,kedukaan,duka,dukaku,mendukakan-nya
cucu	47	cucu,cucumu,cucunya,cucu-cucunya,cucu-cucuku,cucuku
buas	47	buas
mertua	47	mertuanya,mertua,mertuamu
tel	47	menelan,ditelan,menelannya,menelanmu,menelanku,ditelannya
titah	47	titah-titah-mu,titah,dititahkan,bertitah,titahkan,menitahkan
perwira	47	perwira,perwira-perwira,perwiranya,perwira-perwiranya
sepenuh	47	sepenuhnya,sepenuh
mangkuk	47	mangkuk,mangkuk-mangkuk,mangkuk-mangkuknya
patuh	47	mematuhi,patuh,patuhilah,mematuhi-nya,mematuhinya,patuhi
timbul	47	menimbulkan,timbul,ditimbulkan,timbullah,ditimbulkannya,timbulkan
hajar	47	menghajar,menghajarmu,dihajar,menghajar-nya,hajar,kuhajar
kubu	47	berkubu,kubu,kubu-kubu,kubu-kubunya,kubunya,kubu-kubumu
cemooh	47	pencemooh,mencemooh,cemoohan,cemooh,mencemoohmu
provinsi	47	provinsi,provinsi-provinsi
terbang	46	terbang,diterbangkan,menerbangkan,menerbangkannya
merpati	46	merpati,merpatiku,merpati-mu,merpati-merpati
atap	46	atap,atapnya,atap-atap,beratap,peratap,atapmu
delapan	46	delapan
tengkar	46	pertengkaran,bertengkar,mempertengkarkannya
kemari	46	kemari
lembut	46	lembut,kelembutan,kelembutannya
cukur	46	mencukur,cukur,dicukur,bercukur,mencukurnya,cukurlah
rusa	46	rusa,kerusakan,kerusakannya,rusa-rusa
rebah	46	rebah,merebahkan,kerebahanku
nikah	46	menikahi,pernikahan,menikahinya,dinikahkan,pernikahannya,dinikahinya
seksual	46	seksual,seksualnya
korban	46	korban,pengorbanan,mengorbankan
petang	45	petang
udara	45	udara,udaranya
sangkal	45	menyangkal,menyangkalnya,menyangkali,menyangkal-mu,menyangkalinya,disangkal
gua	45	gua,gua-gua
tulus	45	tulus,ketulusan,ketulusanku
pantas	45	pantas,sepantasnya,pantasnya
pesta	45	pesta,berpesta,pestamu,pesta-pesta
wanita	45	wanita,wanita-wanita
kukuh	45	kukuh,mengukuhkan,mengukuhkannya,mengukuhkanmu
yatim	45	yatim,yatimnya
biru	45	biru
dian	45	dian,dianmu
robek	45	merobek,robek,robek-robek,robekan,merobekmu,robeknya
intai	45	mengintai,pengintai,intai,pengintaian,diintai,intailah
liang	45	liang,liangnya
penting	45	penting,kepentinganmu,kepentingan,terpenting,mementingkan,kepentingan-ku
jam	45	jam
takluk	44	menaklukkan,takluk,ditaklukkan,menaklukkannya,penakluk,ditaklukkannya
terbit	44	terbit,terbitnya,menerbitkan
lolos	44	lolos,meloloskan,loloskan
anjing	44	anjing-anjing,anjing,anjingmu,anjing-anjingmu
butuh	44	membutuhkan,kebutuhannya,butuhkan,kebutuhan,kebutuhanku,dibutuhkan
jala	44	jala,jala-jala,penjala,jala-jalanya,jala-ku,jalanya
bela	44	membela,pembelaan,pembelaanku,pembelaannya,membelanya
megah	44	bermegah,memegahkan,kemegahan,kemegahannya,kemegahanmu,megah
jendela	43	jendela,jendela-jendela,jendelanya
bahan	43	bahan,berbahan,bahan-bahan,belahan-belahan
pihak	43	memihak,pihak,berpihak,pihak-ku,pihakmu,pihakku
abai	43	mengabaikan,diabaikan,mengabaikanmu,abaikan,mengabaikannya,terabaikan
peras	43	pemerasan,memeras,pemeras,diperas,memerasnya,diperasnya
lumpuh	43	lumpuh,melumpuhkan
nilai	43	nilainya,nilai,dinilai,menilai,penilaian,penilaiannya
kuil	43	kuil,kuil-kuil,kuilnya
layar	43	berlayar,layar,layarnya,layarmu,pelayaran
catat	42	tercatat,mencatat,dicatat,catatan,catatlah
puas	42	puas,dipuaskan,terpuaskan,kepuasan
embun	42	embun,embunnya,berembun,embun-mu
aib	42	aib,aibmu,aibku,aibnya,keaiban
topang	42	menopang,penopang,ditopang,menopangmu,menopangnya,topanglah
bara	42	bara,membara,perbaraannya,perbaraan-perbaraannya,perbaraan-perbaraan,bara-bara
cerai	42	menceraikan,cerai,tercerai,diceraikan,menceraikannya,bercerai
kejut	42	terkejut,mengejutkan,mengejutkanmu,mengejutkannya,dikejutkan
tunggu	41	menunggu,menunggui,menunggu-nunggu,penunggu,menunggunya,menunggu-nya
bahu	41	bahu,bahunya,bahumu,bahu-nya,bahu-membahu
fajar	41	fajar
rindu	41	merindukan,rindu,rindukan,merindukannya,kerinduan,merindu
sudut	41	sudut,sudutnya,sudut-sudut,sudut-sudutnya
unjuk	41	unjukan,mengunjukkannya,mengunjukkan,diunjukkan,unjukanmu
umum	41	umum,mengumumkan,pengumuman,diumumkan,umumnya
sukarela	41	sukarela,sukarelamu
badai	41	badai,badai-mu
hadiah	40	hadiah,hadiah-hadiah,hadiah-hadiahmu,menghadiahkannya
busuk	40	busuk,membusuk,kebusukan,membusukkan,membusukkanku,busuknya
keranjang	40	keranjang,sekeranjang,keranjang-keranjang
bijak	40	bijak,bijaknya,kebijakan
sengsara	40	kesengsaraan,kesengsaraanku,sengsara,sengsara-sengsaraku
es	40	es
loh	40	loh,loh-loh
palang	40	palang-palang,palang,palang-palangnya,berpalang,dipalangi
embara	39	mengembara,pengembara,pengembaraanku,pengembaraan,pengembaraannya
sekutu	39	bersekutu,persekutuan,sekutumu,sekutunya,sekutu
desak	39	mendesak,mendesaknya,terdesak,didesak,mendesakmu,mendesakku
paha	39	paha,pahanya,pahaku,pahamu,paha-nya
pemuda	39	pemuda,pemuda-pemuda,pemuda-pemudamu,pemuda-pemudaku,pemuda-pemudanya,pemudanya
jamin	39	jaminan,terjamin,penjamin,menjamin,jaminannya,menjaminnya
layu	39	layu
halaman	39	halaman,halamannya,halaman-halamannya
manis	39	manis,manisnya,manisanku
hangus	39	menghanguskan,hangus,menghanguskanmu,dihanguskan,menghanguskannya
kait	39	kaitan,berkaitan,kaitan-kaitan,kait,pengait,pengait-pengait
sampar	39	sampar
main	38	memainkan,mempermainkan,bermain,bermain-main,pemain,mempermainkannya
pinggir	38	pinggir,pinggiran,pinggirannya,pinggir-pinggir
tertawa	38	tertawa,menertawakan,tertawaan,ditertawakan,menertawakannya,menertawakan-nya
gundik	38	gundik,gundiknya,gundikku,gundik-gundik,gundik-gundikmu,gundik-gundiknya
kuk	38	kuk,kuknya,kuk-kuk
sebelas	38	kesebelas,sebelas
jumpa	38	menjumpai,menjumpainya,berjumpa,jumpai,menjumpaiku,dijumpai
batang	38	sebatang,batang,batang-batang,batangnya,batang-batangnya
delap	38	kedelapan
tebang	38	menebang,ditebang,menebangnya,tebang,penebang
sukaria	38	bersukaria,bersukarialah
banding	38	dibandingkan,banding,dibanding,sebanding,membandingkan,membandingkannya
siksa	38	menyiksa,siksaan,disiksa,menyiksamu,menyiksaku,siksa
malang	38	kemalangan,malang,kemalanganmu,memalanginya,kemalanganku
selisih	37	perselisihan,berselisih,perselisihanmu
tangga	37	tangga,tangganya,tangga-tangga,tanggaku
tunas	37	bertunas,tunas,tunas-tunasnya,tunas-tunas,tunasnya
tandus	37	tandus
mandi	37	mandi,mandilah,memandikanmu,memandikannya
fitnah	37	fitnah,pemfitnah,memfitnah,difitnah,memfitnahmu
tukar	37	menukar,bertukar,ditukar,menukarkan,penukar,menukarnya
yakni	37	yakni
dik	37	didikan,didikanku
khawatir	37	khawatir,mengkhawatirkan,kekhawatiran,khawatirkan,kekhawatiranku,kekhawatiranmu
kerumun	36	kerumunan,berkerumun,dikerumuni,mengerumuninya,mengerumuni,mengerumuni-nya
mundur	36	mundur
peristiwa	36	peristiwa,peristiwa-peristiwa,peristiwanya
kantong	36	kantong,kantong-kantong,sekantong,kantongnya
gabung	36	bergabung,menggabungkan,bergabunglah,menggabungkannya
kilat	36	kilat,berkilat-kilat,berkilat,kilatan,kilat-kilat,kilat-nya
rugi	36	rugi,merugikan,kerugian,dirugikan,dirugikannya,ruginya
lantai	36	lantai,lantainya
kirmizi	36	kirmizi
singkap	36	menyingkapkan,disingkapkan,tersingkap,menyingkap,singkapkan,penyingkapan
takjub	36	takjub,menakjubkan
capai	35	mencapai,tercapai,pencapaiannya,dicapai
sore	35	sore
dingin	35	dingin,dingin-nya,kedinginan
subur	35	subur
ranting	35	ranting,ranting-ranting,ranting-rantingnya,rantingnya
sekongkol	35	bersekongkol,persekongkolan,persekongkolannya
pikul	35	memikul,pikulan,pikul,pikulkan,pemikul,memikulnya
rentang	35	merentangkan,kurentangkan,merentang,direntangkan,merentangkannya
sering	35	sering,seringnya,sesering
sambung	35	menyambung,disambung,penyambung-penyambungnya,tersambung,penyambungnya,sambungannya
tudung	35	tudung,menudungi,penudung,bertudung,menudungimu,tudungnya
kotor	35	kotoran,kotorannya,kotor,mengotorinya,mengotori
lelaki	35	lelaki,lelakinya,lelakiku,lelakimu
periuk	35	periuk,periuk-periuk,periuk-periukmu,periuknya
adang	35	mengadang,pengadang-pengadang,mengadangku,mengadangnya,pengadangnya,pengadang
pengantin	35	pengantin,pengantin-pengantinmu,pengantin-pengantin
embus	34	mengembuskan,embusan,berembus,seembusan,berembuslah,mengembuskannya
halau	34	menghalau,dihalau,penghalau,halau,menghalaunya,menghalaumu
bah	34	bah,belahlah
langsung	34	langsung,berlangsung,melangsungkan
niat	34	berniat,niat,niatmu,niat-mu,niat-nya
menantu	34	menantu,menantunya,menantumu,menantuku
leluhur	34	leluhur,leluhurnya,leluhurku,leluhurmu
pondok	34	pondok,pondok-pondok,pondok-nya,pondok-pondok-nya,pondoknya,pondok-mu
dukacita	34	dukacita,berdukacita,dukacitaku,dukacitamu
bajak	34	membajak,bajak,pembajak,bajaknya,dibajak,pembajaknya
dinding	34	dinding,dinding-dinding,dinding-dindingnya
tenun	34	tenun,tenunan,penenun,ditenun,menenun
delima	34	delima,delimaku,delimanya
juang	34	berjuang,pejuang,memperjuangkan,perjuangan,berjuanglah,perjuangkan
sehat	34	sehat,sehati,kesehatan,menyehatkan,disehatkan,kesehatanmu
melarat	34	melarat,kemelaratan,melaratnya
huni	34	dihuni,penghuni,hunian,menghuni
rohani	34	rohani,rohanimu,rohaninya
bahtera	33	bahtera,bahteranya
tumpang	33	menumpangkan,tumpangan,menumpang,penumpangan,tumpangi,menumpangkannya
susul	33	menyusul,menyusulnya,tersusul,disusul,susulan
sebentar	33	sebentar
kawin	33	kawin,perkawinan,dikawinkan,dikawini
gugur	33	gugur,menggugurkan,keguguran,berguguran,gugurnya,gugurkanlah
tumpu	33	tumpukan,tumpuan,tumpukan-tumpukan,bertumpu
sepakat	33	sepakat,kesepakatan,persepakatan,bersepakat,sepakati
liat	33	liat
malas	33	pemalas,malas,bermalas-malasan,kemalasan
telapak	33	telapak,setelapak
cemas	33	cemas,kecemasan,mencemaskan,mencemaskanmu,kucemaskan,mencemaskannya
tahbis	33	penahbisan,menahbiskan,ditahbiskan,penahbisanmu,menahbiskannya,penahbisannya
rajin	33	pengrajin,rajin,perajin,kerajinan,pengrajinnya,kerajinanmu
dewa	33	dewa,dewa-dewa,dewamu,dewanya
goyah	33	goyah,digoyahkan,tergoyahkan,menggoyahkan,menggoyahkanku,menggoyahkannya
munafik	33	munafik,kemunafikan
rasuk	33	kerasukan,dirasuki,dirasuk,merasukinya,dirasukinya
hijau	32	hijau,kehijauan,menghijau
petik	32	memetik,petik,pemetik,memetiknya,terpetik,dipetik
ering	32	mengering,mengeringkan,ering,mengeringkannya
garam	32	garam,garamilah,digarami
rahim	32	rahim,rahimnya,rahimmu,rahimku
jerami	32	jerami
halang	32	menghalangi,terhalang,menghalangi-nya,dihalangi,menghalangimu,menghalang-halangi
oyak	32	mengoyakkan,mengoyakkannya,mengoyak-ngoyak,mengoyak
selubung	32	menyelubungi,selubung,berselubung,berselubungkan,diselubungi,menyelubunginya
pandai	32	pandai,kepandaian,sepandai
hidang	32	hidangan,menghidangkan,menghidangkannya,hidangkanlah,dihidangkan,dihidangkannya
oles	32	mengoleskannya,mengoleskan,diolesi,oleslah,dioleskan,mengolesinya
pinjam	32	pinjaman,meminjamkan,meminjam,peminjam,pinjam,dipinjamkan
perangkap	32	perangkap,perangkap-perangkap
upa	32	berupa
larang	32	melarang,dilarang,larangan,larang,melarangnya,terlarang
padam	32	padam,dipadamkan,terpadamkan,dipadamkan-nya
batal	32	membatalkan,membatalkannya,dibatalkan,batal,batalkanlah
makna	32	maknanya,makna,bermakna
belenggu	32	dibelenggu,belenggu,membelenggunya,membelenggu,terbelenggu,belenggu-belenggu
darat	31	darat,daratan,mendarat
hawa	31	hawa
panggang	31	dipanggang,memanggang,pemanggang,pangganglah,panggang,panggangan
pasir	31	pasir
lekat	31	melekat,lekat,dilekatkan,berlekatan
sempat	31	kesempatan,sempat
sangga	31	penyangga,penyangga-penyangga,menyangga,disangga
tulah	31	tulah,tulah-mu
sesal	30	menyesal,menyesalinya
tani	30	petani,petani-petani,menemani,ditemani
bungkuk	30	membungkuk,membungkukkan,bungkuk,terbungkuk-bungkuk,dibungkukkan
segar	30	segar,menyegarkan,segarkanlah,disegarkan,kesegaran,menyegarkanku
dorong	30	mendorong,dorongan,didorong,mendorongnya,mendorongku,mendorongmu
warna	30	berwarna,warna,warnanya,diwarnai
wajib	30	kewajiban,wajib,kewajibanmu,kewajibannya,mewajibkan,diwajibkan
tugu	30	tugu,tugu-tugu
cabik	30	mencabik-cabik,dicabik-cabik,tercabik-cabik,mencabik,mencabiknya,mencabik-cabiknya
celup	30	mencelupkan,dicelup,mencelupkannya,dicelupkan,celupkan,celupkanlah
kolam	30	kolam,kolam-kolam,kolam-kolamnya
dahi	30	dahi,dahinya,dahimu
bangkai	30	bangkai,bangkainya,bangkai-bangkai
lompat	30	melompat,melompat-lompat,pelompat,melompati,berlompatan,melompatlah
ialah	30	ialah
renung	30	merenungkan,perenungan,merenungkannya,renungan,merenung,renunganku
sandar	30	bersandar,sandaran,sandaran-sandaran,sandaranku,sandarannya,sandar
gemuruh	30	gemuruh,bergemuruh,gemuruh-mu
maling	29	memalingkan
bungsu	29	bungsu,bungsunya,bungsumu
tempuh	29	tempuh,menempuh,kutempuh,ditempuh,menempuhnya
kerah	29	mengerahkan,dikerahkan,kerah
curang	29	curang,kecurangan
ajak	29	mengajak,mengajaknya,ajaklah,ajak,mengajakmu,mengajakku
perawan	29	perawan,keperawanannya,keperawanan
gemuk	29	gemuk,menggemukkan,gemukan,digemukkan,kegemukan,kegemukanmu
tanggal	29	menanggalkan,tanggal,menanggalkannya,ditanggalkan,tanggalkan
sihir	29	sihir,sihirmu,penyihir,sihirnya
guntur	29	guntur,mengguntur,guntur-mu
tari	29	menari-nari,menari,tarian,tari-tarian,tarian-tarian
kue	29	kue,kue-kue
angkuh	29	angkuh,keangkuhan,keangkuhannya,keangkuhanmu
merdeka	29	merdeka,kemerdekaan,memerdekakan,kemerdekaanmu
akasia	29	akasia
tengkuk	29	tengkuk,tengkuknya,tengkukmu,tengkukku
tusuk	29	menusuk,tertusuk,menusukkan,penusuk,ditusukkan,tertusuk-tusuk
seret	29	menyeret,diseret,menyeretnya,menyeretmu,seretlah,terseret
fondasi	29	fondasi,fondasinya,fondasimu,fondasi-fondasinya,fondasi-fondasi
muas	29	memuaskan,memuaskanmu
pulau	29	pulau,pulau-pulau,kepulauan
altar	29	altar,altar-altar,altarnya
nurani	29	nurani,nuraninya,nuranimu,nuraniku
hidung	28	hidungnya,hidungmu,hidung,hidung-mu,hidung-nya,hidungku
lambat	28	lambat,berlambat-lambat,terlambat,keterlambatan
gerombol	28	gerombolan,segerombolan
serigala	28	serigala,serigala-serigala
justru	28	justru
ambang	28	ambang,ambang-ambang,ambang-ambangnya
tenggelam	28	tenggelam,menenggelamkan,ditenggelamkan
tenteram	28	tenteram,ketenteraman
babi	28	babi,babi-babi,babi-babinya
hitam	28	hitam,menghitam
bahaya	28	bahaya,berbahaya,membahayakan,dibahayakan
belok	28	berbelok,membelokkan,membelok,berbeloklah
bujuk	28	membujuk,membujukmu,membujuknya,terbujuk,membujuk-nya,bujukan
irik	28	mengirik,pengirik,mengiriknya,diirik,iriklah
bengkok	28	bengkok,membengkokkan,membengkokkanku,bengkokkan,dibengkokkan-nya
utama	28	utama,terutama
jejak	28	jejak,jejak-jejak-mu,jejak-jejak,menjejakkan,dijejakkan,jejak-mu
tebar	28	menebarkan,tebarkanlah,ditebarkan,menebarkannya,menebar,tebarkan
jerit	27	menjerit,jeritan,jerit,jeritannya
hela	27	sehelai,helaan,menghela,sehela
iring	27	diiringi,pengiring,mengiringi,iringan,seiring,iring-iringan
toleh	27	menoleh
nali	27	mengenali,dikenali
lapor	27	laporan,melaporkan,dilaporkan,laporannya,melaporkannya,laporkan
bisu	27	bisu,membisu
waspada	27	waspadalah,waspada,kewaspadaan
hadir	27	hadir,kehadiran,menghadiri,kehadiran-mu,kehadiran-nya,menghadirkanmu
suap	27	suap,disuap
gambar	27	gambaran,gambar,menggambari,menggambar,gambarkanlah,gambaran-gambaran
minggu	27	minggu,minggu-minggu,seminggu
sepi	27	sepi
tikam	27	menikam,tikaman,tikam,ditikam,tikamlah,ditikamnya
makmur	27	kemakmuran,makmur,kemakmuranmu,kemakmurannya,kemakmuranku
andal	27	mengandalkan,andalkan,diandalkan,andal,andalan
panjat	27	memanjat,panjatkan,dipanjatkan,memanjatkan,memanjatnya,panjatkanlah
ribut	27	ribut,keributan,ributnya
bantai	27	pembantaian,dibantai,membantai,bantaian,pembantaianmu,pembantai
geram	27	geram,menggeram,kegeraman,kegeraman-mu,kegeramannya,kegeraman-ku
musik	27	musik,musiknya
naga	27	naga,naga-naga
debat	27	berdebat,perdebatan,memperdebatkan,perdebatkan,debat,perdebatan-perdebatan
surgawi	27	surgawi,surgawimu,surgawi-nya
samudra	26	samudra
rayap	26	merayap
tempa	26	tempaan,ditempa,menempa,menempanya
kala	26	kala
landa	26	melanda,melandanya,melandaku,dilanda
keri	26	mengerikan,mengerikannya
selagi	26	selagi
mahal	26	mahal,mahal-mahal
malah	26	malah,malahan
ramal	26	ramalan,meramal,ramalan-ramalan,meramalkan,ramal,ramalan-ramalannya
merana	26	merana
punggung	26	punggung,punggungnya,punggung-ku,punggungku,punggungmu,punggung-mu
patok	26	patok,patokan,patok-patok,patok-patoknya,patoknya
bila	26	bila
sandungan	26	sandungan
bala	26	bala
serbu	26	menyerbu,penyerbuan,menyerbunya,menyerbuku
gagal	26	gagal,menggagalkan,kegagalan,gagalkanlah
ilahi	26	ilahi,keilahian-nya,keilahian
parah	26	parah,memarahi,parahnya
jaring	26	jaring,jaring-jaring,jaring-ku,jaringnya
abadi	26	abadi
haram	25	haram
sandal	25	sandal,sandal-nya,sandalnya,sandalmu,sandal-ku,sandal-sandalmu
pantai	25	pantai,pantainya,berpantai
guling	25	menggulingkan,terguling,digulingkan,menggulingkanmu,berguling-guling,terguling-guling
tunda	25	menunda,menunda-nunda,ditunda-tunda,penundaan,ditunda,tertunda
terobos	25	menerobos,diterobos,menerobosnya,terobosan,penerobos
tebal	25	tebal,tebalnya,ketebalan,menebal,menebalkan
senantiasa	25	senantiasa
ronta	25	pemberontakan,pemberontakanmu,meronta
tumpas	25	ditumpas,ditumpasnya,menumpas,menumpasnya,tumpaslah,penumpasan
tempayan	25	tempayan,tempayan-tempayan
ira	25	mengira
gambus	25	gambus
layang	24	melayangkan,melayang-layang,layang-layang,melayang
kembang	24	berkembang,mengembangkan,mengembang,terkembang
mandul	24	mandul,dimandulkan,memandulkan,kemandulan
tekan	24	tertekan,menekan,tekanan,ditekan,menekannya,tekananku
karung	24	karungnya,karung,karung-karung,karungku,karung-karungnya,karung-karungmu
salju	24	salju,bersalju
semayam	24	bersemayam,bersemayam-mu
hindar	24	menghindari,terhindar,hindari,menghindar,menghindarkan,menghindariku
amal	24	peramal,peramal-peramal,peramalmu,peramal-peramalmu
nikmat	24	menikmati,menikmatinya,nikmatilah,nikmat,kenikmatan,dinikmati
luap	24	meluap,meluap-luap,meluaplah,meluapkan,luapan
kacau	24	kekacauan,kacau,kacaukan
taurat	24	taurat-mu
lembu	24	lembu,lembu-lembu,lembunya
tatap	24	menatap,menatapnya,bertatap,tatap,tatapan-mu,tatapanmu
ban	24	berbantah,membantah,pembantah,dibantah
segel	24	segel,disegel,menyegel,segellah,segel-segelnya,segelnya
serakah	24	keserakahan,serakah,keserakahanmu
masyhur	23	kemasyhuran,termasyhur,masyhur,kemasyhurannya,kemasyhuran-ku,kemasyhuranmu
ria	23	teriakan,teriakanku,beria-ria,ria
kabul	23	mengabulkan,mengabulkannya,dikabulkan,kabulkan
unjung	23	mengunjungi,mengunjungimu,mengunjunginya,mengunjungiku
manah	23	pemanah,memanah,memanahkan,memanahnya,pemanah-nya
sanak	23	sanak
entah	23	entah
tetangga	23	tetangga,tetangganya,tetanggamu,tetangga-tetangganya,tetanggaku
tajam	23	tajam
leleh	23	meleleh,lelehan,leleh
panji	23	panji-panji,panji,panji-panjinya,panji-panjiku,panjinya,panji-panji-ku
daki	23	pendakian,mendaki
kuku	23	berkuku,kukunya,kuku,kukumu
lereng	23	lereng,lereng-lereng,lereng-lerengnya
aum	23	mengaum,auman,mengaum-aum,aumannya
bingung	23	bingung,kebingungan,membingungkan,membingungkanku
duniawi	23	duniawi,duniawimu
gelombang	23	gelombang,gelombang-gelombang,bergelombang,gelombang-mu,gelombangnya,gelombang-gelombangnya
payah	22	payah,payahmu,payahku,payahnya
jerih	22	jerih,berjerih
bel	22	membelinya,dibelinya,membelimu,pembelinya
singgah	22	singgah,singgahlah,disinggahi,singgahi,persinggahan
kendi	22	kendi,kendi-kendi,kendimu,kendinya
susun	22	menyusun,disusun,menyusunnya,susunannya,tersusun,susun
sumber	22	sumber,sumber-sumber
sangka	22	menyangka,disangka,sangka,sangka-sangka,disangka-sangka
bulir	22	bulir,bulir-bulir,berbulir,bulirnya
bekal	22	bekal,perbekalan,dibekali,perbekalannya
runding	22	berunding,perundingan,merundingkan
bungkus	22	dibungkus,membungkus,pembungkus,membungkusnya,membungkus-nya,terbungkus
lagu	22	lagu,lagu-lagu,laguku
ringan	22	ringan,ringankanlah,meringankan,keringanan
tiada	22	tiada,meniadakan,ditiadakan,ketiadaan,meniadakannya
kandang	22	kandang,kandang-kandang,kandangnya,kandang-kandangmu
lempari	22	melempari,dilempari,lemparilah
sapu	22	menyapu,disapu,menyapunya,sapu,tersapu
sida	22	sida-sida,sida-sidanya
nafiri	22	nafiri,nafiri-nafiri
penatua	22	penatua,penatua-penatua
tabah	22	ketabahan,tabah,ketabahanmu,tabahkan,tabahlah
bagus	21	bagus
ami	21	didiami,mendiami,diami
asin	21	asin,diasinkan,keasinannya,asinnya
timba	21	menimba,timba,menimbanya,menimbakan,timbanya,penimbaan
masak	21	masak,memasak,dimasak,masaklah
reda	21	reda,mereda,meredakannya,meredakan
cincin	21	cincin,cincin-cincin
dahan	21	dahan-dahan,dahan-dahannya,dahan,dahannya,berdahan
piala	21	piala,pialaku,piala-pialanya,piala-piala
gelisah	21	gelisah,menggelisahkan,kegelisahanlah,kegelisahan,menggelisahkanmu,gelisahlah
muat	21	muatan,memuat,memuati,muatannya,dimuati,muatnya
adon	21	adonan,adonanmu,adonannya
rajam	21	merajam,dirajam,merajamnya,merajami,merajamku,rajamlah
genggam	21	segenggam,menggenggam,genggaman,genggaman-nya,genggam,genggamanmu
putar	21	berputar,berputar-putar,memutar,putar,seputar
kuali	21	kuali,kuali-kuali
kelopak	21	kelopak,kelopak-kelopaknya
sulam	21	sulaman,bersulam,menyulam,disulam,penyulam,sulamannya
pintal	21	dipintal,pintal
karya	21	karya,karyamu,karya-nya,karya-mu,karya-karyamu
serban	21	serban,serbanmu
elang	21	elang
rombong	21	rombongan,rombongannya
lapang	21	lapang,lapangan,lapangnya,lapangan-lapangan,melapangkan,kelapangan
salin	21	salinan,bersalin,disalin
kapak	21	kapak,kapaknya,kapak-kapaknya
gila	21	gila,kegilaannya,kegilaan,tergila-gila
dara	21	dara
cambuk	21	cambuk,mencambuk,cambukan,mencambuki,mencambukmu,dicambuki
negara	21	negara
aju	21	mengajukan,ajukan,ajukanlah
batin	21	batinku,batin,batinmu,batinnya
pesisir	20	pesisir-pesisir,pesisir,pesisirnya
silsilah	20	silsilah,silsilah-silsilah,bersilsilah
terampil	20	terampil,keterampilan
rebus	20	merebus,direbus,rebuslah,rebusan,merebusnya,rebus
pangku	20	pangkuan,pangkuannya,pangkuanmu,pangkuanku
jarak	20	jarak,jaraknya
karang	20	karang,karangan-karangan,karangan,dikarang
mantra	20	mantra,mantra-mantra,dimantrakan,mantramu,dimantrai
campak	20	dicampakkan,mencampakkan,dicampakkan-nya,campakkan,mencampakkanmu,tercampak
piring	20	piring,piring-piringnya,piringmu
wangi	20	wangi,wangi-wangian,wangimu
giling	20	menggiling,penggilingan,menggilingnya,gilingan,penggiling,digiling
pudar	20	memudar,pudar,sepudar-pudarnya
hadirat	20	hadirat,hadirat-nya,hadirat-mu,hadirat-ku
mungut	20	memungut,pemungut,memungutnya,pemungutan
warga	20	warga,warga-warga,kewargaan
muak	20	muak,memuakkan
gundul	20	gundul,menggundul,menggunduli,digunduli,gundulilah
sengaja	20	sengaja,disengaja
hasut	20	menghasut,hasutan,menghasutnya,menghasutmu,menghasut-ku
tawar	20	tawar,menawarkan,menawarkannya,tawarkan,ditawarkan
hangat	20	hangat,menghangatkan,dihangatkan,kehangatan
mazmur	20	bermazmur,bermazmurlah,pemazmur,mazmurku
getar	20	bergetar,menggetarkan,bergetarlah
landas	20	landasan,dilandaskan-nya
gegas	20	bergegas,bergegaslah
gempa	20	gempa
jebak	20	jebakan,terjebak,menjebak,dijebak
cabul	20	percabulan,cabul,dicabuli
seruling	19	seruling,serulingku
bapak	19	bapak,bapak-bapak
wabah	19	wabah
mudah	19	mudah,kemudahan
tampil	19	tampil,penampilannya,penampilanmu,penampilan
gunting	19	guntingan,menggunting,penggunting,pengguntingan,digunting,mengguntingi
tafsir	19	menafsirkannya,tafsirannya,menafsirkan,penafsiran,tafsiran,ditafsirkan
alih	19	beralih,alih,dialihkan,alih-alih,mengalihkannya
jemput	19	menjemput,jemputlah,menjemputnya
kendali	19	mengendalikan,pengendalian,terkendali,kendali,dikendalikan
erang	19	mengerang,mengeranglah,erangan,eranganku
mempelai	19	mempelai
ganggu	19	ganggu,mengganggu,terganggu,menggangguku,mengganggumu,mengganggunya
kurma	19	kurma
wakil	19	wakil,mewakili,wakilnya,perwakilan
rajawali	19	rajawali
ginjal	19	ginjal,ginjalku,ginjalnya
rela	19	rela,kerelaan,merelakan,kerelaanmu,relakanlah
ludah	19	meludahi,diludahi,meludah,meludahi-nya,ludahnya,ludahku
madam	19	memadamkan,pemadam-pemadam,memadamkannya,pemadam
betul	19	kebetulan,betul,betul-betul,membetulkan
upeti	19	upeti
tetes	19	meneteskan,tetesan,tetes-tetes,tetesan-tetesan,diteteskan,berteteskan
naung	19	naungan,naungannya,naunganmu,menaungimu,naunganku,bernaung
gempar	19	kegemparan,gempar,digemparkan
palai	19	mengepalai
kilau	19	berkilauan,berkilau,kilauan,berkilau-kilau,kilau,berkilau-kilauan
balok	19	balok,balok-balok,balok-baloknya
bakung	19	bakung
jasmani	19	jasmani,jasmaniku
belukar	18	belukar
acau	18	mengacaukan,pengacau,mengacau
liput	18	meliputi,meliputimu,diliputi,meliputinya,meliputiku
pisau	18	pisau
anting	18	anting-anting,beranting-anting
sewa	18	menyewa,menyewakan,disewa,menyewakannya,menyewamu,sewanya
berkas	18	berkas,berkas-berkas,berkasku,berkasmu,seberkas,berkas-berkasnya
mur	18	mur
bilah	18	belilah,sebilah
jajah	18	menjelajahi,jajahannya,dijelajahi,jajahan
gesa	18	tergesa-gesa,ketergesaanku
gelora	18	bergelora,gelora,gelora-gelora,geloranya
undur	18	undur,mengundurkan
kagum	18	mengagumkan,kagum,kekaguman,dikagumi
celah	18	celah-celah,celah,celah-celahmu
lingkup	18	melingkupi,melingkupinya,melingkupimu,melingkupiku
kijang	18	kijang,kijang-kijang
arwah	18	arwah,arwah-arwah
bakti	18	berbakti,bakti,berbaktilah,baktiku
gaul	18	bergaul,bergaullah
rintih	18	merintih,rintihan,rintihanku
geletak	18	tergeletak
ayam	18	ayam
peduli	18	memedulikan,peduli,pedulikanlah,pedulikah,memedulikannya
kelam	18	kelam,kekelaman,kelamnya
lebat	18	lebat
jamah	18	menjamah,menjamahnya,menjamahkan,menjamah-ku,jamah
naif	18	naif,kenaifanmu
banjir	17	banjir,membanjiri,dibanjiri
latih	17	terlatih,melatih,dilatih,berlatih,latihlah
peluk	17	memeluk,memeluknya,pelukanmu,memelukku
antar	17	mengantar,mengantarnya,mengantarkan,mengantarmu,mengantarkannya,antar
asuh	17	pengasuhnya,pengasuh,pengasuhmu,mengasuh,asuhannya,asuh
dewasa	17	dewasa,kedewasaan
jelang	17	menjelang
hunus	17	menghunus,terhunus,dihunusnya,menghunuskan,dihunus
kutu	17	kutukan,kutu
siram	17	penyiraman,menyiramkan,menyiram,menyirami,siramkanlah,menyiramnya
paman	17	paman,pamannya,pamanku,pamanmu
tingkat	17	tingkat,meningkatkan,bertingkat-tingkat,tingkat-tingkat
sabit	17	sabit,penyabit,penyabitan,menyabitnya,sabit-mu,sabit-nya
kursi	17	kursi,kursinya,kursi-kursi
pura	17	berpura-pura,pura-pura,berpura-puralah,kepura-puraan
kunci	17	kunci,terkunci,menguncinya,kuncilah,mengunci,kunci-kunci
lumpur	17	lumpur,berlumpur
dinar	17	dinar,sedinar
cakrawala	16	cakrawala
giring	16	menggiring,menggiringmu,digiring,penggiring,menggiringku
terik	16	terik
awin	16	mengawini,mengawininya,mengawinkan
tunggal	16	tunggal,tunggalmu,tunggalnya
tutul	16	bertutul,tutul
mekar	16	mekar,bermekaran
kendara	16	mengendarai,pengendara,mengendarainya,berkendara,pengendaranya
palu	16	palu,dipalunya,palu-palu
tuli	16	tuli
ilmu	16	ilmu
sukar	16	kesukaran,sukar
wujud	16	wujud,wujudnya,wujudkan,mewujudkannya
pekat	16	pekat,pekatnya
sikap	16	bersikaplah,bersikap,sikap,sikapnya
muntah	16	memuntahkan,muntahannya,memuntahkannya,muntahan,muntahlah,memuntahkanku
janggut	16	janggut,janggutnya,janggutmu,janggutku
lampu	16	lampu,lampu-lampunya,lampu-lampu,lampunya
bongkar	16	membongkar,membongkarnya,dibongkar,bongkarlah
pancar	16	memancar,memancarkan,pancaran,terpancar
hardik	16	menghardik,hardikan,hardikan-mu,hardikan-ku,hardikan-nya,menghardiknya
racun	16	racun,beracun,racunnya,meracuni
ancam	16	mengancam,ancaman,mengancamnya,ancaman-ancaman,terancam,diancam
condong	16	mencondongkan,condongkanlah,condong
gedung	16	gedung
ceracap	16	ceracap
mina	16	mina,minamu
buluh	16	buluh
tampar	16	menampar,menamparmu,menampar-nya,menamparnya,ditampar
didik	16	dididik,mendidik,didik
gudang	16	gudang,gudang-gudang
sejarah	16	sejarah
sumbang	16	sumbangan,menyumbangkan,menyumbang
rekan	16	rekan-rekan,rekan,rekan-rekannya
taung	16	menaungi
rata	16	rata,diratakan,meratakan,diratakan-nya,ratakanlah
congkak	16	congkak,kecongkakan,kecongkakannya
biak	15	biak
benang	15	benang
cegah	15	mencegah,mencegahnya,mencegahku,dicegah,mencegahmu,mencegah-nya
belerang	15	belerang
pelana	15	pelana,memelana,berpelana
gera	15	gera
katak	15	katak-katak,katak
rebana	15	rebana
sungut	15	bersungut-sungut,sungut-sungutmu,sungut-sungut
cakap	15	cakap,percakapannya,bercakap,bercakap-cakap,kecakapan,percakapan
tonjol	15	menonjol,menonjolkan,tonjolan
sandang	15	menyandang,sandanglah,menyandangkan
dendam	15	dendam,dendamnya,pendendam
tamu	15	tamu,tamu-tamu,tamunya,tamu-tamunya,tamu-ku
gerutu	15	menggerutu,gerutuan
himpun	15	menghimpun,berhimpun,perhimpunan,menghimpunmu,dihimpunkan
sempit	15	sempit,dipersempit,sempitlah
pagar	15	pagar,berpagar,berpagarkan,pagarnya,memagarinya,memagari
dukung	15	mendukung,dukungan,mendukungmu,pendukungnya,didukung,mendukungnya
pancing	15	memancing,memancing-ku,terpancing,memancingmu
jilat	15	menjilat,menjilati,menjilat-jilat
adat	15	adat
usak	15	perusak
ramah	15	ramah,keramahan,ramahnya
kesah	15	kesah,kesahku,pengesahan,pengesahan-nya
julang	15	menjulang
adu	15	mengadukan,mengadu,adukan,beradu,mengadulah,pengaduan
samar	15	menyamar,menyamarkan,menyamarlah,menyamarkannya,samar-samar
bagal	15	bagal,bagal-bagal,bagalnya
bentara	15	bentara,bentara-bentara
balut	15	membalut,dibalut,balutlah,membalutmu,balut
cengkeram	15	mencengkeram,cengkeraman,dicengkeram,mencengkeramku,mencengkerammu,mencengkeramnya
sekam	15	sekam,sekamnya
palem	15	palem,palemnya
lata	14	melata
bata	14	bata,bata-bata
kau	14	kau
kasar	14	kasar
lampau	14	melampaui,terlampau,lampau
pangkal	14	pangkal
cuma	14	cuma-cuma
bintik	14	berbintik-bintik,berbintik,bintik-bintik,bintik-bintiknya
badan	14	badan,badannya,badanku,badanmu
noda	14	noda,menodai,dinodai,menodaiku,bernoda
ulang	14	berulang,ulang,berulang-ulang,diulang,mengulanginya,mengulangi
tambun	14	tambun
teliti	14	teliti,meneliti
masalah	14	masalah,masalahnya,permasalahan,masalahmu
peti	14	peti,petikan
cair	14	cairan,cairannya,cair,mencairkan
lega	14	kelegaan,lega,melegakan,terlegakan
senja	14	senja
timah	14	timah,timahmu
hampa	14	hampa,kehampaan
selimut	14	selimut,menyelimutinya,menyelimutimu,selimutmu
zirah	14	zirah,zirahnya
tegar	14	tegar,menegarkan
hantu	14	hantu
bercak	14	bercak
demam	14	demam,demamnya
kejap	14	sekejap,sekejapan
lebur	14	peleburan,dilebur,melebur,lebur,meleburnya,meleburmu
dakwa	14	mendakwamu,mendakwa,pendakwaku,terdakwa,pendakwa,mendakwanya
buku	14	buku,buku-buku,buku-bukuku
fana	14	fana,fananya
beruang	14	beruang
penggal	14	memenggal,dipenggal,memenggalnya,penggal
amuk	14	mengamuk,amukan,mengamuklah
girang	14	kegirangan,bergirang,girang,segirang-girangnya
jurang	14	jurang,jurang-jurang
teladan	14	teladan,teladanku,meneladani
basah	13	basah,membasahi,dibasahi,membasahinya,membasahimu
sambar	13	menyambar,menyambar-nyambar
garap	13	penggarap,menggarap,digarap,penggarap-penggarap,menggarapnya
surut	13	surut,menyurutkan
tampung	13	menampung,penampungan-penampungan,penampungan
tekukur	13	tekukur
sungkur	13	tersungkur
perkosa	13	memerkosa,memerkosanya,diperkosa,memerkosaku
kurus	13	kurus,kekurusanku,kekurusan
ungkap	13	mengungkapkan,diungkapkan,diungkap,mengungkapkannya,mengungkapkan-nya
singkat	13	singkat,mempersingkat,singkatnya
cerdik	13	cerdik,kecerdikan
gaib	13	gaib
lalat	13	lalat,lalat-lalat
tungku	13	tungku
kilang	13	kilangan
lilit	13	dililit,melilitnya,lilitkanlah,meliliti,melilit,melilitkan
asli	13	asli,keaslian,aslinya
sisih	13	menyisihkan,sisihkanlah,disisihkan,sisihkan,menyisihkannya
bengkak	13	bengkak,membengkak,pembengkakan
induk	13	induknya,induk
lumba-lumba	13	lumba-lumba
bingkai	13	bingkai,bingkainya
persegi	13	persegi
tumbuk	13	tumbuk,menumbuk,ditumbuk,menumbuknya
kudis	13	kudis
saudari	13	saudari,saudarinya,saudariku,saudarimu
ken	13	diperkenan,dikenan,perkenan,perkenan-nya
kobar	13	berkobar,kobaran,berkobar-kobar
puing	13	puing,puing-puing,puing-puingnya
ayun	13	mengayunkan,berayun-ayun,mengayun-ayunkan,diayunkan
kapur	13	kapur
singgung	13	menyinggung,tersinggung
paku	13	paku,paku-paku,memaku,dipakukan,memakukan,paku-pakunya
tembus	13	menembus,tembus,ditembusnya,menembusnya
sergap	13	penyergapan,menyergap,menyergapmu
sampah	13	sampah
letih	13	letih
rotan	13	rotan,rotannya,rotan-nya
sejati	13	sejati,sejatiku
gading	13	gading
pipi	13	pipimu,pipinya,pipi,pipiku
tepuk	13	bertepuk,menepuk,tepukkanlah
deras	13	deras,menderaskan
soal	13	persoalan,soal,persoalanku,bersoal,persoalan-persoalan
asa	13	terasa,perasaan
deru	13	deru,menderu
dur	13	berduri
tampi	13	menampi,penampi,ditampi,tampi
neraka	13	neraka
sedekah	13	sedekah,sedekahmu,sedekah-sedekahmu
kokok	13	berkokok
ganda	12	ganda
akibat	12	akibat,mengakibatkan
obor	12	obor,obor-obor
berangan	12	berseberangan,berangan
sukat	12	sukat,sesukat,sukatan
kelak	12	kelak
tradisi	12	tradisi,tradisimu,tradisi-tradisi
kampung	12	perkampungan,kampung,kampung-kampung
remeh	12	meremehkan,remeh,remehkan
paut	12	berpaut,terpaut,pautnya
rawa	12	rawa,rawa-rawa,berperawakan
tipis	12	tipis
singsing	12	menyingsing,tersingsing
hambur	12	hamburkanlah,menghamburkan,menghamburkannya,berhamburan,dihamburkan,hamburkan
bisul	12	bisul,bisul-bisul
tata	12	menata,menatanya,tatakan,tertata,ditata,menatakan
tembikar	12	tembikar,tembikar-tembikar,tembikar-tembikarnya
buruh	12	buruh,buruh-buruh
mesum	12	kemesuman,mesum,kemesumanmu
kerabat	12	kerabat,kerabatmu,kerabatnya
nazir	12	nazir,kenaziran,nazir-nazir
contoh	12	contoh,contohlah
selenggara	12	menyelenggarakan,penyelenggaraan,diselenggarakan
patut	12	patut,sepatutnya,sepatutnyalah
lumbung	12	lumbung,lumbung-lumbungmu,lumbung-lumbung,lumbung-lumbungnya,lumbungku,lumbung-nya
ragu	12	ragu-ragu,ragu,keraguan,diragukan
tingkah	12	tingkah
hanyut	12	menghanyutkan,hanyut,menghanyutkanku,dihanyutkan,menghanyutkannya,menghanyutkanmu
tumbang	12	tumbang,tumbangkan,menumbangkan
kesal	12	kesal,kekesalannya,mengesalkan,kekesalan
bisik	12	bisikan,berbisik-bisik,berbisik,bisikannya,dibisikkan,bisikkan
olok	12	mengolok-olok,mengolok-olokmu,diolok-olok,olok-olok,olok-olokan
deret	12	deret,deretan
durhaka	12	durhaka,kedurhakaan,kedurhakaanmu
mutiara	12	mutiara,mutiaramu
bantah	12	perbantahan,bantahan,membantahnya
hamil	12	hamil,kehamilan
raung	12	meraung,raunganku,raungan
ombak	12	ombak,ombaknya,berombak,ombak-mu,ombak-ombak
asai	12	dikuasai
pingsan	12	pingsan
guru	12	guru-guru,gurunya,guru-guruku,menggurui
muslihat	12	muslihat
gantang	12	gantang
kasur	12	kasurmu,kasur,kasurnya
kabut	11	kabut,kabut-kabut
krisopras	11	krisopras
licik	11	licik
gagak	11	gagak
paruh	11	separuh,paruhnya,separuhnya
bundar	11	bundar,bundaran
haid	11	haid,haidnya
licin	11	licin,kelicinan
kurung	11	dikurung,kurung,terkurung,kurunglah,kurungan
incar	11	mengincar
acung	11	mengacungkan,teracung,mengacungkannya
hantam	11	menghantam,hantaman,menghantamnya,menghantamku,menghantamkan,terhantam
tadah	11	menadahkan,menadah,tadah
takar	11	takar,takaran,menakarnya,takaranmu,menakar,ditakar
ulat	11	ulat,berulat,ulat-ulat
tunang	11	bertunangan,tunangannya,menunangkan
rangkai	11	rangkaian,merangkai
belanga	11	belanga,belanga-belanga,belanga-belanganya
per	11	per
mamah	11	memamah
botak	11	botak,botaknya
terkam	11	menerkam,diterkam,diterkamnya
pria	11	pria
alangkah	11	alangkah
tebing	11	tebing,tebing-tebing
usang	11	usang
kalajengking	11	kalajengking,kalajengking-kalajengking
gersang	11	gersang,kegersangan
telur	11	telur-telur,telur,telur-telurnya,telurnya,bertelur
lesu	11	lesu
borok	11	borok-borok,borok,borokmu,boroknya
lengkung	11	melengkung,melengkungkan,dilengkungkan
onak	11	onak,onaknya
alur	11	alur,alur-alur,alur-alurnya
nyaman	11	nyaman,kenyamanan
timpang	11	timpang
ramai	11	keramaian,ramai,ramainya
lentur	11	melenturkan,dilenturkan
hasrat	11	hasrat,hasratnya,hasratku,berhasrat
kor	11	kor
geleng	11	menggeleng-gelengkan,menggelengkan-gelengkan,gelengan,menggelengkan
kekang	11	kekang,kekang-ku,kekangan
tegas	11	tegas,menegaskan,tegaskan,penegasan
ngengat	11	ngengat
bebal	11	bebal,kebebalan
isyarat	11	isyarat,berisyarat
asam	11	asam
sifat	11	sifat,bersifat,sifat-sifat,sifatmu,sifat-nya
khotbah	11	berkhotbah,khotbah
agama	11	agama,agamamu,keagamaan
ingkar	10	mengingkari,ingkar,diingkari
inap	10	menginap,penginapan,menginaplah,penginapannya
sapih	10	disapih,menyapihnya,menyapih
raba	10	meraba-raba,merabaku,merabamu,merabanya,meraba
tampan	10	tampan,ketampanannya,tampannya
tangkai	10	tangkai,tangkai-tangkainya,tangkai-tangkai,tangkainya
anjak	10	beranjak
elok	10	elok
kelah	10	berkelahi
kasut	10	kasut,kasutmu,kasut-ku,kasut-kasut,kasutnya
erat	10	erat,mengerat,erat-erat,pengerat
sayur	10	sayur,sayuran,sayur-sayuran
buli-buli	10	buli-buli
jalin	10	dijalin,jalin,menjalin,menjalinnya,jalinan,terjalin
bekas	10	bekas,bekas-bekasnya
gerobak	10	gerobak,gerobak-gerobak
gendong	10	menggendong,digendong,menggendongmu
sekaligus	10	sekaligus
giat	10	giat
kalung	10	kalung,kalungkanlah,dikalungi,dikalungkan
perabot	10	perabotan,perabotannya,perabot
gang	10	berpeganglah,gang,berpegangan
rahang	10	rahang,rahangnya,rahang-rahangmu,rahangmu
goyang	10	bergoyang,bergoyang-goyang,goyang,digoyang
jenguk	10	menjenguk,menjengukmu,menjenguknya,jenguklah
ketul	10	ketul,seketul
umban	10	umban,pengumban,mengumban,diumbannya,diumban-nya
kalaupun	10	kalaupun
tarung	10	bertarung,petarung,pertarungan,pertarungannya
sarung	10	sarungnya,sarung
kismis	10	kismis
pribadi	10	pribadi,pribadiku,pribadinya
dandan	10	mendandani,mendandanimu,didandani,berdandan
pedih	10	kepedihan,pedih
pasar	10	pasar,pasarmu,pasar-pasarmu
sibuk	10	sibuk,menyibukkan,menyibukkannya
kastel	10	kastel
pendek	10	pendek,diperpendek,memperpendek,dipendekkan
sendeng	10	menyendengkan,sendengkan,sendengkanlah
duga	10	duga,terduga,menduga,diduga-duga,diduga,menduganya
puting	10	puting,putingmu
rahmat	10	rahmat,rahmat-nya
kolong	9	kolong
mustahil	9	mustahil
medan	9	medan
lezat	9	lezat
badam	9	badam
tenaga	9	tenaga,tenaganya,bertenaga,tenagaku,tenagamu
usul	9	usulan,usul,usulnya,usulmu,mengusulkan
utuh	9	seutuhnya,utuh
tabib	9	tabib,tabib-tabib
susur	9	menyusuri
terentang	9	terentang
salur	9	saluran,saluran-saluran
matang	9	matang,mematangkan
jantung	9	jantung,jantungnya
puyuh	9	puyuh,puyuh-mu
iras	9	seiras
kancing	9	pengancing,kancing
sekop	9	sekop-sekop,sekop,sekop-sekopnya
jengkal	9	sejengkal,jengkal
koyak	9	terkoyak-koyak,koyakan,koyak,dikoyakkan
umbai	9	umbai
gosok	9	digosok,menggosok-gosoknya
lalap	9	melalap,melalapmu,dilalap
sisik	9	bersisik,sisik-sisikmu,sisik-sisik
cemara	9	cemara
sah	9	sah,disahkan
neraca	9	neraca
rawat	9	merawat,merawatnya,rawatlah
aroma	9	aroma,beraroma,aromanya
lalai	9	melalaikan,kelalaian,lalai
putra	9	putra,putra-putra
gigit	9	menggigit,digigit,menggigitmu,menggigitkan
setinggi	9	setinggi
timpal	9	setimpal
nila	9	bernilai,menilainya,bernilainya,senilai,menilai-nya
jepit	9	terjepit,penjepit-penjepitnya,penjepit-penjepit,penjepit
kini	9	kini
hulu	9	hulu
nyenyak	9	nyenyak
beliung	9	beliung,beliungnya
ketopong	9	ketopong,ketopongmu
belot	9	membelot,pembelot
mewah	9	kemewahan,mewah
amsal	9	amsal,amsal-amsal
jajar	9	jajar,berjajar,jajaran
cengang	9	tercengang,tercenganglah
tumpuk	9	bertumpuk-tumpuk,tumpuklah,menumpuk,bertumpuk
bual	9	pembual,membual,bualanmu,bualan-bualannya
sempoyongan	9	sempoyongan
manfaat	9	manfaat,bermanfaat
kertak	9	kertak,mengertakkan
emis	9	mengemis,pengemis
lalang	9	lalang,lalang-lalang
labuh	9	pelabuhan,berlabuh,melabuhkan
kebas	9	kebaskanlah,mengebaskan,dikebaskan,kebaskan
dayung	9	mendayung,dayung,pendayungmu,dayung-dayungmu
puja	9	memuja,memujanya,pemujaan,dipuja
bimbang	9	bimbang,kebimbangan
cangkir	9	cangkir,cangkirnya,secangkir
karat	9	karatnya,karat,berkarat
rusuh	9	kerusuhan
lahiriah	9	lahiriah,lahiriahnya
tumit	8	tumitnya,tumit
raksasa	8	raksasa,raksasa-raksasa
jelajah	8	jelajahilah,menjelajah,jelajahi,penjelajah
dadih	8	dadih
pundak	8	pundak,pundakmu,pundaknya,pundakku
jenazah	8	jenazah
bidang	8	sebidang,bidang
palung	8	palungan,palungan-palungan
cur	8	mencurinya,pencurinya,mencuri-nya,dicurinya
pincang	8	pincang
sih	8	bersihkanlah,bersihkan
bidan	8	bidan,bidan-bidan
unggul	8	terunggul,mengungguli,unggul,keunggulan
dayang	8	dayang-dayangnya,dayang,dayangnya,dayangku
pencar	8	terpencar,berpencar,memencar,memencarkan,dipencarkan
kemarin	8	kemarin
nyamuk	8	nyamuk,nyamuk-nyamuk
hinggap	8	hinggap,menghinggapi
apalagi	8	apalagi
sikeras	8	bersikeras
kencang	8	kencang,dikencangkan
bimbing	8	membimbing,membimbingku,bimbingan,membimbingnya,membimbingmu
hun	8	berpenghuni,penghuninya
laba	8	laba,laba-laba,labanya
biaya	8	biaya,biayanya,biaya-biaya
tagih	8	penagih,menagih,tagih
pasak	8	pasak,pasaknya
bokor	8	bokor,bokor-bokornya,bokor-bokor
garpu	8	garpu,garpu-garpunya,garpu-garpu
kerincing	8	kerincing,kerincing-kerincing
cuping	8	cuping
bubuh	8	membubuhkan,dibubuhi
cermin	8	cermin,mencerminkan,cermin-cermin
ukup	8	ukupan,ukupan-ku
serangga	8	serangga
tikus	8	tikus,tikus-tikus
ganas	8	ganas,keganasan
kenang	8	kenangan,mengenang
bendera	8	bendera,benderanya,bendera-bendera
urut	8	urutan,urut,urutannya
rakus	8	rakus
tenung	8	tenung,tenungan,penenung,bertenung
garis	8	garis
karib	8	karib,karibmu,karibku
saksama	8	saksama
labur	8	melaburnya,laburlah,melabur,labur
gelincir	8	tergelincir,menggelincirkan
hilir	8	hilir
bilang	8	terbilang,pembilang,bilangan
cungkil	8	mencungkil,cungkillah,kucungkil,cungkil
gumpal	8	gumpalan,gumpalan-gumpalan,bergumpal
istiadat	8	istiadat
lembing	8	lembing
arus	8	arus-arus,arus,arusnya
jangkau	8	menjangkau,terjangkau
berai	8	berai
obat	8	obat,diobati,mengobati
kecewa	8	kecewa,mengecewakan
nada	8	nada
dirham	8	dirham
pucuk	8	sepucuk,pucuk
rubah	8	rubah,rubah-rubah,berubahlah
kibas	8	mengibaskan,dikibaskan,kibasan
cekik	8	dicekik,mencekik,mencekiknya
tawa	8	tawa,tawamu
safir	8	safir
logam	8	logam
belaka	8	belaka
terpa	8	menerpanya,menerpa,menerpamu,terpaku
hempas	8	dihempaskan,menghempaskan,menghempas,menghempaskannya
nasib	8	nasib
macan	8	macan
ketuk	8	mengetuk
murtad	8	kemurtadan,murtad,kemurtadanmu
bentak	8	membentak
markas	8	markas
pamit	8	berpamitan
lelap	7	terlelap,lelap
nyonya	7	nyonyanya,nyonyaku,nyonyamu
khitan	7	khitan,khitanmu
cadar	7	cadarmu,cadar,cadarnya,cadar-cadarmu
kacang	7	kacang,kacang-kacangan
tabung	7	tabung
otot	7	otot-otot,otot
lucut	7	melucuti
serombong	7	serombongan
kerudung	7	kerudung,kerudungnya,kerudungmu
lambang	7	lambang,lambangnya
setapak	7	setapak
jalar	7	menjalar
mandor	7	mandor,mandornya
tunggul	7	tunggul,tunggulnya
rami	7	rami,mengerami
gulita	7	gulita
beku	7	beku,membeku
guruh	7	guruh,mengguruh
lebah	7	lebah,lebah-lebah
adakan	7	adakanlah,adakan
cerah	7	pencerahan,cerah
limut	7	menyelimuti,diselimuti
asah	7	mengasah,diasah
mintal	7	memintal,pemintal
rap	7	berapi
jempol	7	jempol
sidang	7	sidang,persidangan,sidang-ku
pangkas	7	dipangkas,pangkas
riba	7	riba
awam	7	awam
kucil	7	dikucilkan,mengucilkanmu,mengucilkan
gelimpang	7	bergelimpangan
lambung	7	lambungmu,lambung,lambung-nya,lambung-ku
kasus	7	kasus,kasusmu
punah	7	punah,memunahkan,memunahkanmu
sengat	7	menyengat,sengatmu,tersengat,sengatnya
sindir	7	sindiran
gusar	7	gusar,menggusarkan,kegusaran,menggusarkan-nya
lemas	7	lemas
tambal	7	tambalan,menambal,ditambal,menambalkan,penambal
gaduh	7	kegaduhan,gaduh
lang	7	melangkah,berlinangan
bum	7	belumlah
sedu	7	tersedu-sedu
sosok	7	sosok,sosoknya
sasar	7	sasaran,sasaran-mu,sasaran-nya
balai	7	balai,balai-balai
abar	7	mengabarkan,mengabarkannya
ganjar	7	ganjaran,mengganjar,ganjaran-nya
belit	7	berbelit-belit,membelit,membelitku
cendana	7	cendana
bulat	7	bulat,membulatkan,bulatkanlah,bulatan
ungsi	7	pengungsi,mengungsi,pengungsianku
rimbun	7	rimbun
puri	7	puri,puri-purinya
tanggul	7	tanggul,tanggul-tanggul
bilik	7	bilik-bilik,biliknya
kanak-kanak	7	kanak-kanak
bungkam	7	membungkam,dibungkam,bungkam
cacing	7	cacing-cacing,cacing
kristal	7	kristal
sanjung	7	menyanjung,sanjungan,menyanjungmu,disanjung
ringkuk	7	meringkuk
pentung	7	pentung,pentungan
belalah	7	belalah
sangkakala	7	sangkakala
antuk	7	mengantuk,terantuk
katup	7	mengatupkan,terkatup
beludak	7	beludak
jalang	7	jalang
idam	7	idaman,idamanku,mengidamkan,diidamkan
tengadah	7	menengadah,menengadahkan
tas	7	tas
riuh	7	keriuhan,riuh
cucur	7	mencucurkan,bercucuran
jintan	7	jintan
lampias	7	melampiaskan,dilampiaskan
akta	7	akta,akta-akta
awak	7	awak
majelis	7	majelis
kotak	7	kotak
majikan	7	majikan,majikannya
berahi	6	berahi,berahinya
halal	6	halal
remas	6	remaslah,meremas-remas,diremasnya,meremasnya,diremas-remas,meremas
gulat	6	bergulat
kembar	6	kembar
gumul	6	bergumul,pergumulan,pergumulan-pergumulan
songsong	6	menyongsong,menyongsongnya
balsam	6	balsam
tandan	6	tandan-tandannya,setandan,tandan,tandan-tandan,tandannya
culik	6	menculik,penculik,diculik
mutih	6	memutih,memutihkan-nya,memutihkannya
santap	6	santapan,santapannya
hirau	6	menghiraukan
tengok	6	menengok,tengoklah
dahaga	6	dahaga,dahagaku,dahaganya
sembur	6	menyembur,menyemburkan,semburan,disemburkan
sumbu	6	sumbu,sumbu-sumbu
untai	6	untaian,untaian-untaian
tiru	6	tiruan,peniru-peniru,meniru
banting	6	membanting,membantingnya
urai	6	menguraikan,terurai
bangau	6	bangau
kak	6	berkaki
infeksi	6	infeksi,terinfeksi
pucat	6	pucat
kikis	6	mengikis,dikikis,kikisan
sembarang	6	sembarangan,sembarang
dukun	6	dukun,perdukunan,dukun-dukunmu
posisi	6	posisi,posisimu
kandil	6	kandil,kandil-kandil
laksa	6	berlaksa-laksa,laksa
merang	6	memeranginya,memerangimu,memerangiku
rapat	6	rapat,merapatkan,rapat-rapat
lunas	6	melunasi,lunas,melunasinya
hama	6	hama
teluk	6	teluk,teluk-teluknya
kunjung	6	kunjung,kunjungan,dikunjungi-nya,kunjunganku
gilir	6	giliran,bergiliran,gilirannya
kafir	6	kafir,kekafiran
pusat	6	pusat,berpusatkan,memusatkan
dursila	6	dursila
lawat	6	melawat,melawatmu,pelawatan
walau	6	walau
peribahasa	6	peribahasa
sengit	6	sengit
upacara	6	upacara
tancap	6	menancapkan,ditancapkan
golong	6	golongan,digolongkan
telaga	6	telaga,telaga-telaga
tanding	6	pertandingan,bertanding
derap	6	derap,berderap,menderap
gergaji	6	gergaji,digergaji
hampar	6	menghamparkan,dihamparkannya,hamparkan,menghamparkannya,hamparan
sari	6	menyinari,sari
pecat	6	memecat,memecatnya,dipecat
lingkar	6	melingkar,melingkari,lingkaran
parit	6	parit,parit-parit,paritnya
omong	6	omong,omongannya
kecam	6	mengecam,kecaman-mu,kecaman
lalim	6	lalim,kelaliman
lilin	6	lilin
murad	6	murad
integritas	6	integritas,integritasku,integritasnya,integritasmu
pangeran	6	pangeran
ringkik	6	meringkik,ringkikan,ringkikkan
julur	6	menjulur,menjulurkan
suram	6	kesuraman,suram,kesuramanmu
cicip	6	mencicipi,mencicip,cicipi
pasung	6	pasungan,pasung,memasung
geliat	6	menggeliat
pencil	6	terpencil
najam	6	menajamkan
pena	6	pena
petir	6	petir
riak	6	berteriaklah,meneriaki
terjang	6	menerjang,terjangannya,diterjang,terjangan
sendi	6	sendi-sendi,sendi,persendiannya,sendinya
kail	6	kail,kail-kail
didih	6	mendidih,didihkan
pengaruh	6	berpengaruh,pengaruh,memengaruhi,dipengaruhi
purbakala	6	purbakala
pipit	6	pipit
tilik	6	penilik,tiliklah,menilik
junjung	6	menjunjung,dijunjung
goda	6	tergoda,menggoda,penggoda,menggodamu
cerdas	6	cerdas,kecerdasan
seri	6	berseri-seri,berseri
apel	6	apel
simpul	6	menyimpulkan,kesimpulan,simpul-simpul
teduh	6	berteduh
larut	6	larut,selarut
syafaat	6	bersyafaat,syafaat
ampo	6	perampokan
picu	6	pemicu,memicu
pokok	6	pokok,pokok-pokok
cangkok	6	dicangkokkan,mencangkokkan
bangan	5	beterbangan
sejuk	5	sejuk,menyejukkan,sejuknya
kandas	5	kandas,kandaslah
kemarau	5	kemarau
pahala	5	pahala,pahalamu,pahalanya
rabun	5	rabun
bong	5	sebongkah
harpa	5	harpa,harpa-harpamu,harpamu
rangkul	5	merangkul,serangkul
sita	5	kesita,penyitaan,disita
syarat	5	syarat,syarat-syarat,persyaratan
ipar	5	ipar,iparmu
utas	5	seutas
jeblos	5	menjebloskan,dijebloskan,menjebloskannya
terjemah	5	diterjemahkan,menerjemahkan
uban	5	beruban,ubanan
istimewa	5	teristimewa,istimewa
papirus	5	papirus
jangkit	5	terjangkit,menjangkiti
sabuk	5	sabuk,sabukkanlah,menyabuki
baskom	5	baskom,baskom-baskom
urung	5	mengurung,mengurungnya,mengurungku
tinju	5	meninju-nya,meninju,tinjunya
rayu	5	merayu,merayu-rayu,rayuannya,merayunya
sensus	5	sensus
tebu	5	tebu
sirip	5	bersirip
wol	5	wol
lepa	5	lepa,lepanya
imbang	5	keseimbangan,seimbang
gandarusa	5	gandarusa
kabur	5	kabur
maha	5	maha
susut	5	menyusut,susut
rumbai	5	rumbai,rumbai-rumbai
wajar	5	wajar
lempeng	5	lempengan,lempeng-lempeng,lempeng
ajal	5	ajalku,ajalnya,ajal
banteng	5	banteng
gaharu	5	gaharu
degil	5	kedegilan,degil,kedegilanmu
tambang	5	menambang,penambangan,tambang
piatu	5	piatu
suam	5	bersuami
perilaku	5	perilaku,berperilaku,perilakunya
isap	5	mengisap
taring	5	taring,taringnya
kuno	5	kuno
jaya	5	kejayaan,kejayaanmu,kejayaanku
bendung	5	bendungan,membendung,dibendung
gempur	5	penggempur,menggempurnya
remah	5	remah-remah
rodi	5	rodi
gagang	5	gagang
riang	5	keriangan,riang
kemas	5	berkemas
butir	5	sebutir,butir-butir,butiran-butirannya,butiran
debar	5	berdebar-debar,berdebar
kerubim	5	kerubim
peleset	5	terpeleset
luluh	5	luluh
awat	5	perawatan,perawatannya,perawat
kesatria	5	kesatria
lumur	5	berlumuran
kilap	5	mengilap,dikilapkan
kalang	5	kalangan
kisi	5	kisi-kisi
kulai	5	terkulai
pinggan	5	pinggan,pinggan-pinggan
rutin	5	rutin
tangkas	5	tangkas,ketangkasannya
pualam	5	pualam
lembayung	5	lembayung
pugar	5	memugar,memugarnya
cukai	5	cukai
baut	5	baut-baut
gadai	5	menggadaikan,gadaian
arak	5	berarak,araklah,mengaraknya,arak
paras	5	parasnya,paras
awa	5	perawakan,perawakannya
sekoci	5	sekoci
empedu	5	empedu,empeduku,empedunya
jelatang	5	jelatang
pikat	5	dipikat,pikat,terpikat
raih	5	meraih,meraihnya
gertak	5	menggertakkan,gertakan,menggertakku
titik	5	menitikkan,menitik,titik-titik,setitik,titik
huyung	5	terhuyung-huyung,terhuyung
sanga	5	sanga
tamak	5	tamak,ketamakannya
semi	5	bersemi,semi
boros	5	memboroskan,memboroskannya,pemborosan
keruh	5	mengeruhkan,keruh,keruhkan
dalih	5	dalih,berdalih
narwastu	5	narwastu,narwastuku
serbuk	5	serbuk
tandu	5	tandu
siul	5	bersiul
nelayan	5	nelayan,nelayan-nelayan
renang	5	berenang,perenang
sipat	5	sipat
huruf	5	huruf,huruf-huruf
kubang	5	berkubang
guci	5	guci,guci-guci
tegun	5	tertegun
golak	5	bergolak
sesawi	5	sesawi
waras	5	waras
jangkar	5	jangkar,jangkar-jangkar
ambisi	5	ambisi
diaken	5	diaken
kaca	5	kaca
angka	5	angka,angkanya
damar	4	damar
padan	4	sepadan
rusuk	4	rusuk,rusuknya
muram	4	muram
ter	4	ter
mas	4	mas,berkemaslah
otoritas	4	otoritas,otoritasnya
alun	4	alun-alun
sangkut	4	tersangkut,sangkut
aneka	4	beraneka
sayu	4	sayu
geledah	4	menggeledah,digeledah
mani	4	maninya,mani
wadah	4	wadah-wadah,wadah-wadahmu,wadah
tiarap	4	meniarap,tiarap
pagut	4	memagut,memagutnya
agak	4	agak
pintar	4	pintar,kepintaran
ranjang	4	ranjangmu,ranjangku,ranjang
nanah	4	bernanah
mentah	4	mentah-mentah,mentah
padat	4	padat,dipadatkan
cekam	4	mencekam,dicekam
uap	4	uap,menguap
serpih	4	serpihan
serentak	4	serentak
dapur	4	dapur
denda	4	didenda,mendendanya,denda,mendenda
titip	4	menitipkan,titipan,dititipkan
cakup	4	mencakup
libat	4	terlibat,melibatkan
pola	4	pola,polanya
sendok	4	sendok-sendoknya,sendok-sendok
helai	4	helai
rongga	4	berongga,rongganya
sabat	4	sabat-sabat,sabat-sabat-ku,sabat-mu
sobek	4	menyobek,disobek-sobek,sobekannya
pelanduk	4	pelanduk
dendang	4	dendang,berdendang
rontok	4	rontok,merontokkan
rajut	4	rajutan,rajutan-rajutan,merajut
jenggot	4	jenggot,jenggotku,jenggotmu
log	4	log
cik	4	diperciki,memerciki
praktik	4	mempraktikkan,praktik
rindang	4	rindang
bengkalai	4	terbengkalai
hirup	4	menghirup
kondisi	4	kondisinya,kondisi
kerangka	4	kerangka,kerangkanya
arang	4	mengarang,arang
sajak	4	sajaknya,bersajak
pelipis	4	pelipisnya,pelipis
segan	4	segan
mirip	4	mirip
jarum	4	jarum
nujum	4	nujum,nujummu
lancang	4	lancang
komandan	4	komandan,komandannya
pundi	4	pundi-pundi,pundi-pundimu
kias	4	kiasan
ipuh	4	ipuh
pakan	4	kepakan,kepakannya,kepakan-kepakan-nya
gerogot	4	menggerogoti,digerogoti
jahit	4	menjahit,dijahit,jahitan
sekian	4	sekian
kafilah	4	kafilah-kafilah,kafilah
permadani	4	permadani
pacu	4	berpacu,memacunya,memacu
parang	4	paranglah,memarang
nobat	4	menobatkan,menobatkannya
kepang	4	kepangan,dikepang-kepang,mengepang
sapa	4	menyapa,sapa
cuka	4	cuka
bising	4	bising,kebisingan
telungkup	4	tertelungkup
suling	4	suling
rintang	4	rintangan,merintangi
kecap	4	mengecap,kukecap
pesa	4	pesa
tantang	4	menantang,kautantang
kertau	4	kertau
ceroboh	4	ceroboh,kecerobohannya,kecerobohan-kecerobohan
damping	4	mendampingi,berdampingan,mendampingimu
tembak	4	menembakkan,menembak
lumat	4	melumat,melumatkannya
labu	4	labu
segi	4	segi
kuncup	4	kuncup
saudagar	4	saudagar-saudagar,saudagar,saudagar-saudagarnya
tebas	4	menebas,menebasnya,ditebas
tanggap	4	menanggapi,tanggapan
jalur	4	jalur,jalur-mu,jalurnya
kemudi	4	pengemudi,kemudi
geser	4	bergeser,digesernya,digeser
kasim	4	kasim
tunjang	4	tunjangannya,tunjangan
lontar	4	melontarkan,melontarinya,melontarkannya
tatah	4	tatahan,bertatahkan,bertatah
padu	4	paduan
mahir	4	mahir
pekik	4	pekik
siar	4	tersiar,menyiarkan,disiarkan
bea	4	bea
semarak	4	bersemarak,semarakmu,semarak-ku
marmer	4	marmer
harem	4	harem
kurir	4	kurir,kurir-kurir
kian	4	kian
gelar	4	menggelar,gelar,digelar
sumsum	4	sumsum,bersumsum
gundu	4	gundukan
susup	4	menyusup
kerongkongan	4	kerongkongan
nganga	4	menganga
kedip	4	mengedipkan
anyam	4	menganyam,beranyamkan,menganyamkan
buih	4	berbuih,buih-buih,membuihkan
sokong	4	menyokong,menyokongnya,penyokong
engah	4	terengah-engah
kantuk	4	kantuk,terkantuk
lamban	4	lamban
topan	4	topan
ungkit	4	terungkit,mengungkit-ungkit,diungkit-ungkit
botol	4	botol,botol-botolnya,sebotol
jimat	4	jimat,jimatmu
mangkas	4	memangkas,pemangkas,pemangkasmu
resah	4	resah,keresahan,meresahkan
sera	4	berserakan
percuma	4	percuma
maki	4	makian,maki,memaki
diang	4	berdiang
enteng	4	enteng
aduk	4	mengaduk
jinak	4	jinak,dijinakkan,menjinakkan
sali	4	menyesali,disesali
tinta	4	tinta
beril	4	beril,berilmu
kapten	4	kapten,kapten-kapten
zamrud	4	zamrud
jernih	4	jernih
rebab	4	rebab
menteri	4	menteri,menterinya,menteriku
buntung	4	buntung
pora	4	pora
maaf	4	maafku,memaafkan,maaf
gereja	4	gereja,gereja-ku
bapa	4	bapa-bapa
gotong	4	digotong,menggotong,menggotongnya
kelici	4	kelicikan,kelicikannya
melambang	4	melambangkan
egois	4	egois
dongeng	4	dongeng-dongeng
keringat	3	keringat,berkeringat,keringat-nya
logat	3	logat,logatmu
dobrak	3	mendobrak,didobrak,pendobrak
cicit	3	mencicit,cicitku
kupas	3	mengupas,dikupasnya
urat	3	urat,berurat
bernas	3	bernas
semenjak	3	semenjak
bengis	3	bengis
bidik	3	membidik,membidiknya
usai	3	usai
alang	3	alang-alang
acuh	3	acuh,mengacuhkan
usah	3	usah
dampar	3	terdampar
tindik	3	menindik,penindik,tindiklah
terap	3	menerapkan,diterapkan
krisolit	3	krisolit
malakit	3	malakit
kecubung	3	kecubung
pirus	3	pirus
pita	3	pita
celana	3	celana,celana-celana
ulit	3	menguliti
gegabah	3	gegabah
taksir	3	ditaksir,taksirannya,ditaksirkan
kelinci	3	kelinci
nasar	3	nasar
pelikan	3	pelikan
kelelawar	3	kelelawar
riap	3	berkeriapan
kadal	3	kadal
rendam	3	direndam,merendam
lekuk	3	berlekuk-lekuk,lekuk-lekuk
pungut	3	dipungutnya,pungut
fisik	3	fisik,fisiknya
pelir	3	pelirnya
sepupu	3	sepupu,sepupunya
nampan	3	nampan
onar	3	onar,keonaran
mentimun	3	mentimun
bawang	3	bawang
salut	3	menyalut,bersalutkan
imbal	3	imbalan
tedung	3	tedung
cocok	3	cocok
toreh	3	menoreh,menoreh-noreh,tertoreh-toreh
ranggung	3	ranggung
misal	3	misalnya
panik	3	kepanikan,panik
agam	3	beragam
punca	3	punca
hajat	3	hajat
bakul	3	bakulmu,bakul
barah	3	barah
garang	3	garang
mengapa	3	mengapakah
jelek	3	jelek
ikrar	3	ikrarkan,ikrar
muara	3	muara
telusur	3	menelusuri,telusurilah
pantang	3	pantang
kirbat	3	kirbat
liku	3	berliku-liku
dusun	3	pedusunan
edar	3	peredarannya,beredar
entak	3	mengentak,entakkan,mengentak-entakkan
kuah	3	kuahnya,kuah
suluh	3	suluh
bujang	3	bujangnya
lungsin	3	lungsin
selendang	3	selendang,selendangnya
jengkel	3	kejengkelan,jengkel
getir	3	getir
jarang	3	jarang
lenguh	3	melenguh,lenguhan
cedok	3	mencedoknya,mencedok
cincang	3	mencincang,mencincangmu,mencincangnya
keju	3	keju
loncat	3	meloncat-loncat,meloncat
usik	3	mengusik,diusik
tolol	3	tolol
kera	3	berkerai,kera-kera,kera
pelek	3	pelek,pelek-peleknya
sayat	3	menyayat,menyayat-nyayat,sayatan
perban	3	perban
perlahan	3	perlahan
tingkap	3	tingkap-tingkap
pupuk	3	pupuk
suri	3	suri
jamban	3	jamban
kepal	3	sekepal,kepalan
lunak	3	lunak,melunakkan
kedang	3	mengedangkan
longok	3	melongok
lancar	3	lancar,melancarkan
cermat	3	cermat
lap	3	berlapis,dilapis
mutu	3	bermutu
telut	3	bertelut
arung	3	mengarungi
seni	3	kesenian,seni
bubar	3	membubarkan
bupati	3	bupati
lidi	3	penyelidikan
ampas	3	perampasan,ampasnya
makam	3	makam,makamnya
sederhana	3	sederhana
bar	3	berbaris
gelagah	3	gelagah
sabun	3	sabun
arif	3	kearifan,arif
purnama	3	purnama
lubuk	3	lubuk
kecup	3	mengecup,kecupan
sedap	3	sedap
epak	3	mengepak-ngepakkan,mengepakkan
regang	3	meregangkan,meregang
mufakat	3	bermufakat
perosok	3	terperosok
tikai	3	pertikaian
terjun	3	terjun,terjun-mu
permaisuri	3	permaisuri,permaisuri-permaisurimu
duta	3	duta,duta-duta
tenggorok	3	tenggorokanku,tenggorokan,tenggorokanmu
sipu	3	tersipu-sipu
galah	3	galah,bersegeralah
kendur	3	kendur
sar	3	bersinarlah
merdu	3	merdu
komplot	3	berkomplot
caci	3	mencaci,caci
serong	3	serong
bangkang	3	membangkang,pembangkangan
asmara	3	asmara
gunjing	3	pergunjingan,penggunjing
angkasa	3	angkasa
aneh	3	aneh
lorong	3	lorong,lorong-lorong
petinggi	3	petinggi,petinggi-petinggi
lomba	3	perlombaan,berlomba
curam	3	curam
ikal	3	ikalku,ikalnya,ikalmu
colok	3	mencolok
bilur	3	bilur,bilur-bilurnya,bilur-bilur-nya
raut	3	raut
cangkul	3	mencangkul,cangkul
ayat	3	ayat
gugus	3	gugusan,gugusan-gugusannya
landak	3	landak
gagap	3	gagap
tetas	3	menetaskan,menetaskannya
tapak	3	tapak,tapak-tapak
faedah	3	faedah
rok	3	rokmu
gandeng	3	menggandeng
abad	3	berabad-abad
kebaji	3	kebajikan
koreksi	3	dikoreksi,koreksi,mengoreksi
linang	3	berlinang,linangan
cat	3	dicat,mengecatnya
ngilu	3	ngilu
tutur	3	penuturan,menuturkan
pelangi	3	pelangi
algojo	3	algojo
lampin	3	lampin
sutra	3	sutra
bordir	3	dibordir,bordiran
menstruasi	3	menstruasinya,menstruasi
tempel	3	menempel
balkon	3	balkon,balkon-balkonnya
serunai	3	serunai
lantar	3	terlantar
terigu	3	terigu
nakhoda	3	nakhoda
bentur	3	membentur,terbentur
tonton	3	tontonan
bincang	3	berbincang
rapi	3	merapikan,rapi,rapikan
penghulu	3	penghulu
burit	3	buritan
busa	3	busa,berbusa
karakter	3	karakter,karakternya
kafan	3	kafan,mengafaninya
nas	3	nas
subuh	3	subuh
samak	3	penyamak
sekte	3	sekte
sopan	3	sopan,kesopanan
bejat	3	kebejatan,bejat,kebejatannya
bening	3	sebening,bening
intip	2	mengintip
geladak	2	geladak,geladakmu
aspal	2	aspal
keponakan	2	keponakannya,keponakan
khat	2	khatannya
lagak	2	berlagak
calon	2	calon-calon,calon
canda	2	bercanda,candaan
leluasa	2	keleluasaan,leluasa
hawar	2	hawar
tamborin	2	tamborin
pelan	2	pelan-pelan
besan	2	berbesan,besan
maskawin	2	maskawin
cibir	2	cibiran
belikan	2	belikan
luhur	2	keluhuran,luhur
tambat	2	menambatkan,tertambat
selang	2	berselang,selangkah
kujur	2	sekujur
kanal	2	kanal-kanalnya,kanal-kanal
jawawut	2	jawawut
ketumbar	2	ketumbar
tahap	2	tahap
bumbung	2	membumbung
janin	2	janinnya,janinku
bobol	2	membobol,dibobol
sulut	2	menyulut
semata	2	semata
nilam	2	nilam
tundung	2	menundungi
sapit	2	penyapit
juntai	2	menjuntai
lintang	2	melintang
ambar	2	ambar
akik	2	akik
nefrit	2	nefrit
getah	2	getah
tera	2	tertera
ancang	2	perancang
terali	2	terali
lembar	2	lembaran-lembaran,selembar
puntir	2	memuntir
wajan	2	wajan
keriap	2	mengeriap
tara	2	setara,kesetaraan
unggas	2	unggas
camar	2	camar
pungguk	2	pungguk
kunyit	2	kunyit
nifas	2	nifasnya
bintil	2	bintil,berbintil-bintil
ruam	2	ruam
dagu	2	dagunya,dagu
bibi	2	bibimu
bibit	2	bibit
gores	2	goresan,menggores-gores
memar	2	memar
kebiri	2	dikebiri,mengebiri
dadak	2	mendadak
lumpang	2	lumpang
kunyah	2	dikunyah
perihal	2	perihal
nekat	2	nekat
basmi	2	dibasmi,membasminya
kuntum	2	kuntum,sekuntum
babat	2	membabat
impit	2	terimpit,mengimpitnya
kawasan	2	kawasan
musibah	2	musibah,musibahmu
dandi	2	dandi
undan	2	undan
raga	2	meragai,raga
inti	2	inti
pergok	2	tepergok,pergoki
semburit	2	semburit
jungkir	2	jungkirkan,jungkir
tendang	2	menendang
karun	2	karun
kitar	2	mengitari
pendam	2	terpendam
tanjak	2	tanjakan,menanjak
kidal	2	kidal
perangin	2	peranginannya,peranginan
tinja	2	tinjanya,tinja
laskar	2	laskar
pemetikan	2	pemetikan
keruk	2	mengeruk,dikeruknya
tebak	2	menebaknya
rengek	2	merengek-rengek
kokoh	2	mengokohkannya
telentang	2	telentang
longgar	2	kelonggaran
bertih	2	bertih
cakar	2	cakar
mancung	2	memancung,pemancungan
lusa	2	lusa
kerat	2	sekerat
khalayak	2	khalayak
keting	2	keting,mengeting
sekretaris	2	sekretaris
pantat	2	pantat
nista	2	menista,penistaan
nang	2	disenangi
jasa	2	jasanya
ibunda	2	ibunda
rakit	2	rakit-rakit
pipih	2	pipih,memipihkan
poros	2	poros,poros-poros
tenggara	2	tenggara
tetua	2	tetua
merak	2	merak
mendung	2	mendung
ajudan	2	ajudan,ajudannya
celak	2	celak
kencing	2	kencingnya
kelikir	2	kelikir-ku
telaah	2	telaah
rasi	2	rasi-rasi
panggul	2	memanggul
engsel	2	engselnya
cantum	2	dicantumkan,tercantum
rangkum	2	merangkum,terangkum
sodok	2	penyodok-penyodok
mimbar	2	mimbar
juta	2	sejuta,juta
ikhlas	2	ikhlas,keikhlasan
gemar	2	gemar,kegemaranku
merosot	2	merosot
protes	2	protes,memprotes
kam	2	pengampun
jatah	2	jatah,jatahmu
selir	2	selir,selir-selir
libur	2	libur
garuk	2	menggaruk-garuk,menggaruk
pelupuk	2	pelupuk
hambar	2	hambar
lam	2	terselami
laju	2	melaju
lantas	2	lantas
redup	2	redup,meredup
mapan	2	mapan,memapaninya
fakir	2	fakir
luncur	2	meluncur
bijih	2	bijih
topas	2	topas
redam	2	diredam
kelupas	2	mengelupas
bahuku	2	bahuku
cemerlang	2	cemerlang
sisir	2	menyisir
terjal	2	terjal
pipa	2	pipa-pipa,pipa
teratai	2	teratai
moncong	2	moncongnya,moncong
lapuk	2	lapuk
racik	2	racikan,racik
isak	2	isak
tempurung	2	tempurung
tekuk	2	bertekuk
gada	2	gada-mu,gada
mena	2	menatah
gumam	2	bergumam,menggumamkan
telantar	2	menelantarkanku,ditelantarkan
hantar	2	menghantarnya,dihantarkan
umbar	2	mengumbar
renggut	2	merenggut,direnggut
mentega	2	mentega
kobra	2	kobra
gairah	2	kegairahanku,gairah
pelesat	2	memelesat
nyaris	2	nyaris
mere	2	merekah
pasok	2	pasokan
keluyur	2	keluyuran,berkeluyuran
resap	2	meresap
pijak	2	pijakan
dekap	2	mendekapnya,mendekap
celik	2	mencelikkan,dicelikkan
benderang	2	benderang
semut	2	semut
cerewet	2	cerewet
jerumus	2	terjerumus,menjerumuskan
ledak	2	meledak
sandera	2	sandera
kerikil	2	kerikil
bocor	2	bocor
damba	2	mendambakan
compang-camping	2	compang-camping
aduh	2	mengaduh
patuk	2	dipatuk,mematukmu
seka	2	menyeka
tumpul	2	tumpul
pacar	2	pacar
mawar	2	mawar
iris	2	irisan-irisan
petak	2	petak,petak-petak
pusar	2	pusarmu
gubuk	2	gubuk
bajar	2	belajarlah
teror	2	teror
dangir	2	mendangir,didangir
puntung	2	puntung
konspirasi	2	konspirasi
sepatu	2	sepatu,bersepatu
lolong	2	melolong
rambat	2	merambat,merambatkan
jolok	2	menjolok,penjolokan
debur	2	deburan
siaga	2	bersiaga,siagakan
reta	2	retakan
liuk	2	meliuk-liuk
empas	2	mengempaskannya,mengempas
pening	2	pening
pusing	2	pusing,memusingkan
berengsek	2	berengsek
sejajar	2	sejajar
rintis	2	perintis
jangka	2	jangka
bentangkan	2	bentangkanlah,bentangkan
khayal	2	berkhayal,khayalan
luruh	2	luruh
timang	2	ditimang,timang
bondong	2	berbondong-bondong
encang	2	mengencangkannya,mengencangkan
iba	2	iba
berlian	2	berlian
saing	2	bersaing,persaingan
desis	2	desisan,mendesis
gema	2	bergema
umpat	2	umpatan
endap	2	endapannya
mud	2	pengemudinya,mudi
enak	2	enak-enak
bir	2	biri-biri
pot	2	pot-pot
panci	2	panci-panci
gejolak	2	bergejolak
tekad	2	bertekad
kerut	2	berkerut,kerut
konstruksi	2	konstruksi
jurus	2	jurusan
intan	2	intan
bota	2	kebotakan,kebotakanmu
lukis	2	lukisannya,lukisan
sepele	2	sepele,menyepelekan
mikat	2	memikat,memikatnya
kecoh	2	terkecoh,mengecoh
bedeng	2	bedeng
mesti	2	mesti,mestinya
luk	2	dilukis
aurat	2	auratnya,aurat
dengki	2	kedengkian
tegang	2	menegang,ketegangan
serap	2	menyerap
prihatin	2	prihatin
agamawi	2	agamawi,agamawimu
topi	2	topi
baya	2	sebaya
resmi	2	peresmian
siasat	2	siasat
lin	2	linan
seleweng	2	menyeleweng
pukat	2	pukat,pukatnya
cuaca	2	cuaca
ayan	2	ayan
sen	2	sen
mil	2	mil
selasih	2	selasih
kristus	2	kristus-kristus
cecap	2	mencecapnya,mencecap
dokter	2	dokter
baki	2	baki
diskus	2	berdiskusi
pesona	2	terpesona,memesona
nafkah	2	nafkahnya,nafkah
wibawa	2	wibawa,kewibawaan
selinap	2	menyelinap
usap	2	mengusapnya
kiamat	2	kiamat
dini	2	dini
foya	2	berfoya-foya
dewan	2	dewan
kuning	2	menguning,kuning
ketat	2	ketat
rangsang	2	rangsang,dirangsang
tanjung	2	tanjung
depa	2	depa
haluan	2	haluan
gosip	2	penggosip,bergosip
anut	2	penganut
standar	2	standar
proklamasi	2	memproklamasikan
curiga	2	curiga,kecurigaan
homoseksual	2	homoseksual
berangus	2	memberangus
kesiap	2	kesiapan
disiplin	2	disiplin,kedisiplinanmu
asas	2	asas-asas
prinsip	2	prinsip-prinsip
moral	2	bermoral
wasiat	2	wasiat
selempang	2	selempang
cupak	2	cupak
bedo	1	bedolah
semat	1	menyemat
cawat	1	cawat
gelandang	1	menggelandang
buron	1	buronan
apung	1	terapung-apung
angsur	1	berangsur-angsur
tengger	1	bertengger
rekat	1	perekatnya
kembal	1	sekembalinya
empuk	1	empuk
ragam	1	ragam
mukim	1	pemukiman
cumbu	1	bercumbu
bantal	1	bantal
belang	1	belang-belang
gigih	1	segigih
kilir	1	terkilir
kecut	1	kecut
keliru	1	kekeliruan
silang	1	menyilangkan
setor	1	menyetorkan
loyang	1	loyang-loyang
uak	1	menguak
sahut	1	menyahut
selap	1	selapis
jagung	1	jagung
tangguh	1	menangguhkan
pelat	1	pelat
lokan	1	lokan
rasamala	1	rasamala
bros	1	bros
beka	1	beka
kucur	1	dikucurkan
tembolok	1	tembolok
alap	1	alap-alap
kuntul	1	kuntul
padi	1	padi
tokek	1	tokek
biawak	1	biawak
bunglon	1	bunglon
kronis	1	kronis
idap	1	mengidap
alis	1	alis
kelamin	1	kelaminnya
tato	1	tato
kerdil	1	kerdil
juling	1	juling
dedikasi	1	mendedikasikan
pelepah	1	pelepah
permanen	1	permanen
usuk	1	usuk
semangka	1	semangka
sair	1	penyair
ciut	1	ciut
runduk	1	merunduk
terna	1	peternakan
bubung	1	membubung
marmot	1	marmot
belanja	1	membelanjakan
khidmat	1	khidmat
kapar	1	terkapar
jongkok	1	berjongkok
batuk	1	batuk
radang	1	radang
ari	1	ari-ari
papar	1	kupaparkan
rintik	1	rintik
batok	1	batok
lahan	1	lahan
tiris	1	tiris
suguh	1	disuguhkannya
pulas	1	dipulasnya
balau	1	balau
sentak	1	disentaknya
lawak	1	melawak
lawa	1	lawakan
gedor	1	menggedor-gedor
meleset	1	meleset
cucuk	1	dicucukkannya
akil	1	akil
balig	1	balignya
pelanting	1	terpelanting
papas	1	berpapasan
arit	1	aritnya
kusa	1	kusa
rangkak	1	merangkak
gerincing	1	gerincing
surup	1	kesurupan
enggan	1	enggan
elak	1	mengelakkan
salang	1	salang
pancang	1	terpancang
bujur	1	membujur
durjana	1	durjana
inang	1	inang
kelentung	1	kelentung
kakek	1	kakekmu
gerek	1	penggerek
sangrai	1	sangrai
pedas	1	pedas
kerai	1	kerai
belia	1	belia
kaku	1	kaku
lantik	1	melantik
unjur	1	mengunjurkan
jingkat	1	berjingkat-jingkat
serba	1	serba
bersin	1	bersin
sulur	1	sulur-suluran
kir	1	mengiris-ngirisnya
gara-gara	1	gara-gara
bagan	1	bagan
bambu	1	bambu
unting	1	unting-unting
pakat	1	menyepakati
jelata	1	jelata
lantun	1	melantunkan
rawan	1	relawan
tabir	1	tabir
leta	1	peletakan
cundang	1	pecundang
sengketa	1	sengketa
jasad	1	jasadnya
saya	1	saya
cadang	1	cadangan
renta	1	renta
arsip	1	arsip
dokumen	1	dokumen-dokumen
bahas	1	membahas
paceklik	1	paceklik
mozaik	1	mozaik
kasai	1	kasai
saran	1	disarankan
pangkat	1	pangkatnya
dipan	1	dipan
teji	1	teji
wenang	1	kewenangan
roma	1	romaku
kontes	1	kontes
gugat	1	menggugat
kental	1	mengentalkanku
beranta	1	berantakan
meditasi	1	meditasi
takdir	1	ditakdirkan
pupus	1	pupus
sekarat	1	sekarat
belatung	1	belatung
lirih	1	lirihnya
terowongan	1	terowongan
senyum	1	tersenyum
belikat	1	belikatku
bedung	1	bedungnya
relung	1	relung-relung
rambun	1	rambun
kepak	1	berkepak
surai	1	surai
geletuk	1	menggeletuk
apit	1	mengapit
tempuling	1	tempuling
taut	1	bertautan
katapel	1	katapel
gemeretak	1	gemeretak
genang	1	menggenangi
sembab	1	sembab
kuak	1	terkuak
tegap	1	tegap
syair	1	syairku
hayat	1	hayat
siput	1	siput
miring	1	miring
benak	1	benaknya
gembur	1	menggemburkannya
guyur	1	guyuran
kara	1	kara
lira	1	lira
melotot	1	melotot
kuras	1	dikuras
silam	1	silam
halilintar	1	halilintar
gerangan	1	gerangan
capa	1	mencapainya
gemilang	1	gemilang
senar	1	senar
dengung	1	mendengung
gaung	1	menggaung
anggun	1	anggun
cekcok	1	percekcokan
gar	1	menggaris
pancur	1	pancuran
mujur	1	kemujuran
beber	1	membeberkan
angan	1	angan-angannya
samun	1	penyamun
tuk	1	dikutuki
laknat	1	dilaknat
bosan	1	bosan
senandung	1	menyenandungkan
gurau	1	bergurau
gelinding	1	menggelindingkan
bobot	1	berbobot
alu	1	alu
lesung	1	lesung
wahyu	1	wahyu
manja	1	memanjakan
lintah	1	lintah
kerap	1	kerap
serum	1	serumpun
jejaka	1	jejaka
joli	1	joli
mancur	1	mancur
kenari	1	kenari
seniman	1	seniman
pinang	1	meminangnya
sarat	1	sarat
kesumba	1	kesumba
mondok	1	mondok
serobot	1	menyerobot
caplok	1	mencaplok
hektare	1	hektare
juara	1	juara
peka	1	peka
dongak	1	mendongakkan
bot	1	bot
ricuh	1	kericuhan
cemeti	1	cemeti
gubris	1	menggubris
acak	1	diacak-acak
carang	1	carang-carangnya
sirna	1	sirna
denging	1	dengingan
silau	1	menyilaukan
lumer	1	lumer
dangkal	1	mendangkal
pos	1	pos
ceria	1	keceriaan
bola	1	bola
cecer	1	ceceran
lantak	1	lantak
reyot	1	reyot
saring	1	disaring
sekoi	1	sekoi
eret	1	eretan
tebah	1	ditebahi
sayup	1	sayup-sayup
punuk	1	punuk
minggir	1	minggirlah
sembul	1	menyembul
brutal	1	brutal
strategi	1	strategi
walet	1	walet
ember	1	ember
hening	1	keheningan
patri	1	patrian
gerigi	1	bergerigi
pinus	1	pinus
megap-megap	1	megap-megap
maklum	1	memaklumkan
jeruji	1	jeruji
bisnis	1	bisnis
kelana	1	berkelana
kening	1	keningmu
piutang	1	memiutangi
gegat	1	gegat
warta	1	mewartakan
gonggong	1	menggonggong
lanyau	1	lanyau
rembang	1	rembang
peranjat	1	terperanjat
pinggul	1	pinggulnya
alkali	1	alkali
kelabu	1	mengelabui
sirene	1	sirene
rias	1	merias
sangkar	1	sangkar
sawah	1	sawah
dungu	1	dungu
retak	1	retak-retak
mampir	1	mampir
pantik	1	terpantik
gelitik	1	tergelitik
agal	1	mengagalkan
rambu	1	rambu-rambu
bersit	1	tebersit
kolom	1	kolom
dikte	1	didiktekan
ketiak	1	ketiakmu
mangu	1	termangu-mangu
cita	1	cita
geming	1	bergeming
mah	1	berkemahlah
lunglai	1	lunglai
pemudi	1	pemudi
telan	1	telan
sembap	1	sembap
tetek	1	teteknya
jelaga	1	jelaga
pendar	1	berpendar
seman	1	semanis
buncis	1	buncis
pala	1	pala
warna-warni	1	warna-warni
ilat	1	mengilat
kocok	1	mengocok
moles	1	memoleskan
junta	1	berjuntai
bugil	1	bugil
dera	1	didera
tong	1	tong-tong
teja	1	teja
pilin	1	berpilin
oniks	1	oniks
lecet	1	lecet
bebat	1	dibebat
seruduk	1	menyeruduk
derak	1	berderak-derak
baja	1	baja
longsor	1	longsor
trotoar	1	trotoar
gusur	1	penggusuranmu
baku	1	baku
porsi	1	porsi
festival	1	festival-festival
paya	1	paya-payanya
pribumi	1	pribumi
meter	1	meter
empunya	1	empunya
rapuh	1	rapuh
upaya	1	berupaya
rai	1	beraikan
muai	1	memuai
baur	1	berbaur
bantat	1	bantat
ekang	1	mengekang
tip	1	menipis
anyir	1	anyirnya
kerip	1	pengerip
gesit	1	gesit
betis	1	betis
letus	1	meletus
orion	1	orion
pantul	1	memantul
santa	1	bersantai
sofa	1	sofa
santai	1	santai
bolong	1	bolong
kubah	1	kubah-nya
ayak	1	ayakan
rundung	1	dirundung
teguk	1	meneguk
gasak	1	gasaklah
gandar	1	gandarnya
jaran	1	berkejaran
pasi	1	pasi
cetak	1	cetakan
cedera	1	cederamu
sanggah	1	sanggahanku
ati	1	memberati
rangka	1	rangka
usus	1	usus
ciduk	1	menciduk
jamur	1	jamur
cokelat	1	cokelat
corong	1	corong
pesat	1	pesat
ikhtiar	1	berikhtiar
lonceng	1	lonceng-lonceng
ulah	1	ulahmu
dengus	1	mendengus
iota	1	iota
coret	1	coretan
sodor	1	sodorkan
murung	1	murung
duit	1	duit
bangku	1	bangku-bangku
sembahyang	1	sembahyangnya
adas	1	adas
nisan	1	nisan-nisan
bank	1	bank
regu	1	regu
tenar	1	ketenaran-nya
kejang	1	kejang
gelas	1	segelas
lulus	1	meluluskan
huru-hara	1	huru-hara
rurut	1	berurutan
mulus	1	dimuluskan
gaji	1	gajimu
kilas	1	sekilas
borgol	1	diborgol
repot	1	merepotkan
inggu	1	inggu
sila	1	mempersilakan
peser	1	peser
busung	1	busung
kelola	1	mengelola
murbei	1	murbei
payudara	1	payudaranya
buyung	1	buyung
koin	1	koin
lentera	1	lentera
sabet	1	menyabetkannya
sesah	1	disesah
kelim	1	kelimnya
burai	1	terburai
tunik	1	tunik-tunik
sel	1	sel
pidato	1	pidato
pasal	1	pasal
lisan	1	lisan
polisi	1	polisi
religius	1	religius
pujangga	1	pujangga-pujanggamu
sekolah	1	sekolah
celemek	1	celemek
panitera	1	panitera
suasana	1	suasana
acara	1	pengacara
militer	1	militer
sepoi	1	sepoi-sepoi
kerek	1	mengerek
disentri	1	disentri
bobrok	1	bobrok
sekadar	1	sekadar
istilah	1	istilah
adopsi	1	adopsi
gizi	1	bergizi
individu	1	individu
proporsional	1	proporsional
polos	1	polos
meragi	1	meragikan
keburu	1	keburukan
banci	1	banci
lanjur	1	terlanjur
mantap	1	mantap
allah	1	allah-allah
materi	1	materi
gong	1	gong
canang	1	canang
gemerencing	1	gemerencing
pintas	1	sepintas
anjur	1	anjuran
karam	1	karam
desas-desus	1	desas-desus
nal	1	berkenalan
saka	1	saka
rim	1	berimanlah
kontrak	1	kontrak
kisah	1	kisah
pamer	1	memamerkan
lelucon	1	lelucon-lelucon
kidung	1	kidung
mitra	1	mitra
tulen	1	tulen
rukun	1	rukun
filsafat	1	filsafat
detail	1	detail
gagas	1	gagasan-gagasan
bumbu	1	dibumbui
misteri	1	misteri
selaras	1	selaras
asusila	1	asusila
reputasi	1	reputasi
candu	1	kecanduan
cap	1	dicap
takhayul	1	takhayul
prasangka	1	berprasangka
obar	1	mengobarkan
fakta	1	fakta
kriminal	1	kriminal
perkamen	1	perkamen
leceh	1	dilecehkan
efektif	1	efektif
indra	1	indra
perinci	1	terperinci
ritual	1	ritual
tungkai	1	tungkai
semangkuk	1	semangkuk
melayu	1	melayukan
kelahi	1	perkelahian
lembaga	1	lembaga
kedok	1	kedok
mondar-mandir	1	mondar-mandir
mitos	1	mitos-mitos
purba	1	purba
bin	1	bin
kertas	1	kertas
naluri	1	naluri
salep	1	salep
simbolis	1	simbolis
perjaka	1	perjaka
masyarakat	1	masyarakat
mirah	1	mirah
unam	1	unam
ratna	1	ratna
cempaka	1	cempaka
lazuardi	1	lazuardi
