aku	2066378	aku,akulah,mengakui,mengaku,pengakuan,akui
kau	1428822	kau,kaulah,kaukah,kaupun,kaukan
yang	1261107	yang
tidak	1090300	tidak,setidaknya,tidakkah,tidaklah,ketidak,tidaknya
itu	910285	itu,itulah,itukah,itukan,itupun
ini	909473	ini,inilah,inikah,inikan,inii,inipun
dan	786548	dan,dani
dia	770014	dia,dialah,diapun,diakah,delia,diakan
apa	760661	apa,apapun,apaan,apanya,apalah,apakan
akan	743566	akan,akankah,seakan,akanku,akankan
kita	627564	kita,kitalah,kitai,kitakan,kitapun
untuk	557005	untuk,untukmu,untukku,untuknya,diperuntukkan
ada	480160	ada,berada,keadaan,adanya,mengadakan,adakah
bisa	469019	bisa,bisakah,sebisa,kubisa,sebisaku,berbisa
tak	445156	tak,takkan,takan,taklah,takkanlah
dengan	433610	dengan,denganmu,dengannya,denganku
tahu	401596	tahu,mengetahui,ketahui,mengetahuinya,diketahui,pengetahuan
jadi	393569	jadi,menjadi,terjadi,kejadian,jadilah,menjadikan
mereka	389584	mereka,merekalah,merekapun
orang	378016	orang,seorang,seseorang,seorangpun,orangnya,orangmu
anda	375371	anda,seandainya,andalah
dari	345473	dari,dariku,darimu,darinya
saya	337916	saya,sayalah
laku	327633	lakukan,melakukan,melakukannya,kulakukan,dilakukan,pelakunya
harus	305267	harus,seharusnya,harusnya,haruskah,haruslah,mengharuskan
baik	296597	baik,baiklah,terbaik,sebaiknya,memperbaiki,kebaikan
tapi	293529	tapi
lihat	293174	melihat,lihat,terlihat,melihatnya,lihatlah,melihatmu
kami	282454	kami,kamilah,kamipun
pada	271077	pada,padaku,padamu,padanya,memadai
sudah	260749	sudah,sudahlah,sudahkah,sesudah,sudahi,sesudahnya
ingin	251179	ingin,inginkan,menginginkan,keinginan,menginginkannya,kuinginkan
seperti	248952	seperti,sepertinya,sepertimu,sepertiku
semua	247993	semua,semuanya,disemua,kesemua,kesemuanya
sini	243670	sini,disini,sinilah,sinikah,sinii,sinikan
kamu	233226	kamu,kamulah,kamui,kamukah
adalah	231855	adalah
saja	230739	saja,sajalah,sajakah
pergi	217709	pergi,pergilah,bepergian,perginya,kepergian,berpergian
jika	205882	jika,jikapun
hanya	202799	hanya,hanyalah
dalam	200303	dalam,dalamnya,didalam,kedalam,mendalam,didalamnya
kata	190857	katakan,mengatakan,kata,berkata,kukatakan,mengatakannya
sekarang	188675	sekarang,sekaranglah,sekarangpun
bukan	179948	bukan,bukanlah,bukannya,bukankan
dapat	171124	dapat,mendapatkan,mendapat,dapatkan,mendapatkannya,dapatkah
bagaimana	167293	bagaimana,bagaimanapun,sebagaimana,bagaimanakah
punya	166178	punya,mempunyai,punyaku,punyamu,kupunya,punyai
benar	163813	benar,sebenarnya,benarkah,kebenaran,benarkan,kebenarannya
pikir	163225	pikir,berpikir,kupikir,pikirkan,pikiran,memikirkan
telah	162095	telah,setelah,setelahnya,setelahmu,setelahku
jangan	161410	jangan,janganlah,jangankan
lagi	160576	lagi,lagian,lagipun,lagii
buat	160543	membuat,buat,membuatku,membuatmu,membuatnya,berbuat
lebih	158623	lebih,berlebihan,terlebih,melebihi,kelebihan,selebihnya
temu	152113	menemukan,bertemu,temukan,menemukannya,ditemukan,pertemuan
mungkin	150489	mungkin,kemungkinan,memungkinkan,mungkinkah,kemungkinannya,dimungkinkan
ayo	147533	ayo,ayolah
mana	143550	mana,dimana,kemana,manapun,kemanapun,dimanapun
kalian	140103	kalian,kalianlah
karena	138414	karena,karenamu,karenanya,dikarenakan,karenaku
dengar	137023	dengar,mendengar,dengarkan,mendengarkan,terdengar,mendengarnya
satu	135386	satu,satunya,satupun,bersatu,menyatukan,kesatuan
sangat	134870	sangat,sangatlah
siapa	127975	siapa,siapapun,siapakah,sesiapa,siapalah,sesiapapun
rasa	127889	merasa,kurasa,rasa,rasanya,merasakan,rasakan
mau	127448	mau,maukah,maumu,kumau,kemauan,semaumu
juga	122326	juga,jugalah
apakah	121107	apakah
terima	121064	terima,menerima,berterima,diterima,menerimanya,terimalah
sama	120641	sama,bersama,bersamamu,bersamaku,bersamanya,bersamaan
pernah	119969	pernah,pernahkah,pernahkan
kembali	117854	kembali,kembalikan,kembalilah,mengembalikan,mengembalikannya,dikembalikan
saat	117495	saat,saatnya,sesaat,disaat,saatku,saatmu
hari	114400	hari,sehari,seharian,harinya,harimu,harian
bunuh	113516	membunuh,bunuh,membunuhnya,pembunuh,pembunuhan,membunuhmu
datang	113197	datang,datanglah,kedatangan,mendatangi,datangnya,mendatang
belum	112095	belum,sebelum,sebelumnya,sebelummu
diri	109632	diri,dirimu,diriku,berdiri,dirinya,mendirikan
hal	109620	hal,halnya
banyak	108944	banyak,kebanyakan,sebanyak,banyaknya,terbanyak,memperbanyak
ayah	108694	ayah,ayahku,ayahmu,ayahnya,ayahlah
begitu	108303	begitu,begitulah,begitukah,begitupun,sebegitu,begituan
bicara	107654	bicara,berbicara,bicarakan,membicarakan,bicaralah,pembicaraan
milik	107479	memiliki,milik,milikku,miliki,milikmu,memilikinya
atau	106686	atau,ataupun,ataukah
kenapa	106506	kenapa
hidup	106314	hidup,kehidupan,hidupku,hidupmu,hidupnya,menghidupkan
kerja	105298	bekerja,pekerjaan,kerja,kerjakan,pekerjaanku,pekerjaanmu
tinggal	104047	tinggal,meninggalkan,meninggal,tinggalkan,meninggalkannya,meninggalkanmu
kasih	102664	kasih,kekasih,kekasihku,kekasihmu,kekasihnya,kasihku
sesuatu	101967	sesuatu,sesuatunya,sesuatupun
maaf	101954	maaf,maafkan,memaafkan,memaafkanmu,memaafkanku,dimaafkan
tentang	101085	tentang,tentangmu,menentang,tentangku,tentangnya,bertentangan
sana	100398	sana,disana,sanalah,disanalah,sanakah
mati	97816	mati,kematian,matikan,mematikan,kematiannya,matilah
bilang	97311	bilang,kubilang,dibilang,kaubilang,bilangan,bilangnya
salah	96122	salah,kesalahan,bersalah,salahku,menyalahkan,salahmu
lain	96101	lain,lainnya,melainkan,kelainan,dilain,lainmu
tempat	95043	tempat,menempatkan,tempatnya,tempatmu,ditempat,tempatku
waktu	93665	waktu,waktunya,waktumu,waktuku,sewaktu,diwaktu
lama	93632	lama,selama,selamanya,lamanya,lamaku,lamamu
jalan	93379	jalan,berjalan,perjalanan,menjalankan,jalanan,menjalani
lalu	92943	lalu,melalui,berlalu,lalui,melaluinya,lalumu
keluar	92339	keluar,keluarkan,mengeluarkan,keluarlah,dikeluarkan,mengeluarkanmu
dua	92101	dua,berdua,kedua,keduanya,berduaan,keduaku
bahwa	90826	bahwa
tunggu	89987	tunggu,menunggu,menunggumu,menungguku,tunggulah,menunggunya
kalau	89281	kalau
anak	89046	anak,anakku,anakmu,anaknya,beranak
bagus	88206	bagus,baguslah,bagusnya,sebagus,bagusmu,terbagus
beri	86809	memberikan,memberi,beri,memberimu,memberiku,memberinya
ibu	85931	ibu,ibumu,ibuku,ibunya,keibuan,beribu
bawa	85637	membawa,bawa,membawanya,membawamu,membawaku,dibawa
masih	84533	masih,masihlah,masihkah
malam	82407	malam,semalam,semalaman,malamnya,malammu,bermalam
selamat	81861	selamat,menyelamatkan,selamatkan,menyelamatkannya,menyelamatkanmu,keselamatan
akhir	81654	terakhir,akhirnya,berakhir,akhir,mengakhiri,terakhirku
henti	80830	berhenti,hentikan,menghentikan,menghentikannya,berhentilah,dihentikan
sendiri	80682	sendiri,sendirian,sendirinya,tersendiri,menyendiri,penyendiri
oke	79303	oke,okelah
bagi	79057	bagian,bagi,bagiku,sebagian,bagimu,berbagi
bantu	78845	membantu,bantuan,bantu,membantumu,membantuku,bantuanmu
ambil	77699	mengambil,ambil,mengambilnya,diambil,ambilkan,ambillah
tahun	77015	tahun,setahun,tahunku,tahunan,tahunnya,tahunmu
suka	76116	suka,menyukai,menyukainya,menyukaimu,menyukaiku,sukai
masuk	75967	masuk,masuklah,termasuk,masukkan,memasukkan,masukan
rumah	74537	rumah,rumahku,rumahnya,rumahmu,dirumah,kerumah
baru	73846	baru,terbaru,barumu,baruku,barunya,memperbarui
sampai	73730	sampai,sampaikan,menyampaikan,disampaikan,kusampaikan,menyampaikannya
sedang	73721	sedang,sedangkan
cepat	72874	cepat,cepatlah,kecepatan,secepatnya,secepat,tercepat
perlu	72492	perlu,diperlukan,memerlukan,perlukan,memerlukannya,keperluan
sekali	71516	sekali,sekalian,sekalinya
cara	71240	cara,secara,caranya,caramu,caraku
pasti	70932	pasti,memastikan,pastikan,pastinya,kupastikan,dipastikan
maksud	70330	maksudku,maksudmu,maksud,bermaksud,maksudnya,kumaksud
buah	70324	sebuah,buah,buahku,buahmu,buahnya,disebuah
makan	70205	makan,makanan,memakan,makanlah,dimakan,memakannya
cari	69711	mencari,cari,mencarinya,mencarimu,pencarian,mencariku
biar	69073	biarkan,biar,membiarkan,membiarkanmu,membiarkannya,kubiarkan
besar	68699	besar,terbesar,sebesar,dibesarkan,membesarkan,besarnya
coba	67980	mencoba,coba,cobalah,mencobanya,percobaan,kucoba
beberapa	67626	beberapa,dibeberapa
percaya	67096	percaya,percayalah,dipercaya,mempercayai,kepercayaan,mempercayainya
cinta	66090	cinta,mencintaimu,mencintai,bercinta,mencintainya,mencintaiku
masalah	65907	masalah,masalahnya,masalahmu,bermasalah,masalahku,permasalahan
butuh	65562	butuh,membutuhkan,butuhkan,dibutuhkan,membutuhkanmu,membutuhkannya
nama	64629	nama,namanya,namaku,namamu,bernama,dinamakan
mengapa	64039	mengapa
kan	62045	kan,kekanan,beberkan,dikanan
tentu	59440	tentu,tertentu,menentukan,tentunya,ditentukan,tentukan
tolong	58983	tolong,menolong,tolonglah,menolongmu,menolongku,pertolongan
ingat	58896	ingat,mengingat,peringatan,ingatan,mengingatkan,mengingatnya
atas	57915	atas,diatas,mengatasi,atasnya,mengatasinya,keatas
minta	57748	minta,meminta,permintaan,memintaku,memintamu,memintanya
ketika	57725	ketika,seketika
ikut	56940	ikut,berikutnya,mengikuti,ikuti,berikut,ikutlah
teman	56493	teman,temanku,temanmu,berteman,temannya,menemanimu
mulai	55775	mulai,dimulai,memulai,mulailah,mulainya
sayang	55599	sayang,sayangnya,sayangku,menyayangimu,menyayangi,tersayang
sial	54798	sial,sialan,kesialan,sialanmu,sialnya,sialannya
senang	54768	senang,menyenangkan,kesenangan,bersenang,senangnya,kesenangannya
hilang	52668	kehilangan,hilang,menghilang,menghilangkan,kehilanganmu,hilangnya
tuhan	52507	tuhan,tuhanku,tuhanmu,tuhannya,tuhanlah,bertuhan
sakit	50751	sakit,menyakiti,penyakit,menyakitkan,menyakitimu,kesakitan
cukup	50665	cukup,mencukupi,cukuplah,secukupnya,cukupkah,berkecukupan
erti	50461	mengerti,dimengerti,pengertian,kumengerti,mengertilah,pengertiannya
yakin	50126	yakin,meyakinkan,keyakinan,kuyakin,yakinkan,yakini
main	49977	bermain,permainan,main,pemain,memainkan,mainan
selalu	49641	selalu,selalunya
guna	49423	menggunakan,gunakan,berguna,digunakan,gunanya,menggunakannya
tanya	49269	bertanya,pertanyaan,tanya,menanyakan,tanyakan,pertanyaannya
kali	48680	kali,kalinya,dikali,berkali,kalikan,kalipun
tangan	48439	tangan,tanganmu,tanganku,menangani,tangannya,tangani
pria	48388	pria,prianya,priamu,priaku
tetap	48144	tetap,tetaplah,menetap,menetapkan,ditetapkan,tetapkan
oleh	47910	oleh,memperoleh,olehmu,olehnya,olehku,peroleh
siap	47454	siap,bersiap,siapkan,menyiapkan,bersiaplah,mempersiapkan
bagai	47206	sebagai,berbagai,bagaikan,bagai,sebagainya,sebagaian
uang	46758	uang,uangnya,uangku,uangmu,keuangan,keuangannya
sedikit	46421	sedikit,sedikitpun,sedikitnya,sesedikit
bahkan	46140	bahkan
takut	45427	takut,ketakutan,menakutkan,menakuti,takutkan,menakutiku
tiap	45330	setiap,tiap,disetiap
luar	45231	luar,diluar,luarnya,terluar
harap	44270	berharap,harap,kuharap,harapan,mengharapkan,harapkan
tahan	44201	bertahan,tahan,menahan,tahanan,pertahanan,bertahanlah
kecil	44173	kecil,kecilku,kecilmu,kecilnya,terkecil,sekecil
terlalu	43826	terlalu,keterlaluan
wanita	43523	wanita,wanitanya,wanitamu,wanitaku,kewanitaan
boleh	43243	boleh,bolehkah,diperbolehkan,bolehkan,membolehkan,memperbolehkan
hubung	43038	hubungan,hubungi,menghubungi,berhubungan,hubungannya,menghubungimu
kepada	42855	kepada,kepadaku,kepadamu,kepadanya
pertama	42373	pertama,pertamaku,pertamamu,pertamanya
dunia	42077	dunia,didunia,duniaku,duniamu,dunianya,sedunia
mari	40611	mari,marilah,marian
jauh	40500	jauh,sejauh,menjauh,menjauhlah,jauhkan,jauhnya
kenal	40284	kenal,terkenal,mengenal,dikenal,mengenalnya,mengenalmu
biasa	40002	biasa,biasanya,terbiasa,kebiasaan,membiasakan,biasakan
buruk	39668	buruk,terburuk,memburuk,seburuk,buruknya,memperburuk
tembak	39326	menembak,tembak,tembakan,ditembak,tertembak,menembaknya
berapa	39265	berapa,seberapa,berapapun,berapakah,seberapapun,keberapa
hasil	38455	berhasil,hasil,menghasilkan,hasilnya,keberhasilan,penghasilan
tuju	38070	menuju,setuju,tujuan,tujuannya,persetujuan,menyetujui
tidur	37767	tidur,tertidur,tidurlah,tidurmu,tidurnya,meniduri
kuat	37350	kuat,kekuatan,kekuatannya,kekuatanmu,terkuat,kekuatanku
selesai	37017	selesai,menyelesaikan,selesaikan,menyelesaikannya,diselesaikan,kuselesaikan
tunjuk	36908	menunjukkan,tunjukkan,petunjuk,pertunjukan,kutunjukkan,tunjukan
mobil	36900	mobil,mobilnya,mobilku,mobilmu,dimobil,kemobil
terus	36853	terus,teruskan,teruslah,seterusnya,menerus,meneruskan
ajar	36743	belajar,pelajaran,mempelajari,mengajar,mengajarkan,pelajari
tanpa	36065	tanpa,tanpamu,tanpaku,tanpanya
keluarga	35593	keluarga,keluargaku,keluargamu,keluarganya,berkeluarga,sekeluarga
jam	35467	jam,sejam,jamnya,perjam,jamku,jammu
pakai	35330	memakai,pakai,pakaian,berpakaian,dipakai,pakaianmu
arti	35249	berarti,artinya,arti,mengartikan,berartinya,artian
gadis	35199	gadis,gadisku,gadisnya,gadismu
pilih	34761	pilihan,memilih,pilih,terpilih,dipilih,pemilihan
polisi	34549	polisi,kepolisian,polisinya,polisimu,polisiku
ubah	33698	berubah,mengubah,perubahan,mengubahnya,ubah,diubah
jelas	33409	jelas,menjelaskan,jelaskan,penjelasan,menjelaskannya,dijelaskan
buka	33223	buka,membuka,terbuka,membukanya,dibuka,pembukaan
pulang	33013	pulang,pulanglah,sepulang,memulangkan,pulangkan,dipulangkan
depan	32847	depan,depanmu,didepan,depanku,kedepan,depannya
menang	32830	menang,menangis,memenangkan,kemenangan,pemenang,pemenangnya
bangun	32699	bangun,membangun,bangunan,terbangun,bangunlah,dibangun
gila	32604	gila,kegilaan,menggila,gilanya,segila,penggila
tiga	32556	tiga,ketiga,bertiga,ketiganya,sepertiga,ketigaku
memang	32272	memang,memangnya,memanglah,sememangnya
panggil	32266	panggil,memanggil,panggilan,memanggilku,memanggilnya,memanggilmu
turut	32239	menurutmu,menurut,menurutku,turut,menuruti,menurutnya
para	32094	para
sebut	31771	tersebut,disebut,sebut,menyebutnya,menyebut,menyebutkan
usaha	31740	berusaha,perusahaan,usaha,pengusaha,usahakan,perusahaannya
tarik	31503	menarik,tertarik,tarik,menariknya,ditarik,menarikku
kemudian	31108	kemudian
minum	30974	minum,minuman,minumlah,meminum,meminumnya,minumannya
lupa	30864	lupa,lupakan,melupakan,melupakannya,dilupakan,lupakanlah
telepon	30816	telepon,menelepon,teleponnya,meneleponmu,meneleponku,teleponku
tuan	30695	tuan,tuanmu,tuannya,bertuan
kepala	30540	kepala,kepalamu,kepalanya,kepalaku,berkepala,dikepalaku
cerita	30492	cerita,ceritakan,menceritakan,ceritanya,bercerita,kuceritakan
sungguh	30425	sungguh,sesungguhnya,sungguhan,sungguhkah,bersungguh,kesungguhan
ikan	30322	berikan,ikan,ikannya,ikanku,perikanan,ikanmu
segera	30318	segera,sesegera,segeralah
pun	30287	pun,punku,punpun
tangkap	30164	menangkap,tangkap,menangkapnya,ditangkap,tertangkap,menangkapmu
bawah	30077	bawah,dibawah,kebawah,bawahnya,bawahan,dibawahnya
dekat	29950	dekat,mendekati,mendekat,terdekat,dekatnya,pendekatan
lepas	29940	lepaskan,melepaskan,lepas,melepas,terlepas,melepaskannya
tenang	29830	tenang,tenanglah,menenangkan,ketenangan,tenangkan,penenang
jaga	29685	menjaga,jaga,penjaga,menjaganya,menjagamu,terjaga
kirim	29570	mengirim,kirim,mengirimkan,dikirim,kirimkan,pengiriman
aman	29485	aman,keamanan,amankan,mengamankan,keamanannya,pengamanan
kota	29165	kota,kotaku,dikota,kotanya,kotamu,perkotaan
hati	29046	hati,hatiku,hatimu,hatinya,berhati,hatilah
nyata	28948	nyata,ternyata,kenyataan,menyatakan,kenyataannya,pernyataan
bodoh	28922	bodoh,bodohnya,kebodohan,membodohi,bodohmu,sebodoh
jawab	28804	jawab,menjawab,jawaban,jawabannya,menjawabnya,jawablah
tepat	28758	tepat,tepatnya,menepati,tepati,ketepatan,menepatinya
halo	28624	halo
duduk	28452	duduk,duduklah,penduduk,menduduki,kedudukan,dudukmu
lari	28411	lari,melarikan,berlari,pelarian,larilah,pelari
mohon	28297	kumohon,mohon,memohon,permohonan,dimohon,permohonanmu
mata	28052	mata,matamu,mataku,matanya,bermata,dimata
tua	27501	tua,tuaku,tuamu,tuanya,tertua,menua
rencana	27398	rencana,berencana,rencananya,merencanakan,rencanamu,rencanakan
lewat	27283	lewat,melewati,melewatkan,melewatinya,lewati,lewatkan
mu	27130	mu,muku
manusia	26997	manusia,kemanusiaan,manusianya,manusiamu,kemanusiaanmu,kemanusiaannya
penting	26860	penting,terpenting,kepentingan,pentingnya,mementingkan,kepentinganmu
janji	26694	janji,berjanji,perjanjian,berjanjilah,menjanjikan,janjiku
khawatir	26599	khawatir,khawatirkan,mengkhawatirkan,kekhawatiran,dikhawatirkan,mengkhawatirkanmu
sebentar	26385	sebentar
kemari	26253	kemari,kemarilah,kemarikan
nanti	26209	nanti,nantinya,menanti,menantikan,nantikan,penantian
jatuh	26175	jatuh,jatuhkan,menjatuhkan,terjatuh,menjatuhkannya,dijatuhkan
tutup	26143	tutup,menutup,ditutup,tertutup,menutupi,penutup
putus	26047	memutuskan,keputusan,putus,putuskan,keputusanmu,terputus
air	25974	air,airnya,perairan,berair,airku,airmu
senjata	25899	senjata,bersenjata,senjatamu,senjatanya,senjataku,persenjataan
hebat	25847	hebat,terhebat,hebatnya,sehebat,kehebatan,kehebatanmu
bayar	25028	membayar,bayar,dibayar,bayaran,membayarnya,membayarmu
pintu	24995	pintu,pintunya,pintumu,pintuku,dipintu,kepintu
seluruh	24935	seluruh,keseluruhan,seluruhnya,diseluruh,menyeluruh,keseluruh
perintah	24878	perintah,pemerintah,memerintahkan,pemerintahan,memerintah,perintahkan
pagi	24572	pagi,paginya,sepagi,dipagi,pagiku,pagimu
sulit	24390	sulit,kesulitan,sulitnya,tersulit,menyulitkan,mempersulit
peduli	24371	peduli,pedulikan,pedulimu,mempedulikan,kepedulian,kupedulikan
hancur	24089	menghancurkan,hancur,hancurkan,menghancurkannya,dihancurkan,kehancuran
hai	23983	hai,haii
tugas	23975	tugas,petugas,bertugas,tugasku,tugasmu,tugasnya
tadi	23907	tadi,tadinya
masa	23897	masa,semasa,masanya,dimasa,masaku,masamu
diam	23831	diam,diamlah,kediaman,berdiam,pendiam,terdiam
turun	23736	turun,turunkan,keturunan,menurunkan,menurun,turunlah
lindung	23715	melindungi,perlindungan,melindungimu,lindungi,pelindung,melindunginya
paling	23446	paling,berpaling,palingkan,berpalinglah
aneh	23389	aneh,anehnya,keanehan,teraneh,anehmu,seaneh
kira	23341	kira,kukira,perkiraan,diperkirakan,memperkirakan,perkirakan
hadap	23114	terhadap,menghadapi,hadapi,berhadapan,hadapan,menghadapinya
bulan	23104	bulan,sebulan,bulanan,berbulan,bulannya,perbulan
darah	23051	darah,berdarah,darahnya,darahmu,darahku,pendarahan
ruang	23012	ruang,ruangan,ruangannya,ruanganku,diruang,diruangan
serang	22896	serangan,menyerang,diserang,serang,penyerangan,menyerangku
belakang	22846	belakang,belakangan,dibelakang,belakangmu,belakangnya,belakangku
habis	22608	menghabiskan,habis,kehabisan,habiskan,habisi,menghabisi
kabar	22585	kabar,kabarmu,kabarnya,kabari,kukabari,dikabarkan
maka	22522	maka,memakainya,memakaimu,pemakainya
jahat	22518	jahat,kejahatan,penjahat,kejahatannya,penjahatnya,jahatnya
sekolah	22492	sekolah,sekolahmu,bersekolah,sekolahnya,sekolahku,sekolahan
tulis	22426	menulis,tulis,penulis,tertulis,tulisan,ditulis
urus	22404	urusan,mengurus,berurusan,urus,urusanmu,mengurusnya
bohong	22321	berbohong,bohong,kebohongan,pembohong,membohongi,membohongiku
gerak	22297	bergerak,gerak,menggerakkan,gerakkan,bergeraklah,penggerak
suatu	22278	suatu,disuatu,kesuatu
beda	22149	berbeda,perbedaan,bedanya,beda,membedakan,perbedaannya
serah	22144	menyerah,terserah,menyerahkan,serahkan,menyerahkannya,menyerahlah
pukul	22133	pukul,memukul,pukulan,memukulku,memukulnya,memukulmu
untung	22090	beruntung,keberuntungan,keuntungan,untungnya,menguntungkan,untung
cuma	22076	cuma
harga	21957	berharga,harga,menghargai,harganya,penghargaan,hargai
paham	21692	paham,memahami,memahaminya,pahami,dipahami,pemahaman
raja	21559	raja,kerajaan,rajaku,rajanya,rajamu,kerajaanku
menit	21430	menit,semenit,menitnya,semenitpun,menitmu
alas	21380	alasan,alasannya,alasanmu,alasanku,beralasan,alas
tampak	21354	tampak,tampaknya,penampakan,menampakkan,tampakkan,menampakan
panjang	21240	sepanjang,panjang,memperpanjang,panjangnya,terpanjang,perpanjangan
sempat	21172	kesempatan,sempat,kesempatanmu,kesempatanku,kesempatannya,berkesempatan
istri	21135	istri,istriku,istrimu,istrinya,beristri
periksa	20930	memeriksa,periksa,pemeriksaan,memeriksanya,diperiksa,kuperiksa
sekitar	20815	sekitar,disekitar,sekitarnya,sekitarmu,sekitarku,disekitarnya
keras	20635	keras,kekerasan,sekeras,kerasnya,pengeras,mengeras
sebab	20577	sebabnya,menyebabkan,sebab,penyebab,disebabkan,penyebabnya
besok	20575	besok,besoknya
kena	20562	mengenai,kena,terkena,mengenakan,kenakan,dikenakan
dasar	20521	dasar,berdasarkan,dasarnya,didasarkan,berdasar,mendasar
segala	20474	segalanya,segala
minggu	20454	minggu,seminggu,mingguan,minggunya,semingguan,berminggu
kamar	20444	kamar,kamarku,kamarmu,kamarnya,sekamar,dikamar
hampir	20358	hampir,menghampiri,menghampiriku,menghampirimu,menghampirinya,berhampiran
kaki	20289	kaki,kakimu,kakiku,kakinya,dikaki
soal	20070	soal,persoalan,soalnya,soalan,persoalannya,soalmu
sejak	19932	sejak
kapan	19635	kapan,kapanpun,kapankah
lawan	19591	melawan,lawan,perlawanan,melawannya,berlawanan,melawanku
sadar	19578	sadar,menyadari,menyadarinya,kesadaran,sadarlah,sadari
asa	19563	perasaan,terasa,perasaanmu,asa,perasaanku,perasaannya
cantik	19518	cantik,kecantikan,cantiknya,tercantik,secantik,kecantikanmu
astaga	19517	astaga
lanjut	19480	selanjutnya,lanjutkan,melanjutkan,lanjut,berlanjut,dilanjutkan
tau	19323	tau,taukah,taulah,kutau,ketauan
mudah	19294	mudah,semudah,mudahnya,termudah,memudahkan,kemudahan
luka	19257	terluka,luka,melukai,lukanya,melukaimu,lukamu
tetapi	19201	tetapi
iya	19196	iya,seiya,iyakan,iyakah,iyalah,mengiyakan
putri	19154	putri,putriku,putrimu,putrinya
tim	18783	tim,timku,timnya,timmu,setim,setimnya
kalah	18497	kalah,mengalahkan,kalahkan,mengalahkannya,dikalahkan,terkalahkan
kawan	18461	kawan,kawanan,kawanku,kawanmu,sekawanan,kawanannya
suara	18349	suara,suaranya,suaramu,suaraku,bersuara,menyuarakan
tengah	18341	setengah,tengah,pertengahan,setengahnya,menengah,ditengah
latih	18333	latihan,berlatih,pelatih,pelatihan,melatih,dilatih
saudara	18286	saudara,saudaraku,saudaramu,bersaudara,saudaranya,persaudaraan
sembunyi	18209	bersembunyi,menyembunyikan,tersembunyi,sembunyi,sembunyikan,menyembunyikannya
atur	18135	aturan,mengatur,peraturan,diatur,atur,aturannya
nak	18070	nak
bebas	17862	bebas,kebebasan,membebaskan,dibebaskan,bebaskan,pembebasan
bukti	17842	bukti,membuktikan,buktikan,membuktikannya,terbukti,buktinya
penuh	17774	penuh,memenuhi,dipenuhi,penuhi,terpenuhi,memenuhinya
dokter	17750	dokter,kedokteran,dokternya,dokterku,doktermu
baca	17712	membaca,baca,membacanya,membacakan,pembaca,dibaca
naik	17703	naik,naiklah,naikkan,menaiki,menaikkan,kenaikan
kunci	17680	kunci,kuncinya,terkunci,mengunci,dikunci,menguncinya
bahaya	17540	berbahaya,bahaya,membahayakan,bahayanya,berbahayanya,bahayakan
marah	17536	marah,kemarahan,pemarah,dimarahi,kemarahanmu,memarahiku
bukankah	17524	bukankah
indah	17524	indah,keindahan,indahnya,terindah,indahmu,seindah
beli	17463	membeli,beli,membelikan,pembeli,dibeli,membelikanmu
hukum	17296	hukum,hukuman,dihukum,menghukum,hukumannya,menghukummu
agar	17267	agar
tubuh	17107	tubuh,tubuhnya,tubuhmu,tubuhku,bersetubuh,bertubuh
antara	17084	antara,diantara,diantaranya,perantara,antaranya
bakar	17048	terbakar,bakar,membakar,kebakaran,dibakar,membakarnya
curi	16927	mencuri,pencuri,dicuri,pencurian,curi,curian
wajah	16870	wajah,wajahmu,wajahnya,wajahku,berwajah,diwajahmu
awal	16857	awal,awalnya,pengawal,mengawal,berawal,pengawalan
tinggi	16754	tinggi,tertinggi,ketinggian,tingginya,meninggi,tinggimu
kosong	16734	kosong,kosongkan,mengosongkan,kekosongan,kosongmu,kosongnya
berat	16706	berat,keberatan,beratnya,beratmu,seberat,terberat
lambat	16596	terlambat,lambat,memperlambat,melambat,keterlambatan,memperlambatnya
serius	16577	serius,seriuslah,seriusnya,seserius,seriusan,keseriusan
buku	16556	buku,bukunya,bukumu,bukuku,pembukuan,dibuku
langsung	16553	langsung,berlangsung,kelangsungan,melangsungkan,dilangsungkan,keberlangsungan
perang	16335	perang,berperang,perangnya,perangmu,perangku
hormat	16300	kehormatan,hormat,terhormat,menghormati,dihormati,penghormatan
benci	16295	benci,membenci,membencimu,kebencian,membenciku,membencinya
rahasia	16257	rahasia,rahasiamu,rahasianya,merahasiakan,merahasiakannya,rahasiaku
macam	16256	semacam,macam,semacamnya,bermacam,macamnya
berani	15842	berani,keberanian,beraninya,pemberani,keberanianmu,keberaniannya
ulang	15803	ulang,ulangi,berulang,mengulang,mengulangi,kuulangi
perhati	15604	perhatian,perhatikan,memperhatikan,perhatiannya,perhatianmu,perhatianku
kapal	15600	kapal,kapalnya,kapalku,kapalmu,dikapal,kapalan
nikah	15556	pernikahan,menikahi,pernikahannya,pernikahanmu,menikahinya,pernikahanku
balik	15554	balik,sebaliknya,berbalik,dibalik,terbalik,berbaliklah
kasus	15548	kasus,kasusnya,kasusmu,kasusku,kaukasus
taruh	15460	menaruh,taruh,bertaruh,taruhan,mempertaruhkan,menaruhnya
pindah	15243	pindah,memindahkan,pindahkan,dipindahkan,memindahkannya,berpindah
ganggu	15151	mengganggu,gangguan,mengganggumu,ganggu,terganggu,menggangguku
awas	15044	awas,mengawasi,awasi,pengawasan,pengawas,mengawasimu
jual	15037	menjual,jual,menjualnya,dijual,penjualan,penjual
bahagia	15024	bahagia,kebahagiaan,berbahagia,membahagiakan,bahagianya,berbahagialah
terbang	15022	terbang,penerbangan,menerbangkan,terbangkan,penerbangannya,terbanglah
mimpi	14971	mimpi,bermimpi,mimpiku,mimpimu,memimpikan,mimpinya
acara	14949	acara,pengacara,acaranya,pengacaraku,pengacaranya,pengacaramu
entah	14771	entahlah,entah
pesta	14752	pesta,berpesta,pestanya,pestamu,pestaku,dipesta
bajing	14739	bajingan,bajing,bajingannya
kakak	14723	kakak,kakakku,kakakmu,kakaknya
arah	14707	arah,mengarah,arahkan,mengarahkan,arahnya,kearah
ide	14670	ide,idenya,idemu,ideku
anjing	14639	anjing,anjingnya,anjingku,anjingmu
demi	14591	demi
mampu	14509	mampu,kemampuan,kemampuanmu,kemampuannya,kemampuanku,semampuku
daripada	14437	daripada,daripadamu,daripadaku,daripadanya
muda	14355	muda,termuda,mudaku,mudamu,bermuda,mudanya
negara	14346	negara,negaramu,negaraku,negaranya,kenegaraan,dinegara
kurang	14275	kurang,kekurangan,mengurangi,berkurang,kurangnya,kurangi
meni	14243	menikah
simpan	14233	menyimpan,simpan,menyimpannya,penyimpanan,disimpan,simpanan
potong	14024	memotong,potong,potongan,sepotong,dipotong,memotongnya
lapor	13989	laporan,melaporkan,melapor,laporkan,dilaporkan,lapor
lima	13963	lima,kelima,berlima,seperlima,kelimanya
guru	13961	guru,perguruan,gurumu,guruku,gurunya,menggurui
bayi	13932	bayi,bayinya,bayiku,bayimu
pegang	13868	pegang,memegang,pegangan,memegangnya,pemegang,berpegang
panas	13822	panas,pemanasan,kepanasan,panasnya,pemanas,memanas
ganti	13795	ganti,mengganti,menggantikan,pengganti,gantinya,berganti
pacar	13758	pacar,pacarmu,pacarku,pacarnya,pacaran,berpacaran
pesan	13713	pesan,pesanan,pesannya,pesanmu,pesanku,pesananmu
kecuali	13661	kecuali,pengecualian,terkecuali,dikecualikan,mengecualikan,perkecualian
makin	13611	semakin,makin
korban	13556	korban,mengorbankan,pengorbanan,korbannya,berkorban,korbankan
kantor	13516	kantor,kantorku,kantornya,kantormu,dikantor,kantoran
suruh	13514	suruh,menyuruh,menyuruhku,menyuruhmu,menyuruhnya,kusuruh
obat	13456	obat,obatnya,pengobatan,mengobati,obatmu,diobati
tanda	13344	tanda,pertanda,menandai,ditandai,tandanya,penanda
permisi	13336	permisi
penjara	13299	penjara,dipenjara,memenjarakan,memenjarakannya,penjarakan,memenjarakanmu
adil	13280	adil,pengadilan,keadilan,diadili,peradilan,mengadili
sentuh	13258	menyentuh,sentuh,menyentuhnya,sentuhan,menyentuhku,tersentuh
tanah	13214	tanah,tanahnya,tanahku,tanahmu,ditanah,ketanah
empat	13187	empat,keempat,berempat,seperempat,perempat,perempatan
nomor	13172	nomor,nomornya,nomormu,nomorku,bernomor
sisa	13095	tersisa,sisa,sisanya,menyisakan,sisakan,bersisa
angkat	13073	angkat,mengangkat,angkatan,mengangkatnya,diangkat,terangkat
lucu	13038	lucu,lucunya,melucu,selucu,terlucu,kelucuan
sila	12981	silakan,sila,dipersilakan,persilakan,mempersilakan
kapten	12933	kapten,kaptennya,kaptenmu,kaptenku
adik	12884	adikku,adik,adikmu,adiknya,beradik
suami	12812	suami,suamiku,suamimu,suaminya
pasang	12806	pasangan,pasang,memasang,sepasang,dipasang,terpasang
meski	12796	meskipun,meski
api	12783	api,apinya,perapian,pengapian,apimu,apiku
mulia	12773	mulia,kemuliaan,dimuliakan,memuliakan,dimuliakanlah,mulianya
pesawat	12668	pesawat,pesawatnya,pesawatku,pesawatmu,dipesawat
malu	12553	malu,memalukan,mempermalukan,pemalu,kemaluan,dipermalukan
agen	12532	agen,agenku,agenmu,agennya
film	12524	film,filmnya,filmmu,filmku,difilmkan,memfilmkan
laut	12480	laut,lautan,pelaut,kelautan,lautnya,dilaut
dingin	12232	dingin,kedinginan,pendingin,dinginnya,mendinginkan,dinginkan
kejut	12115	terkejut,kejutan,mengejutkan,mengejutkanku,mengejutkanmu,kejut
jumpa	12110	jumpa,berjumpa,menjumpai,jumpai,menjumpaimu,menjumpainya
gambar	12093	gambar,menggambar,menggambarkan,gambaran,gambarnya,digambarkan
nona	12085	nona,nonaku
pimpin	12083	pemimpin,memimpin,pimpinan,dipimpin,kepemimpinan,pemimpinnya
kelas	12074	kelas,berkelas,kelasku,sekelas,kelasnya,kelasmu
anggap	12067	anggap,menganggap,dianggap,menganggapnya,menganggapku,kuanggap
silah	11943	silahkan,dipersilahkan,persilahkan,mempersilahkan
bayang	11887	bayangkan,membayangkan,bayangan,kubayangkan,membayangkannya,dibayangkan
bersih	11879	bersih,membersihkan,dibersihkan,membersihkannya,pembersih,pembersihan
bahasa	11866	bahasa,berbahasa,bahasamu,bahasanya,bahasaku
pasu	11848	pasukan,pasukannya,pasukanmu,memasukan,pasukanku,memasukannya
bung	11759	bung
tambah	11756	tambahan,ditambah,tambah,bertambah,menambahkan,menambah
lahir	11675	lahir,dilahirkan,melahirkan,terlahir,kelahiran,kelahirannya
sedih	11672	sedih,menyedihkan,kesedihan,bersedih,sedihnya,kesedihanku
ledak	11640	ledakan,meledak,meledakkan,peledak,ledakkan,meledakkannya
rusak	11637	rusak,merusak,merusaknya,dirusak,merusakkan,rusaknya
buang	11602	buang,membuang,membuangnya,dibuang,pembuangan,terbuang
sementara	11530	sementara
tindak	11511	bertindak,tindakan,tindak,tindakanmu,tindakannya,tindakanku
alam	11457	alam,pengalaman,berpengalaman,mengalaminya,pengalamanku,kualami
muncul	11456	muncul,bermunculan,munculnya,memunculkan,kemunculan,muncullah
utama	11433	utama,terutama,utamanya,utamaku,utamamu,mengutamakan
bumi	11384	bumi,dibumi,membumi,bumiku,bumimu,buminya
bisnis	11374	bisnis,berbisnis,bisnisku,bisnisnya,bisnismu,pebisnis
sihir	11374	penyihir,sihir,sihirnya,sihirmu,sihirku,menyihir
tiba	11324	tiba,setibanya,tibalah,tibanya
umur	11305	umur,seumur,berumur,umurmu,umurnya,umurku
surat	11282	surat,suratnya,suratmu,suratku,menyurat,suratan
sempurna	11236	sempurna,kesempurnaan,menyempurnakan,disempurnakan,sempurnakan,menyempurnakannya
omong	11235	omong,omongan,omonganmu,omonganku,omongannya,omongkan
keren	11231	keren,kerennya,terkeren,sekeren
alami	11220	mengalami,alami,dialami,alaminya,alamimu,alamiku
isi	11194	isi,mengisi,berisi,isinya,diisi,terisi
cium	11166	mencium,ciuman,cium,menciumnya,menciumku,berciuman
jujur	11163	jujur,sejujurnya,kejujuran,jujurlah,kejujuranmu,sejujur
barang	11124	barang,barangnya,barangmu,barangku
kendali	11069	kendali,mengendalikan,terkendali,pengendali,kendalikan,dikendalikan
juta	10976	juta,jutaan,sejuta,berjuta
paman	10812	paman,pamanku,pamanmu,pamannya
tawar	10794	menawarkan,tawaran,penawaran,tawarkan,penawar,ditawarkan
belah	10780	sebelah,disebelah,belah,membelah,sebelahnya,terbelah
telpon	10724	telpon,menelpon,menelponmu,telponnya,menelponku,menelponnya
canda	10716	bercanda,candaan,canda,bercandanya
gelap	10675	gelap,kegelapan,penggelapan,menggelapkan,tergelap,gelapnya
kesini	10590	kesini,kesinilah
asal	10555	berasal,asal,asalnya,asalmu,asalkan,asalku
moga	10529	semoga,moga
pribadi	10481	pribadi,kepribadian,pribadiku,pribadinya,pribadimu,kepribadiannya
kumpul	10461	mengumpulkan,berkumpul,kumpulkan,kumpulan,perkumpulan,sekumpulan
gabung	10448	bergabung,bergabunglah,gabungan,menggabungkan,gabung,penggabungan
mesin	10411	mesin,mesinnya,mesinmu,mesinku
rupa	10401	merupakan,rupanya,serupa,rupa,menyerupai,rupaku
mundur	10378	mundur,mundurlah,kemunduran,mundurkan,memundurkan,mundurnya
perempuan	10358	perempuan,perempuanku,perempuannya,perempuanmu
kejar	10332	mengejar,kejar,mengejarnya,mengejarmu,mengejarku,dikejar
layan	10312	pelayan,melayani,layanan,pelayanan,melayanimu,layani
tarung	10237	bertarung,pertarungan,petarung,bertarunglah,pertarungannya,pertarunganmu
berita	10183	berita,beritanya,memberitakan,diberitakan,pemberitaan,beritamu
letak	10154	letakkan,meletakkan,terletak,meletakkannya,letak,diletakkan
nikmat	10146	menikmati,nikmati,menikmatinya,nikmatilah,nikmat,kenikmatan
tonton	10139	menonton,penonton,menontonnya,tonton,tontonan,ditonton
sering	10114	sering,sesering,seringnya,seringan
kuasa	10104	kekuasaan,menguasai,berkuasa,penguasa,kuasa,kuasai
sesal	10094	menyesal,penyesalan,menyesalinya,sesali,kusesali,sesal
namun	10066	namun
brengsek	10063	brengsek,brengseknya,brengsekmu
begini	10060	begini,beginilah,beginikah,beginian,sebegini
foto	10047	foto,fotonya,fotomu,berfoto,fotoku,difoto
tari	10004	menari,penari,tarian,tari,ketertarikan,penarikan
bila	9997	bila
mulut	9987	mulut,mulutmu,mulutnya,mulutku,bermulut,dimulutku
istirahat	9983	istirahat,beristirahat,istirahatlah,beristirahatlah,peristirahatan,mengistirahatkan
lagu	9879	lagu,lagunya,lagumu,laguku
kotor	9871	kotor,kotoran,mengotori,kotormu,kotorannya,kotornya
sang	9854	sang
ucap	9827	mengucapkan,ucapkan,ucapan,ucapanmu,diucapkan,ucapanku
sisi	9813	sisi,sisiku,sisimu,sisinya,disisi
rambut	9806	rambut,rambutmu,rambutnya,rambutku,berambut
catat	9793	catatan,mencatat,dicatat,tercatat,catatannya,catat
enak	9779	enak,seenaknya,enaknya,seenak,enakan,mengenakkan
paksa	9776	memaksa,terpaksa,paksa,memaksaku,dipaksa,memaksamu
tingkat	9764	tingkat,meningkatkan,meningkat,peningkatan,tingkatan,tingkatkan
hadiah	9694	hadiah,hadiahnya,hadiahku,hadiahmu,menghadiahkan,berhadiah
rindu	9660	merindukanmu,rindu,merindukan,merindukannya,merindukanku,rindukan
gagal	9651	gagal,kegagalan,menggagalkan,kegagalanmu,digagalkan,menggagalkannya
tanggung	9636	bertanggung,tanggung,menanggung,menanggungnya,penanggung,ditanggung
sehingga	9624	sehingga,sehinggalah
alat	9515	alat,peralatan,alatnya,peralatannya,peralatanku,peralatanmu
huh	9510	huh
libat	9503	terlibat,melibatkan,keterlibatan,libatkan,melibatkanmu,melibatkanku
nyanyi	9500	bernyanyi,menyanyi,menyanyikan,penyanyi,nyanyikan,nyanyi
buru	9500	pemburu,berburu,memburu,perburuan,buru,diburu
daftar	9489	daftar,mendaftar,terdaftar,daftarnya,pendaftaran,mendaftarkan
saksi	9484	saksi,menyaksikan,bersaksi,kesaksian,saksikan,menyaksikannya
musuh	9452	musuh,musuhmu,musuhku,bermusuhan,musuhnya,permusuhan
tekan	9385	tekanan,tekan,menekan,tertekan,menekannya,ditekan
antar	9361	antar,mengantar,mengantarmu,mengantarkan,mengantarnya,mengantarku
terjemah	9352	diterjemahkan,penerjemah,terjemahan,menerjemahkan,terjemahkan,penterjemah
manis	9337	manis,manisnya,manisan,manisku,manismu,kemanisan
siang	9335	siang,siangnya,siangmu,siangku,kesiangan,disiang
batas	9306	batas,perbatasan,terbatas,batasan,membatasi,pembatas
balas	9292	balas,membalas,pembalasan,balasan,membalasnya,membalaskan
informasi	9288	informasi,informasinya,menginformasikan,informasikan,informasimu,diinformasikan
hitam	9284	hitam,hitamnya,hitammu,hitamku,menghitam,hitamkan
awak	9267	awak,berawak,awaknya,awakmu,awakku,awaklah
bos	9256	bos,bosku,bosmu,bosnya
betul	9244	betul,kebetulan,sebetulnya,betulkah,betulkan,membetulkan
agak	9132	agak,agaknya
bola	9079	bola,bolanya,bolamu,bolaku
musim	9031	musim,musiman,musimnya,dimusim
benda	9015	benda,bendanya
man	9007	man,termanis,pemanis,berman,mempermanis
posisi	8996	posisi,posisimu,posisinya,posisiku,diposisi,posisikan
hak	8975	hak,berhak,hakmu,hakku,haknya,hakan
jenis	8891	jenis,sejenis,sejenisnya,jenisnya,jenismu,jenisku
tipu	8853	menipu,penipu,tipuan,penipuan,tertipu,menipuku
kemarin	8826	kemarin
sumpah	8800	bersumpah,sumpah,bersumpahlah,sumpahku,sumpahmu,disumpah
kacau	8785	kacau,kekacauan,kacaukan,kacaunya,kekacauannya,dikacaukan
operasi	8764	operasi,beroperasi,operasinya,dioperasi,mengoperasikan,mengoperasi
tolak	8753	menolak,ditolak,menolaknya,penolakan,tolak,menolakku
hingga	8750	hingga,terhingga
batu	8733	batu,batunya,batuan,berbatu,membatu,batumu
puluh	8704	sepuluh,puluh,puluhan,kesepuluh,sepersepuluh
merah	8703	merah,memerah,merahnya,kemerahan,merahmu,merahku
saling	8676	saling
musik	8665	musik,musiknya,musikmu,musikku,pemusik,bermusik
betapa	8635	betapa,betapapun
jebak	8631	terjebak,jebakan,menjebak,menjebakku,dijebak,menjebaknya
bau	8583	bau,baunya,berbau,baumu,bauku,membaui
udara	8575	udara,udaranya,mengudara,diudara,udaraku
putar	8575	berputar,putar,putaran,memutar,diputar,pemutar
usia	8553	usia,berusia,usianya,usiaku,usiamu,seusiamu
jiwa	8548	jiwa,jiwaku,jiwamu,jiwanya,kejiwaan,berjiwa
anggota	8540	anggota,anggotanya,anggotamu,anggotaku,keanggotaan,beranggotakan
celaka	8527	kecelakaan,celaka,mencelakai,kecelakaannya,celakalah,mencelakakan
lantai	8490	lantai,dilantai,lantainya,lantaimu,kelantai,lantaiku
sepakat	8482	kesepakatan,sepakat,kesepakatannya,sepakati,bersepakat,kesepakatanmu
lapar	8470	lapar,kelaparan,laparnya,laparmu
otak	8457	otak,otaknya,otakmu,otakku,berotak
singkir	8446	singkirkan,menyingkirkan,menyingkir,menyingkirlah,menyingkirkannya,disingkirkan
gantung	8423	tergantung,bergantung,menggantung,gantung,digantung,gantungan
enam	8414	enam,keenam,berenam
ribu	8405	ribu,ribuan,seribu
hantu	8388	hantu,menghantui,berhantu,dihantui,hantunya,menghantuiku
selain	8381	selain
tertawa	8372	tertawa,menertawakan,tertawakan,menertawakanku,tertawalah,tertawaan
ahli	8367	ahli,keahlian,ahlinya,keahlianmu,keahlianku,keahliannya
pintar	8364	pintar,terpintar,sepintar,kepintaran,pintarnya,kepintaranmu
ampun	8360	ampun,pengampunan,mengampuni,ampuni,diampuni,mengampunimu
pistol	8359	pistol,pistolnya,pistolmu,pistolku,berpistol
sistem	8347	sistem,sistemnya,sistemmu,sistemku
kartu	8335	kartu,kartunya,kartumu,kartuku
hitung	8331	menghitung,hitungan,hitung,perhitungan,dihitung,terhitung
mandi	8325	mandi,mandinya,pemandian,mandilah,mandimu,memandikan
kesana	8302	kesana,kesanalah
putra	8267	putra,putraku,putramu,putranya
kereta	8266	kereta,keretanya,keretaku,keretakan,keretamu
rekam	8261	rekaman,merekam,rekam,rekamannya,merekamnya,direkam
keri	8239	mengerikan,mengerikannya
bintang	8239	bintang,bintangnya,dibintangi,membintangi,bintangku,berbintang
sibuk	8231	sibuk,kesibukan,menyibukkan,sibuknya,tersibuk,disibukkan
inggris	8159	inggris,inggrismu,inggrisnya,inggrisku
pandang	8144	pandangan,pemandangan,pandang,memandang,pandanganku,pandanganmu
lempar	8122	melempar,melemparkan,lempar,lemparkan,lemparan,melemparnya
sedia	8107	bersedia,menyediakan,persediaan,tersedia,sedia,disediakan
alih	8093	alih,mengalihkan,beralih,pengalihan,alihkan,pengalih
presiden	8085	presiden,kepresidenan,presidennya,presidenmu
khusus	8027	khusus,khususnya,mengkhususkan,dikhususkan,khususmu,khususku
putih	8017	putih,putihnya,putihmu,putihku,seputih
nenek	8014	nenek,nenekku,nenekmu,neneknya
juang	7996	berjuang,pejuang,perjuangan,perjuangkan,memperjuangkan,berjuanglah
derita	7971	menderita,penderitaan,penderita,derita,penderitaanmu,penderitaannya
toko	7927	toko,tokonya,tokoku,tokomu,ditoko,pertokoan
mabuk	7919	mabuk,pemabuk,memabukkan,mabuknya,dimabuk,semabuk
sih	7915	sih,bersihkan,bersihkanlah
cipta	7853	menciptakan,diciptakan,ciptakan,pencipta,penciptaan,ciptaan
kamera	7845	kamera,kameranya,kameraku,kameramu
situasi	7845	situasi,situasinya,situasimu,situasiku,disituasi
situ	7811	situ,disitu,situlah,disitulah
izin	7804	izin,izinkan,diizinkan,mengizinkan,mengizinkanku,mengizinkannya
kulit	7800	kulit,kulitnya,berkulit,kulitmu,kulitku,dikuliti
kuda	7788	kuda,berkuda,kudanya,kudaku,kudamu
kanan	7765	kanan,kananmu,kanannya,kananku
pisah	7752	terpisah,berpisah,memisahkan,perpisahan,dipisahkan,pisahkan
nyonya	7751	nyonya,nyonyaku
akal	7751	akal,mengakali,akalmu,akalnya,berakal,akalku
bom	7734	bom,bomnya,pemboman,pengeboman,pembom,pengebom
dolar	7726	dolar,dolarku,dolarnya,dolarmu,sedolar
cocok	7716	cocok,kecocokan,mencocokkan,cocokkan,pencocokan,bercocok
maju	7705	maju,kemajuan,majulah,memajukan,kemajuannya,majukan
lemah	7696	lemah,kelemahan,melemah,melemahkan,kelemahannya,kelemahanmu
tentara	7640	tentara,tentaranya,tentaramu,tentaraku,ketentaraan
mayat	7618	mayat,mayatnya,mayatku,mayatmu
bentuk	7539	bentuk,membentuk,berbentuk,bentuknya,terbentuk,dibentuk
kaya	7514	kaya,kekayaan,terkaya,kekayaannya,kayanya,kekayaanmu
kencan	7486	kencan,berkencan,mengencani,kencanmu,kencani,kencanku
cahaya	7458	cahaya,bercahaya,cahayanya,pencahayaan,cahayamu,cahayaku
ancam	7437	ancaman,mengancam,terancam,mengancamku,mengancamnya,mengancammu
misi	7405	misi,misinya,misimu,misiku
umum	7402	umum,mengumumkan,pengumuman,umumnya,diumumkan,umumkan
matahari	7382	matahari,mataharinya,matahariku
baju	7353	baju,bajumu,bajuku,bajunya,berbaju
detik	7324	detik,sedetik,sedetikpun,berdetik,detiknya
sesuai	7295	sesuai,menyesuaikan,penyesuaian,disesuaikan,sesuaikan,menyesuaikannya
sehat	7257	sehat,kesehatan,kesehatanmu,kesehatannya,kesehatanku,sehatmu
jantung	7254	jantung,jantungnya,jantungku,jantungmu,jantungan
lelah	7247	lelah,kelelahan,melelahkan,lelahnya
uji	7216	ujian,menguji,uji,pengujian,diuji,mengujinya
pecah	7178	memecahkan,pecah,pecahan,pecahkan,memecahkannya,terpecahkan
kiri	7171	kiri,kirimu,kirinya,kiriku
kini	7160	kini,terkini
pahlawan	7160	pahlawan,pahlawanku,kepahlawanan,pahlawannya,pahlawanmu
makhluk	7151	makhluk,makhluknya
ikat	7131	terikat,ikatan,ikat,mengikat,diikat,mengikatnya
kabur	7093	kabur,kaburnya,kaburlah
planet	7090	planet,planetmu,planetnya,planetku,diplanet
layak	7068	layak,layaknya,selayaknya,kelayakan
kotak	7064	kotak,kotaknya,sekotak,kotakku,kotakmu,dikotak
warna	7040	warna,berwarna,warnanya,mewarnai,pewarna,warnamu
dorong	7000	mendorong,dorong,dorongan,mendorongnya,didorong,mendorongku
sikap	6993	bersikap,sikap,sikapmu,bersikaplah,sikapnya,sikapku
tumbuh	6985	tumbuh,pertumbuhan,tumbuhan,menumbuhkan,bertumbuh,pertumbuhannya
utara	6964	utara,mengutarakan,utarakan,mengutarakannya,diutarakan,kuutarakan
burung	6963	burung,burungnya,burungku,burungmu
neraka	6942	neraka,dineraka,keneraka,nerakamu
kelompok	6938	kelompok,sekelompok,kelompoknya,berkelompok,kelompokmu,kelompokku
saran	6907	saran,menyarankan,sarankan,kusarankan,saranmu,saranku
dukung	6900	mendukung,dukungan,pendukung,mendukungmu,mendukungku,didukung
emas	6854	emas,emasnya,mengemas,mengemasi,keemasan,emasku
meja	6830	meja,mejaku,mejanya,mejamu,dimeja
pantas	6829	pantas,sepantasnya,kepantasan,pantasnya,pantaskah
hutan	6816	hutan,hutannya,kehutanan,hutanku
bangga	6800	bangga,kebanggaan,membanggakan,banggakan,dibanggakan,bangganya
nyawa	6790	nyawa,nyawamu,nyawanya,nyawaku,bernyawa
ajak	6776	mengajak,ajak,mengajakku,mengajakmu,mengajaknya,diajak
sepatu	6775	sepatu,sepatumu,sepatunya,sepatuku,bersepatu
dewa	6754	dewa,dewamu,dewaku,dewanya
kopi	6748	kopi,kopinya,kopimu,kopiku,kopian,mengkopi
tempur	6742	pertempuran,bertempur,tempur,tempurnya,pertempurannya,pertempuranmu
khianat	6728	pengkhianat,mengkhianati,pengkhianatan,mengkhianatiku,berkhianat,mengkhianatimu
pedang	6726	pedang,pedangnya,pedangmu,pedangku,berpedang
pihak	6717	pihak,berpihak,memihak,pihakmu,dipihak,pihakku
nyaman	6667	nyaman,kenyamanan,senyaman,nyamankan,nyamannya,kenyamananmu
tas	6647	tas,tasnya,tasku,tasmu
sangka	6632	tersangka,menyangka,sangka,kusangka,tersangkanya,disangka
nilai	6628	nilai,menilai,penilaian,nilainya,dinilai,ternilai
ratu	6588	ratu,ratuku,ratunya,ratumu
ekor	6586	seekor,ekor,ekornya,ekorku,ekormu,berekor
sejarah	6576	sejarah,bersejarah,sejarahnya,sejarahmu,sejarahku
duga	6571	menduga,kuduga,terduga,dugaan,duga,diduga
damai	6566	damai,perdamaian,kedamaian,berdamai,mendamaikan,didamaikan
daging	6554	daging,dagingnya,dagingmu,dagingku,berdaging
jumlah	6534	jumlah,sejumlah,jumlahnya,berjumlah,penjumlahan
kembang	6534	berkembang,mengembangkan,perkembangan,kembang,pengembangan,dikembangkan
asing	6528	asing,pengasingan,diasingkan,terasing,mengasingkan,terasingkan
tampil	6526	penampilan,tampil,tampilan,menampilkan,tampilkan,penampilanku
semangat	6504	semangat,bersemangat,semangatmu,semangatnya,menyemangati,semangatlah
nyala	6489	menyala,nyalakan,menyalakan,nyala,menyalakannya,dinyalakan
pohon	6446	pohon,pepohonan,pohonnya,pohonmu,pohonku
ragu	6425	ragu,keraguan,meragukan,diragukan,meragukannya,meragukanmu
lacak	6392	melacak,pelacak,melacaknya,lacak,dilacak,pelacakan
gue	6383	gue
kakek	6378	kakek,kakekku,kakekmu,kakeknya
don	6369	don
bunga	6362	bunga,bunganya,berbunga,bungaku,bungamu
sir	6347	sir,bersiri
senyum	6345	tersenyum,senyum,senyuman,tersenyumlah,senyummu,senyumlah
undang	6337	mengundang,undangan,diundang,undang,mengundangku,mengundangmu
asli	6324	asli,aslinya,aslimu,asliku,keaslian,keasliannya
tebak	6324	tebak,menebak,kutebak,tebakan,ditebak,tebakanku
palsu	6311	palsu,memalsukan,pemalsuan,dipalsukan,kepalsuan,palsumu
sembuh	6301	sembuh,menyembuhkan,penyembuhan,disembuhkan,menyembuhkannya,penyembuh
lompat	6294	melompat,lompat,lompatan,melompati,lompatlah,melompatlah
langkah	6239	langkah,langkahmu,langkahnya,langkahku,langkahi,melangkahi
kim	6220	kim,kimi
raya	6204	merayakan,perayaan,raya,merayakannya,rayakan,dirayakan
es	6191	es,esnya,mengesan,sees
tanding	6140	pertandingan,bertanding,pertandingannya,tertandingi,tandingan,tanding
sampah	6088	sampah,sampahnya,sampahmu,sampahku
detektif	6054	detektif,detektifmu,detektifku
peluru	6024	peluru,pelurunya,peluruku,pelurumu,berpeluru
hotel	6016	hotel,hotelnya,hotelku,hotelmu,dihotel,perhotelan
doa	6013	berdoa,doa,berdoalah,doakan,doaku,mendoakan
gunung	6012	gunung,pegunungan,gunungnya,pergunungan
pusat	5986	pusat,pusatnya,berpusat,memusatkan,pusatkan,terpusat
daerah	5981	daerah,daerahku,daerahnya,didaerah,daerahmu
capai	5981	mencapai,capai,dicapai,tercapai,pencapaian
darat	5967	mendarat,darat,daratan,pendaratan,mendaratkan,pendarat
berangkat	5961	berangkat,keberangkatan,berangkatlah,diberangkatkan,pemberangkatan,keberangkatannya
monster	5954	monster,monsternya,monstermu,monsterku
lokasi	5951	lokasi,lokasinya,lokasimu,berlokasi,dilokasi,lokasiku
kendara	5931	kendaraan,mengendarai,berkendara,pengendara,mengendarainya,kendaraannya
kubur	5930	kuburan,mengubur,dikubur,terkubur,kubur,menguburnya
persetan	5925	persetan,persetanlah
teriak	5916	berteriak,teriak,meneriakkan,teriakkan,meneriakiku,teriaklah
prajurit	5897	prajurit,prajuritku,prajuritmu,prajuritnya
tewas	5897	tewas,menewaskan,tewasnya
tatap	5889	menatap,menatapku,tatap,tatapan,menatapnya,menatapmu
dewasa	5885	dewasa,dewasalah,kedewasaan,dewasanya,dewasaku,pendewasaan
bank	5874	bank,banknya,bankmu,banki,bankku
rendah	5865	rendah,merendahkan,rendahan,terendah,merendah,kerendahan
jari	5828	jari,jarinya,jarimu,jariku
tamu	5826	tamu,tamuku,tamunya,tamumu,bertamu
patah	5806	patah,mematahkan,sepatah,patahkan,kupatahkan,patahan
dah	5794	dah,sedah
normal	5792	normal,normalnya,normalmu
lubang	5790	lubang,lubangnya,melubangi,berlubang,lubangmu,lubangku
hadir	5737	hadir,menghadiri,kehadiran,kehadiranmu,kehadirannya,menghadirkan
gedung	5718	gedung,gedungnya,gedungku,digedung,gedungmu
sahabat	5717	sahabat,persahabatan,sahabatku,bersahabat,sahabatmu,sahabatnya
lampu	5714	lampu,lampunya,lampumu,lampuku
bahan	5704	bahan,belahan,bahannya,bersebelahan,berbahan
lacur	5688	pelacur,pelacuran,pelacurmu,melacur,pelacurnya,lacur
mula	5672	memulainya,permulaan,semula,pemula,bermula,mula
bar	5649	bar,berbaris,barnya,barku,barmu,dibar
selatan	5607	selatan
kagum	5605	mengagumkan,kagum,mengagumi,pengagum,mengagumimu,mengaguminya
bosan	5566	bosan,membosankan,kebosanan,bosannya
muka	5551	muka,permukaan,terkemuka,mukamu,mukanya,mukaku
langgar	5544	melanggar,pelanggaran,dilanggar,melanggarnya,pelanggar,langgar
samping	5511	samping,disamping,sampingnya,sampingku,sampingmu,mengesampingkan
desa	5492	desa,pedesaan,desaku,desamu,desanya,desakan
sederhana	5489	sederhana,sesederhana,sederhananya,kesederhanaan,menyederhanakan,sederhanakan
komputer	5485	komputer,komputernya,komputermu,komputerku
truk	5483	truk,truknya,trukku,trukmu
keparat	5480	keparat,keparatnya
takdir	5469	takdir,ditakdirkan,takdirku,takdirmu,takdirnya,takdirkan
napas	5469	bernapas,napas,bernapaslah,pernapasan,napasmu,napasnya
sewa	5466	menyewa,sewa,disewa,penyewa,sewaan,menyewanya
kode	5453	kode,kodenya,dikodekan,kodemu,kodeku,berkode
mil	5438	mil,milan,mili,miliku
hewan	5430	hewan,hewannya,hewanmu
video	5425	video,videonya,videomu,videoku
tujuh	5418	tujuh,ketujuh,bertujuh
pangeran	5392	pangeran,pangeranku,pangeranmu,pangerannya
kisah	5392	kisah,kisahnya,kisahmu,kisahku,mengisahkan,dikisahkan
gigi	5391	gigi,giginya,gigimu,gigiku,bergigi
kondisi	5371	kondisi,kondisinya,kondisimu,kondisiku,dikondisikan
kecewa	5356	kecewa,mengecewakan,mengecewakanmu,mengecewakanku,kekecewaan,kecewakan
bibi	5350	bibi,bibiku,bibimu,bibinya
keliling	5345	berkeliling,dikelilingi,sekeliling,mengelilingi,keliling,sekelilingmu
kursi	5335	kursi,kursinya,kursimu,kursiku,dikursi
racun	5325	racun,beracun,meracuni,keracunan,racunnya,diracuni
jendela	5314	jendela,jendelanya,jendelamu,jendelaku
hindar	5301	menghindari,menghindar,hindari,dihindari,menghindarinya,terhindar
kucing	5298	kucing,kucingnya,kucingku,kucingmu
pisau	5295	pisau,pisaunya,pisaumu,pisauku
banding	5270	dibandingkan,dibanding,banding,sebanding,membandingkan,perbandingan
dendam	5268	dendam,dendammu,dendamku,dendamnya,pendendam,mendendam
kemudi	5244	mengemudi,pengemudi,kemudi,mengemudikan,kemudikan,kemudinya
mama	5241	mama,mamamu,mamaku,mamanya
ira	5233	mengira,ira,keira,mengiranya
pengaruh	5225	pengaruh,mempengaruhi,berpengaruh,terpengaruh,pengaruhnya,dipengaruhi
iblis	5210	iblis,iblisnya,iblismu
angin	5203	angin,anginnya,berangin
sebar	5202	menyebar,menyebarkan,tersebar,sebarkan,penyebaran,menyebarkannya
negeri	5183	negeri,negeriku,negerimu,negerinya
binatang	5180	binatang,binatangnya,binatangmu
rokok	5150	merokok,rokok,rokoknya,rokokmu,rokokku,merokoklah
pulau	5146	pulau,kepulauan,pulaunya,dipulau,pulauku,pulaumu
pinjam	5139	meminjam,pinjaman,pinjam,meminjamkan,meminjamnya,pinjamkan
sobat	5131	sobat,sobatku,sobatmu
hapus	5128	menghapus,hapus,dihapus,menghapusnya,terhapus,dihapuskan
kue	5110	kue,kuenya,kuemu,kueku
sabar	5107	sabar,kesabaran,bersabar,bersabarlah,kesabaranku,sabarlah
pantat	5105	pantat,pantatku,pantatmu,pantatnya,dipantatmu
hujan	5095	hujan,hujannya,menghujani,kehujanan,dihujani,hujani
culik	5094	menculik,diculik,penculik,menculiknya,menculikku,menculikmu
libur	5072	liburan,libur,berlibur,liburanmu,liburannya,liburnya
dinding	5059	dinding,dindingnya,dindingmu,dindingku,didinding,berdinding
target	5055	target,targetnya,menargetkan,targetmu,ditargetkan,targetku
ajaib	5046	keajaiban,ajaib,ajaibnya,ajaibmu,keajaibannya,ajaibku
langit	5012	langit,langitnya,dilangit
minggir	5009	minggir,minggirlah,minggirkan
fokus	5001	fokus,berfokus,fokuskan,fokuslah,terfokus,memfokuskan
celana	4995	celana,celanamu,celanaku,celananya,dicelana,bercelana
mirip	4968	mirip,kemiripan,kemiripannya
sungai	4961	sungai,sungainya,disungai
titik	4950	titik,setitik,titiknya
campur	4940	campur,campuran,mencampuri,dicampur,mencampur,bercampur
liar	4932	liar,berkeliaran,liarnya,terliar,liarmu
bingung	4919	bingung,membingungkan,kebingungan,membingungkanku,kebingunganmu,membingungkanmu
seks	4913	seks,seksnya,seksmu,seksis,seksku
acau	4907	mengacaukan,mengacaukannya,mengacau,pengacau,mengacaukanmu,mengacaukanku
rubah	4894	merubah,rubah,merubahnya,dirubah,merubahmu,merubahku
jemput	4894	menjemput,menjemputmu,jemput,menjemputnya,menjemputku,dijemput
daya	4889	daya,berdaya,dayanya,memperdaya,diperdaya,terpedaya
militer	4878	militer,kemiliteran,militernya,militermu,militerku
ratus	4844	ratusan,seratus,ratus
usah	4836	usah,perusahan
hakim	4830	hakim,menghakimi,penghakiman,kehakiman,dihakimi,menghakimiku
biaya	4814	biaya,biayanya,membiayai,dibiayai,pembiayaan,membiayainya
pantai	4806	pantai,pantainya,dipantai
beres	4801	beres,membereskan,bereskan,membereskannya,kubereskan,dibereskan
jamin	4798	jaminan,menjamin,jamin,dijamin,kujamin,jaminannya
radio	4767	radio,radionya,radiomu,radioku
listrik	4756	listrik,listriknya,kelistrikan,listrikmu,berlistrik
nafas	4728	nafas,bernafas,nafasmu,bernafaslah,nafasku,pernafasan
cerdas	4714	cerdas,kecerdasan,secerdas,kecerdasanmu,tercerdas,kecerdasannya
biru	4692	biru,birunya,membiru,birumu,kebiruan
takjub	4684	menakjubkan,takjub,menakjubkannya
ketemu	4662	ketemu,ketemuan,diketemukan
renang	4653	berenang,renang,perenang,berenanglah,renangnya,renangku
warga	4646	warga,warganya,wargaku
batal	4632	membatalkan,batalkan,dibatalkan,batal,membatalkannya,pembatalan
unjung	4622	mengunjungi,pengunjung,mengunjunginya,mengunjungimu,mengunjungiku,pengunjungnya
masak	4619	memasak,masak,dimasak,memasaknya,memasakkan,kumasak
tampan	4617	tampan,setampan,tampannya,ketampanan,tampanku,tampanmu
konyol	4611	konyol,kekonyolan,konyolmu,konyolnya
jarak	4598	jarak,jaraknya,berjarak,jarakmu,jarakku
garis	4595	garis,garisnya,digariskan,garisan
peluk	4582	pelukan,memeluk,peluk,memelukmu,berpelukan,memelukku
ukur	4568	ukuran,mengukur,ukurannya,berukuran,seukuran,pengukur
tulang	4556	tulang,tulangnya,tulangmu,tulangku,bertulang
santai	4537	santai,santailah,bersantailah,santaikan,santainya
gigit	4528	menggigit,gigitan,digigit,gigit,menggigitku,menggigitmu
ketua	4523	ketua,ketuanya
halaman	4494	halaman,halamannya,halamanku,halamanmu,dihalaman
tom	4488	tom
program	4473	program,diprogram,programnya,memprogram,programku,programmu
darurat	4471	darurat,daruratmu,daruratnya
klub	4466	klub,klubnya,klubku,klubmu
ayam	4466	ayam,ayamnya,ayamku,ayammu
rekan	4454	rekan,rekanku,rekanmu,rekannya,rekanan
teh	4449	teh,tehnya,tehmu,tehku
tes	4442	tes,tesnya,dites,tesmu,tesku
natal	4434	natal,natalmu,natalnya,natalku
pecat	4418	dipecat,memecat,pecat,memecatku,memecatnya,memecatmu
tanggal	4388	tanggal,tanggalnya,menanggalkan,tanggalkan,tertanggal,penanggalan
gera	4369	gerakan,pergerakan,gerakannya,gerakanmu,menggerakan,gerakanku
henry	4358	henry
teliti	4353	penelitian,teliti,meneliti,peneliti,penelitianku,penelitiannya
gereja	4352	gereja,gerejaku,gerejanya,gerejamu
anggur	4338	anggur,pengangguran,anggurnya,menganggur,anggurku,anggurmu
mantan	4337	mantan,mantanku,mantanmu,mantannya
bahas	4330	membahas,bahas,membahasnya,dibahas,pembahasan,bahasan
persis	4329	persis,persisnya
bir	4325	bir,birnya,birmu,birku,biri
hutang	4322	berhutang,hutang,hutangmu,hutangku,hutangnya
malah	4305	malah,malahan
allah	4299	allah,allahku,allahmu
tuntut	4294	menuntut,tuntutan,penuntut,dituntut,menuntutmu,tuntut
parah	4290	parah,memarahi,separah,parahnya,memperparah,terparah
rawat	4280	merawat,merawatnya,dirawat,rawat,merawatmu,merawatku
awat	4273	perawat,perawatan,perawatannya,perawatnya,perawatanmu,terawat
pasien	4269	pasien,pasiennya,pasienku,pasienmu
bela	4265	membela,bela,pembelaan,pembela,membelanya,membelamu
syukur	4260	syukurlah,bersyukur,syukur,bersyukurlah,syukuri,mensyukuri
bangkit	4254	bangkit,membangkitkan,kebangkitan,pembangkit,bangkitlah,dibangkitkan
hajar	4244	hajar,menghajar,menghajarmu,dihajar,kuhajar,menghajarnya
cincin	4242	cincin,cincinnya,cincinku,cincinmu
apartemen	4242	apartemen,apartemennya,apartemenku,apartemenmu
kejam	4240	kejam,kekejaman,kejamnya,sekejam,terkejam,kekejamannya
timur	4239	timur
kontrol	4234	kontrol,mengontrol,mengontrolnya,dikontrol,terkontrol,pengontrol
larang	4231	dilarang,terlarang,melarang,larangan,melarangku,melarangnya
barat	4223	barat
cuci	4223	mencuci,cuci,dicuci,pencuci,pencucian,cucian
badan	4211	badan,badanmu,badannya,badanku,berbadan
bakat	4211	bakat,berbakat,bakatmu,bakatnya,bakatku
sinar	4211	sinar,bersinar,sinarnya,sinari,menyinarimu
tendang	4201	menendang,tendang,tendangan,ditendang,menendangnya,menendangku
inti	4185	intinya,inti
jelek	4183	jelek,jelekmu,jeleknya,menjelekkan,terjelek,sejelek
wah	4175	wah
hangat	4171	hangat,kehangatan,menghangatkan,hangatkan,penghangat,hangatnya
surga	4167	surga,surganya,surgaku,disurga
terkadang	4162	terkadang
wakil	4153	wakil,mewakili,perwakilan,wakilnya,diwakili,mewakilinya
sumber	4152	sumber,sumbernya,sumberku,sumbermu,bersumber
jalur	4146	jalur,jalurnya,dijalur,jalurmu,jalurku
data	4144	data,datanya,datamu,dataku,mendata
supaya	4140	supaya
wilayah	4140	wilayah,wilayahku,wilayahnya,wilayahmu
tukang	4123	tukang
gilir	4102	giliranmu,giliran,giliranku,gilirannya,bergiliran,bergilir
suci	4091	suci,kesucian,penyucian,disucikan,sucinya,sucimu
sersan	4088	sersan
masyarakat	4080	masyarakat,pemasyarakatan,masyarakatnya,bermasyarakat
istana	4080	istana,istananya,istanaku,istanamu
jin	4072	jin,jinan
jejak	4072	jejak,jejaknya,jejakmu,jejakku,menjejakkan,menjejaki
curiga	4070	mencurigakan,curiga,mencurigai,kecurigaan,dicurigai,curigai
babi	4065	babi,membabi,babinya,babiku
sinyal	4065	sinyal,sinyalnya,sinyalku,sinyalmu
lelaki	4064	lelaki,lelakiku,lelakinya,lelakimu
setan	4062	setan,setannya,kesetanan
super	4062	super,supermu,superku,supernya
gaya	4060	gaya,bergaya,gayamu,gayanya,gayaku
makam	4054	pemakaman,makam,dimakamkan,pemakamannya,makamnya,pemakamanmu
manfaat	4051	memanfaatkan,manfaat,bermanfaat,manfaatkan,memanfaatkannya,dimanfaatkan
energi	4047	energi,energinya,energimu,energiku,berenergi
sejati	4044	sejati,sejatiku,sejatimu,sejatinya
hamil	4041	hamil,kehamilan,menghamili,kehamilannya,kehamilanmu,menghamilinya
rusa	4040	kerusakan,rusa,kerusakannya,perusakan,pengrusakan,rusanya
fakta	4039	fakta,faktanya
halang	4031	menghalangi,penghalang,halangi,menghalangiku,halangan,menghalangimu
ungkap	4028	mengungkapkan,terungkap,mengungkap,ungkapan,ungkapkan,mengungkapkannya
sengaja	4027	sengaja,disengaja,kesengajaan
kasar	4021	kasar,kasarnya,kekasaran,sekasar,kasarmu
tukar	4015	pertukaran,bertukar,menukar,tukar,ditukar,menukarnya
siksa	4009	menyiksa,penyiksaan,disiksa,menyiksaku,siksaan,tersiksa
tiket	4008	tiket,tiketnya,tiketmu,tiketku
kenang	4008	kenangan,mengenang,dikenang,kenanganmu,kenangannya,kenanganku
timbang	4007	mempertimbangkan,pertimbangkan,pertimbangan,mempertimbangkannya,dipertimbangkan,kupertimbangkan
tumpang	3999	penumpang,tumpangan,menumpang,tumpangannya,tumpang,penumpangnya
serta	3987	serta,peserta,beserta,menyertai,disertai,menyertaimu
tanam	3984	tanaman,menanam,tertanam,tanam,menanamkan,ditanam
seni	3982	seni,kesenian,seninya,seniku,senimu
lelucon	3981	lelucon,leluconmu,leluconnya,leluconku
idiot	3979	idiot
perahu	3974	perahu,perahunya,perahuku,perahumu
lengkap	3969	lengkap,perlengkapan,dilengkapi,melengkapi,lengkapnya,perlengkapanmu
malaikat	3958	malaikat,malaikatku,malaikatnya,malaikatmu
perut	3954	perut,perutku,perutnya,perutmu,diperut
gerbang	3938	gerbang,gerbangnya
seksi	3932	seksi,terseksi,seksinya,seksimu,keseksian,seksiku
jenderal	3931	jenderal,jenderalku
dansa	3920	dansa,berdansa,berdansalah,dansanya,dansamu,pedansa
sepenuh	3918	sepenuhnya,sepenuh
jalang	3915	jalang,jalangnya
murah	3915	murah,murahan,kemurahan,bermurah,pemurah,termurah
lintas	3912	lintas,melintasi,lintasan,terlintas,melintas,lintasnya
lapang	3911	lapangan,dilapangan,lapang,lapangannya,kelapangan
alamat	3909	alamat,alamatnya,alamatmu,alamatku,dialamatkan
direktur	3906	direktur,direkturnya
naga	3903	naga,naganya,nagaku,nagamu
dahulu	3897	dahulu,mendahului,terdahulu,pendahuluan,pendahulu,mendahuluiku
lengan	3873	lengan,lenganmu,lenganku,lengannya,berlengan
tuduh	3871	tuduhan,menuduh,dituduh,menuduhku,menuduhmu,menuduhnya
letnan	3865	letnan,letnanmu
kait	3859	terkait,berkaitan,kaitannya,kaitan,kait,mengaitkan
delapan	3855	delapan
vampir	3849	vampir,vampirmu,vampirnya
salam	3838	salam,salamku,bersalaman,salaman,salami,salammu
stasiun	3835	stasiun,stasiunnya
cemas	3835	cemas,mencemaskan,cemaskan,kecemasan,mencemaskanmu,mencemaskannya
leher	3828	leher,lehernya,lehermu,leherku,dilehernya,dilehermu
selidik	3825	menyelidiki,selidiki,menyelidikinya,penyelidik,diselidiki,kuselidiki
dosa	3824	dosa,berdosa,pendosa,dosaku,dosamu,dosanya
per	3821	per,pemeran,seperi,pemerannya
virus	3820	virus,virusnya
juara	3811	juara,kejuaraan,juaranya,menjuarai,juaraku
bel	3802	membelinya,bel,kubeli,pembelinya,belnya,membelimu
rampok	3802	merampok,perampok,dirampok,rampok,merampokku,merampoknya
usir	3802	mengusir,diusir,usir,pengusiran,mengusirku,mengusirnya
taman	3793	taman,tamannya,pertamanan,tamanku
kutu	3792	kutukan,kutu,kutukannya,kutukanku,kutukanmu,berkutu
paul	3790	paul
papa	3779	papa,papamu,papaku,papanya
sudut	3777	sudut,sudutnya,menyudutkan,disudut,tersudut,menyudutkanku
kunjung	3763	kunjungan,berkunjung,kunjungi,dikunjungi,kunjunganmu,kunjungannya
tangga	3755	tangga,tangganya,tanggaku,tanggamu
tantang	3755	tantangan,menantang,menantangku,menantangmu,penantang,tantang
sukses	3751	sukses,kesuksesan,kesuksesanmu,kesuksesannya,kesuksesanku,suksesnya
unit	3743	unit,unitmu,unitnya,unitku
istimewa	3733	istimewa,keistimewaan,istimewanya,istimewamu,istimewaku
walaupun	3728	walaupun
abai	3728	mengabaikan,abaikan,diabaikan,mengabaikannya,mengabaikanku,mengabaikanmu
rakyat	3722	rakyat,rakyatnya,rakyatku,rakyatmu
lah	3720	lah,delilah
akses	3715	akses,mengakses,diakses,mengaksesnya,aksesnya,aksesmu
roh	3694	roh,rohan,rohnya,rohku,rohmu
kuno	3690	kuno,kunonya
aktif	3690	aktif,mengaktifkan,diaktifkan,aktifkan,mengaktifkannya,pengaktifan
sore	3684	sore,sorenya
jung	3672	jung
tabrak	3664	menabrak,tabrakan,tabrak,tertabrak,ditabrak,menabraknya
cakap	3661	percakapan,cakap,bercakap,kecakapan,percakapannya,percakapanmu
lulus	3654	lulus,lulusan,meluluskan,luluskan,meluluskanmu,meluluskanku
gali	3639	menggali,gali,penggalian,menggalinya,penggali,digali
susah	3635	susah,menyusahkan,kesusahan,bersusah,susahnya,menyusahkanmu
badai	3615	badai,badainya
tikus	3613	tikus,tikusnya,tikusmu
menteri	3606	menteri,kementerian,menterinya
aksi	3604	aksi,beraksi,aksinya,aksimu,aksiku
resmi	3596	resmi,resminya,peresmian,meresmikan,diresmikan,resmiku
mahal	3593	mahal,termahal,semahal,mahalnya,kemahalan,mahalmu
komandan	3584	komandan,komandanmu,komandannya,komandanku
amat	3583	amat,mengamati,pengamatan,pengamat,amati,teramat
setia	3582	setia,kesetiaan,kesetiaanmu,kesetiaanku,kesetiaannya,setianya
restoran	3576	restoran,restorannya,restoranku,restoranmu,direstoran
lutut	3559	berlutut,lutut,lututmu,berlututlah,lututku,lututnya
dana	3558	dana,mendanai,pendanaan,didanai,dananya,danai
budak	3550	budak,perbudakan,memperbudak,diperbudak,budakmu,budaknya
terang	3549	terang,keterangan,penerangan,menerangkan,terangnya,terangkan
mustahil	3543	mustahil,kemustahilan
kuliah	3541	kuliah,kuliahan,kuliahku,kuliahmu,kuliahnya,perkuliahan
sebal	3538	menyebalkan,sebal,menyebalkannya
kertas	3532	kertas,kertasnya,kertasmu
botol	3524	botol,sebotol,botolnya,botolmu,botolku
kang	3519	kang
impi	3512	impian,impianku,impianmu,impikan,impiannya,kuimpikan
roti	3506	roti,rotinya,rotimu,rotiku
jim	3493	jim,jimi
telur	3492	telur,telurnya,bertelur,telurku,telurmu
tenaga	3490	tenaga,bertenaga,tenagamu,tenaganya,tenagaku
peta	3482	peta,petanya,dipetakan,petamu,petaku
beranta	3481	berantakan,berantai
buta	3480	buta,dibutakan,membutakan,kebutaan,membutakanmu,membutakanku
jaring	3473	jaringan,jaring,jaringannya,jaringnya,jaringanmu,jaringanku
baring	3466	berbaring,terbaring,berbaringlah,baringkan,membaringkan,baring
klien	3452	klien,klienku,klienmu,kliennya
jijik	3447	menjijikkan,menjijikan,jijik
kasihan	3443	kasihan,kasihanilah,mengasihani,kasihani,dikasihani,kasihanmu
komunikasi	3434	komunikasi,berkomunikasi,komunikasinya,komunikasimu,komunikasiku
profesor	3427	profesor,profesorku
hijau	3425	hijau,hijaunya,hijaumu,kehijauan
angkasa	3424	angkasa,angkasanya,angkasamu
sel	3423	sel,selnya,selmu,selku,bersel
rumit	3419	rumit,serumit,memperumit,rumitnya
sopan	3409	sopan,kesopanan,sopanlah,sopannya
layar	3409	berlayar,layar,pelayaran,layarnya,layarmu,pelayar
fungsi	3407	berfungsi,fungsi,fungsinya
serigala	3398	serigala,serigalanya,serigalamu
teori	3397	teori,teorinya,teorimu,teoriku,berteori
bus	3393	bus,busnya,busan
aju	3391	mengajukan,ajukan,diajukan,pengajuan,kuajukan,mengajukannya
niat	3391	berniat,niat,niatmu,niatnya,niatku,niatan
tenggelam	3378	tenggelam,menenggelamkan,tenggelamkan,menenggelamkannya,ditenggelamkan,menenggelamkanku
samar	3373	menyamar,penyamaran,samar,samaran,menyamarkan,penyamaranmu
bocah	3372	bocah
nasib	3362	nasib,bernasib,nasibmu,nasibnya,nasibku,senasib
tani	3352	petani,pertanian,menemani,ditemani,tani,pertaniannya
sepi	3351	kesepian,sepi,kesepiannya,kesepianku
ujung	3349	ujung,berujung,ujungnya,diujung
waris	3343	warisan,pewaris,mewarisi,waris,diwariskan,mewariskan
segar	3326	segar,menyegarkan,penyegar,penyegaran,kesegaran,segarkan
akibat	3314	akibat,akibatnya,mengakibatkan,berakibat,diakibatkan,akibatkan
proses	3311	proses,prosesnya,memproses,diproses,memprosesnya
pasar	3297	pasar,pemasaran,pasaran,pasarnya,memasarkan,dipasarkan
sambut	3293	menyambut,sambutan,sambut,disambut,menyambutmu,sambutlah
kecut	3289	pengecut
lukis	3288	lukisan,lukisannya,lukis,lukisanku,lukisanmu,melukiskan
teknologi	3270	teknologi,berteknologi,teknologinya,teknologimu,teknologiku
lolos	3266	lolos,meloloskan
kontak	3261	kontak,kontaknya,kontakku,mengontak,kontakmu,berkontak
nakal	3260	nakal,kenakalan
penasaran	3253	penasaran
resiko	3250	resiko,beresiko,resikonya,meresikokan
medis	3243	medis,medisnya,medismu,medisku
tali	3215	tali,talinya,talimu,talian
pekan	3208	pekan,pekanmu,pekanku
pula	3207	pula
murid	3206	murid,muridku,muridnya,muridmu
demikian	3197	demikian,sedemikian,demikianlah
luncur	3197	peluncuran,meluncur,meluncurkan,diluncurkan,luncurkan,peluncur
cina	3189	cina,celina
kutuk	3187	terkutuk,dikutuk,mengutuk,terkutuklah,kutuk,mengutukmu
malang	3184	malang,kemalangan,malangnya
telinga	3184	telinga,telingaku,telingamu,telinganya,ditelingaku
tunang	3180	bertunangan,tunangan,pertunangan,tunanganku,tunanganmu,tunangannya
hina	3177	menghina,penghinaan,hina,menghinaku,hinaan,dihina
gelas	3176	gelas,segelas,gelasnya,gelasmu,gelasku
lembut	3175	lembut,kelembutan,selembut,lembutnya,lembutlah,pelembut
alir	3172	mengalir,aliran,mengalirkan,alirannya,mengalirlah,dialiri
favorit	3169	favorit,favoritku,favoritmu,favoritnya,terfavorit
lurus	3163	lurus,luruskan,meluruskan,kuluruskan,meluruskannya,diluruskan
hibur	3158	menghibur,hiburan,menghiburku,penghibur,menghiburmu,terhibur
won	3157	won
sarap	3155	sarapan,sarapanmu,sarapannya,sarapanku,sarap
tusuk	3145	menusuk,tusuk,tusukan,ditusuk,tertusuk,menusukku
sesat	3129	tersesat,sesat,menyesatkan,disesatkan,kesesatan
wawancara	3122	wawancara,mewawancarai,wawancaranya,diwawancarai,wawancaramu,mewawancarainya
bunyi	3109	bunyi,berbunyi,membunyikan,bunyikan,bunyinya,dibunyikan
besi	3096	besi,besinya,besiku,besimu
kolonel	3092	kolonel
ilmu	3087	ilmu,ilmuan,ilmunya
utang	3084	berutang,utang,utangmu,utangku,utangnya
topi	3080	topi,topinya,topimu,topiku
mesti	3078	mesti,mestinya,semestinya,mestilah
peran	3076	peran,berperan,memerankan,perannya,peranmu,peranku
departemen	3075	departemen,departemenmu,departemenku,departemennya
panik	3073	panik,kepanikan,paniknya
proyek	3071	proyek,proyeknya,proyekmu,proyekku
jadwal	3068	jadwal,dijadwalkan,jadwalnya,jadwalku,menjadwalkan,jadwalmu
gratis	3065	gratis,gratisan
hidung	3053	hidung,hidungmu,hidungnya,hidungku,berhidung
jabat	3051	pejabat,jabatan,berjabat,menjabat,jabat,jabatannya
master	3050	master,masternya,mastermu
singkat	3048	singkat,singkatnya,singkatan,sesingkat,mempersingkat,disingkat
sembilan	3045	sembilan,kesembilan
puji	3042	pujian,memuji,puji,terpujilah,dipuji,memujimu
gugup	3039	gugup,kegugupan,gugupnya,segugup
berkat	3030	berkat,memberkatimu,berkati,berkatmu,diberkatilah,memberkatinya
dada	3030	dada,dadanya,dadaku,dadamu,dadakan,berdada
balap	3026	balapan,pembalap,balap,membalap,balapannya
gas	3021	gas,gasnya
meter	3020	meter,meteran,meterannya
olah	3015	seolah,olah,pengolahan,mengolah,berolah,olahan
sekarat	3013	sekarat
paris	3013	paris
cegah	2993	mencegah,pencegahan,mencegahnya,mencegahku,mencegahmu,cegah
lingkung	2990	lingkungan,lingkungannya,lingkunganku,dilingkungan,lingkunganmu
gembira	2974	gembira,kegembiraan,bergembira,bergembiralah,menggembirakan,gembiranya
kayu	2972	kayu,kayunya,kayuku
identitas	2971	identitas,identitasnya,identitasmu,identitasku
rebut	2969	merebut,rebut,merebutnya,berebut,perebutan,memperebutkan
got	2968	got
kadang	2964	kadang
boneka	2964	boneka,bonekanya,bonekamu,bonekaku
dewan	2961	dewan
kesan	2960	mengesankan,kesan,berkesan,kesannya,mengesankanmu,kesanku
kontrak	2954	kontrak,kontraknya,kontrakmu,dikontrak,kontrakku,mengontrak
min	2949	min
area	2945	area,areanya,areamu
beruang	2945	beruang,beruangnya,beruangmu,beruangku
pasuk	2939	memasuki
susu	2936	susu,susunya,menyusui,susumu,menyusu,menyusuinya
taksi	2935	taksi,taksinya,taksiku,taksimu
parkir	2935	parkir,parkiran,diparkir,memarkir,terparkir,parkirnya
kok	2929	kok
salju	2928	salju,bersalju,saljunya
semesta	2920	semesta
atap	2919	atap,atapnya,diatap,seatap
dapur	2914	dapur,dapurnya,dapurku,didapur,dapurmu
spesial	2902	spesial,spesialnya,spesialku,spesialmu
gaun	2900	gaun,gaunnya,gaunku,gaunmu,bergaun
tiada	2891	tiada,ketiadaan,meniadakan,ditiadakan
robot	2890	robot,robotnya,robotmu,robotku
miskin	2886	miskin,kemiskinan,termiskin
sepupu	2885	sepupu,sepupuku,sepupumu,sepupunya
gudang	2883	gudang,gudangnya,gudangmu,digudang,gudangku,segudang
bekas	2882	bekas,bekasnya,membekas,berbekas
tengkar	2879	bertengkar,pertengkaran,pertengkarkan
dagang	2875	perdagangan,pedagang,dagang,berdagang,dagangan,diperdagangkan
pendeta	2862	pendeta,pendetanya
kandung	2860	mengandung,kandung,kandungan,kandungku,kandungmu,kandungnya
luas	2851	luas,memperluas,meluas,luasnya,seluas,perluasan
beban	2850	beban,membebani,terbebani,bebanmu,dibebankan,bebannya
raksasa	2844	raksasa,raksasanya
jaksa	2842	jaksa,kejaksaan
jembatan	2824	jembatan,jembatannya,menjembatani,dijembatan
tongkat	2822	tongkat,tongkatnya,tongkatku,tongkatmu
dar	2820	sekedar,dar,sedar,sedari
toilet	2812	toilet,toiletnya,toiletmu,toiletku
are	2811	are
bapa	2801	bapa
tetangga	2794	tetangga,tetanggamu,tetanggaku,tetangganya,bertetangga
busuk	2784	busuk,membusuk,pembusukan,kebusukan,busukmu,busuknya
cek	2783	cek,ceknya,dicek,mencek,cekmu
tipe	2783	tipe,tipeku,tipemu,tipenya,bertipe
pendek	2782	pendek,pendeknya,terpendek,kependekan,pendekmu,pendekku
langgan	2776	pelanggan,pelangganku,pelangganmu,langganan,pelanggannya,berlangganan
cerai	2776	bercerai,perceraian,cerai,menceraikan,menceraikannya,perceraiannya
stop	2772	stop
punggung	2763	punggung,punggungku,punggungnya,punggungmu,punggungan,dipunggungnya
episode	2761	episode
kacang	2759	kacang,kacangnya,kacangan,kacangku,kacangmu
harta	2750	harta,hartanya,hartaku,hartamu
sifat	2748	sifat,bersifat,sifatnya,sifatmu,sifatku
sara	2743	sara
motor	2737	motor,motornya,motorku,motormu,bermotor
dong	2736	dong
penis	2706	penis,penisku,penismu,penisnya
puas	2696	puas,kepuasan,sepuasnya,terpuaskan,puaskan,sepuasmu
minyak	2694	minyak,berminyak,minyaknya,diminyaki
nasional	2687	nasional
sepeda	2685	sepeda,bersepeda,sepedaku,sepedanya,sepedamu,pesepeda
goda	2684	menggoda,menggodaku,godaan,tergoda,menggodanya,menggodamu
telanjang	2683	telanjang,bertelanjang,menelanjangi,ketelanjangan,ditelanjangi,telanjangi
contoh	2679	contoh,contohnya,percontohan,mencontoh,dicontoh
cundang	2673	pecundang,pencundang
salur	2673	saluran,menyalurkan,salurannya,penyalur,penyaluran,disalurkan
belas	2668	belas,berbelas
lemari	2664	lemari,lemarinya,lemariku,lemarimu,dilemari
siswa	2657	siswa,siswaku,siswanya,siswamu
mantra	2656	mantra,mantranya,memantrai,mantramu,mantraku,dimantrai
teroris	2653	teroris,terorisnya
sambil	2652	sambil,sambilan
asuh	2648	pengasuh,asuhan,asuh,mengasuh,pengasuhnya,diasuh
angka	2640	angka,angkanya,angkamu
cewek	2638	cewek,ceweknya,cewekmu,cewekku
sulang	2636	bersulang,sulang
kelah	2625	berkelahi
lidi	2616	penyelidikan,penyelidikannya,penyelidikanmu,penyelidikanku
kaca	2600	kaca,kacanya,berkaca
madam	2590	pemadam,madam,memadamkan,pemadaman,memadamkannya
sayap	2589	sayap,sayapnya,bersayap,sayapmu,sayapku
baris	2587	baris,barisan,berbarislah,bariskan,dibarisan,barisanmu
bangsa	2582	bangsa,kebangsaan,bangsamu,bangsaku,bangsanya,sebangsa
santa	2581	santa,bersantai
reaksi	2581	reaksi,bereaksi,reaksinya,reaksimu,reaksiku
menara	2579	menara,menaranya
nih	2578	nih
cuaca	2578	cuaca,cuacanya
pengantin	2577	pengantin,pengantinnya,pengantinku,pengantinmu
aja	2571	aja,ajakan
seberang	2566	seberang,menyeberang,diseberang,seberangi,penyeberangan,menyeberanginya
basah	2560	basah,membasahi,basahi,kebasahan,dibasahi
kaisar	2557	kaisar,kekaisaran
ular	2553	ular,ularnya
rapat	2552	rapat,merapat,rapatnya,rapatkan,rapatmu,rapatku
keluh	2552	mengeluh,keluhan,mengeluhkan,keluhkan,keluhanmu,keluhannya
tuanku	2551	tuanku
suku	2548	suku,sukumu,sukunya,sukuku
kak	2548	kak,berkaki
mahkota	2545	mahkota,mahkotanya,mahkotaku,mahkotamu,dimahkotai
gemar	2535	penggemar,penggemarmu,gemar,penggemarnya,penggemarku,kegemaran
sapi	2526	sapi,sapinya,sapimu
syarat	2520	syarat,persyaratan,bersyarat,syaratnya,persyaratannya,bersyaratnya
cetak	2515	mencetak,cetak,cetakan,dicetak,mencetaknya,percetakan
bakal	2508	bakal,bakalan
abad	2503	abad,seabad,berabad
lumayan	2500	lumayan,lumayanlah
kagak	2496	kagak
pabrik	2496	pabrik,pabriknya,pabrikku,pabrikmu
roma	2495	roma
infeksi	2495	terinfeksi,infeksi,menginfeksi,infeksinya,menginfeksinya,menginfeksimu
hendak	2493	hendak,kehendak,kehendakmu,kehendaknya,kehendakku,menghendaki
emosi	2489	emosi,emosimu,emosinya,emosiku,emosian
pancing	2482	memancing,pancing,memancingnya,terpancing,memancingku,pemancing
konfirmasi	2479	konfirmasi,mengkonfirmasi,dikonfirmasi,konfirmasikan,mengkonfirmasikan,mengonfirmasi
bandara	2471	bandara
kolam	2471	kolam,kolamnya,dikolam,kolamku
tagih	2460	tagihan,tagihannya,menagih,ketagihan,tagihanmu,tagihanku
kalo	2458	kalo
kebun	2458	kebun,perkebunan,berkebun,kebunnya,kebunku
perangkap	2455	perangkap,terperangkap,perangkapnya,memerangkap,perangkapku
trik	2449	trik,triknya,trikmu,trikku
pos	2448	pos,posnya,posmu,posku
kesal	2448	kesal,mengesalkan,kekesalan
tunduk	2442	menunduk,tunduk,tundukkan,menundukkan,menunduklah,tertunduk
tambang	2441	tambang,pertambangan,penambang,menambang,penambangan,ditambang
andal	2441	mengandalkan,diandalkan,mengandalkanmu,andalkan,mengandalkanku,andalan
bokong	2439	bokong,bokongmu,bokongku,bokongnya
mes	2438	memesan,memesannya,mes
payah	2436	payah,payahku,payahnya,payahmu,kepayahan
tunda	2436	menunda,ditunda,tertunda,tunda,penundaan,menundanya
dokumen	2432	dokumen,dokumennya,dokumenmu
tombol	2432	tombol,tombolnya
krim	2431	krim,krimnya
manajer	2429	manajer,manajernya,manajerku,manajermu
markas	2428	markas,markasnya,markasmu,bermarkas,markasku
abadi	2427	abadi,keabadian,mengabadikan,diabadikan,abadimu,abadiku
kriminal	2420	kriminal,kriminalnya,kriminalmu
senapan	2412	senapan,senapannya,senapanmu,senapanku
gaji	2404	gaji,gajimu,gajiku,gajinya,digaji,gajian
karya	2401	karya,karyanya,karyamu,karyaku,berkarya
seragam	2397	seragam,berseragam,seragamnya,seragammu,seragamku
duka	2393	berduka,duka,dukamu,kedukaan
lab	2391	lab,labnya,labku,labmu
pulih	2390	pulih,memulihkan,pemulihan,dipulihkan,pulihkan,memulihkannya
rancang	2388	dirancang,merancang,rancangan,merancangnya,rancang,rancangannya
permen	2383	permen,permennya,permenku,permenmu
politik	2381	politik,politiknya,berpolitik,politikku,politikmu
adam	2379	adam
pandai	2378	pandai,kepandaian,terpandai,sepandai,kepandaianmu
model	2372	model,modelnya,pemodelan
beku	2371	membeku,beku,membekukan,dibekukan,pembekuan,bekukan
aduh	2367	aduh
serikat	2366	serikat,perserikatan
kering	2358	kering,kekeringan,keringkan,dikeringkan,keringnya
nali	2354	mengenali,dikenali
rugi	2354	kerugian,rugi,merugikan,ruginya,dirugikan,merugi
bangsat	2351	bangsat
singgung	2348	tersinggung,menyinggung,menyinggungmu,menyinggungnya,singgung,menyinggungku
cermin	2342	cermin,mencerminkan,bercermin,cerminan,cerminnya,tercermin
monyet	2341	monyet,monyetnya,monyetmu
wujud	2332	wujud,mewujudkan,terwujud,mewujudkannya,wujudkan,berwujud
siar	2331	siaran,disiarkan,menyiarkan,penyiar,penyiaran,siarkan
kate	2329	kate
pingsan	2322	pingsan
profesional	2320	profesional,profesionalmu,profesionalku
tinju	2317	tinju,petinju,meninju,bertinju,tinjumu,tinjuku
yahudi	2315	yahudi
cemburu	2304	cemburu,kecemburuan,pencemburu
sasar	2302	sasaran,sasarannya,sasaranmu,menyasar,sasaranku,tersasar
risiko	2301	risiko,berisiko,risikonya,merisikokan
ringan	2280	ringan,meringankan,keringanan,ringankan
ketat	2279	ketat,memperketat,diperketat,perketat
pensiun	2279	pensiun,pensiunan,pensiunku,pensiunmu,pensiunnya
mi	2272	mi,milah
legenda	2272	legenda,melegenda,legendanya
jenius	2270	jenius,kejeniusan,jeniusnya
berkas	2270	berkas,berkasnya,berkasmu,berkasku,seberkas
bapak	2265	bapak,bapaknya,bapakmu,bapakku
pasir	2265	pasir,pasirnya,berpasir
heran	2260	heran,mengherankan,keheranan
mark	2258	mark
blok	2256	blok,memblok,diblok
ting	2255	bertingkah,ting,berkepentingan
tolol	2254	tolol,tololnya
olahraga	2252	olahraga,berolahraga,olahragaku,olahraganya,olahragamu
fisik	2247	fisik,fisiknya,fisikmu,fisikku
cat	2247	cat,mengecat,dicat,catnya,mengecatnya,mencat
saham	2242	saham,sahamnya,sahamku,sahammu
gang	2241	gang,berpegangan,pegangi,berpeganganlah,memegangi,berpeganglah
helikopter	2237	helikopter,helikopternya
cair	2237	cairan,mencair,cair,mencairkan,dicairkan,mencairkannya
asisten	2235	asisten,asistenku,asistennya,asistenmu
lang	2233	melangkah,lang
universitas	2227	universitas
beliau	2227	beliau
lokal	2216	lokal
bulu	2215	bulu,berbulu,bulunya,bulumu,buluku
koran	2214	koran,korannya,koranku,koranmu
saudari	2214	saudari,saudariku,saudarimu,saudarinya,persaudarian,bersaudari
perilaku	2213	perilaku,berperilaku,perilakumu,perilakunya,berperilakulah
sidang	2208	sidang,persidangan,disidang,sidangnya,disidangkan,sidangku
patuh	2206	mematuhi,patuh,patuhi,mematuhinya,kepatuhan,mematuhiku
perkosa	2206	memperkosa,diperkosa,pemerkosaan,pemerkosa,memperkosanya,perkosaan
jaket	2202	jaket,jaketmu,jaketku,jaketnya,berjaket
kantong	2196	kantong,kantongmu,kantongnya,kantongku,sekantong,mengantongi
mampir	2193	mampir,mampirlah
berontak	2193	pemberontak,memberontak,berontak
belok	2193	belok,berbelok,belokan,membelokkan,belokkan,membelok
danau	2191	danau,danaunya
waspada	2191	waspada,waspadalah,kewaspadaan,waspadai,mewaspadai,diwaspadai
efek	2189	efek,efeknya,berefek
cadang	2188	cadangan,cadang,cadangannya,cadanganku,cadangkan,cadanganmu
puncak	2187	puncak,puncaknya,memuncak,dipuncak
runtuh	2187	runtuh,reruntuhan,meruntuhkan,runtuhnya,keruntuhan,runtuhkan
pandu	2185	pemandu,panduan,memandu,pandu,memandumu,dipandu
terowongan	2184	terowongan,terowongannya
remaja	2175	remaja,remajaku,remajanya,meremajakan,peremajaan
murni	2174	murni,kemurnian,pemurnian,memurnikan,dimurnikan,semurni
topeng	2170	topeng,bertopeng,topengnya,topengmu,topengku
debat	2164	berdebat,perdebatan,debat,diperdebatkan,memperdebatkan,perdebatkan
bijak	2162	bijak,kebijakan,kebijakannya,kebijakanku,kebijakanmu
salin	2160	salinan,menyalin,salinannya,salin,persalinan,disalin
kabel	2157	kabel,kabelnya
not	2153	not
asap	2141	asap,berasap,asapnya,mengasapi,asapi
panggung	2139	panggung,panggungnya,dipanggung,panggungku,panggungmu
sandera	2135	sandera,menyandera,penyanderaan,disandera,sanderanya,menyanderanya
nuklir	2134	nuklir,nuklirnya
sambung	2131	sambungkan,sambungan,tersambung,sambung,bersambung,menyambung
miss	2130	miss
paus	2129	paus,kepausan,pausnya
lingkar	2128	lingkaran,melingkar,lingkar,lingkarannya,melingkari,lingkari
puter	2128	puteri,puteriku,puterimu,puterinya,puter
nila	2122	bernilai,senilai,menilaiku,menilaimu,menilainya,nila
saing	2115	bersaing,persaingan,saingan,pesaing,menyaingi,saingannya
muntah	2111	muntah,memuntahkan,muntahkan,muntahan,memuntahkannya
sembah	2111	persembahan,mempersembahkan,menyembah,persembahkan,dipersembahkan,kupersembahkan
paket	2105	paket,paketnya,paketmu,paketku
tangguh	2105	tangguh,ditangguhkan,menangguhkan,penangguhan,setangguh,ketangguhan
papan	2103	papan,papannya
sidik	2102	sidik,penyidik
bocor	2102	bocor,kebocoran,membocorkan,membocorkannya,bocorkan,bocoran
didik	2101	pendidikan,berpendidikan,mendidik,didik,dididik,pendidikanmu
stabil	2097	stabil,menstabilkan,stabilkan,kestabilan,menstabilkannya
belanja	2097	belanja,berbelanja,perbelanjaan,belanjaan,membelanjakan,dibelanjakan
ali	2095	ali,mengalikan
gelang	2094	pergelangan,gelang,gelangnya,gelangmu,gelangku,pergelangannya
barusan	2090	barusan
sun	2089	sun
lebah	2080	lebah,lebahnya
bijaksana	2080	bijaksana,kebijaksanaan,kebijaksanaanmu,kebijaksanaannya
rang	2078	menyeberangi,memerangi,dikurangi,menerangi,rang,terangi
jerit	2076	menjerit,jeritan,menjeritlah,jeritannya,jerit
tebus	2074	menebus,tebusan,penebusan,menebusnya,ditebus,tebusannya
lancar	2071	lancar,melancarkan,dilancarkan,lancarkan,kelancaran
tiup	2070	meniup,bertiup,tiup,ditiup,tiupan,tertiup
candu	2061	pecandu,kecanduan,candu,pencandu
tegang	2061	tegang,ketegangan,menegangkan,tegangan,ketegangannya,menegang
publik	2060	publik
mayor	2057	mayor
lezat	2052	lezat,kelezatan,terlezat,lezatnya,selezat
bukit	2050	bukit,perbukitan,bukitnya,dibukit
sosial	2050	sosial,bersosialisasi,sosialnya,sosialmu,sosialku
robek	2050	merobek,robek,merobeknya,dirobek,kurobek,merobekmu
pemuda	2048	pemuda
panggang	2048	panggang,memanggang,dipanggang,pemanggang,terpanggang,panggangan
senior	2046	senior,seniormu,seniorku,seniornya
pilot	2046	pilot,pilotnya,pilotmu,pilotku
berlian	2042	berlian,berliannya,berlianku,berlianmu
terbit	2040	terbit,diterbitkan,menerbitkan,penerbit,penerbitan,terbitkan
bencana	2039	bencana
derajat	2037	derajat,sederajat,derajatnya,derajatmu
kampus	2036	kampus,kampusnya,kampusku,kampusmu,dikampus
raih	2034	meraih,raih,meraihnya,raihlah,diraih,peraih
muak	2033	muak,memuakkan
kes	2032	terkesan,kes,dikesan
cerah	2027	cerah,pencerahan,mencerahkan,tercerahkan,kecerahan,secerah
laksana	2027	melaksanakan,laksanakan,dilaksanakan,terlaksana,pelaksanaan,melaksanakannya
madu	2024	madu,madunya,madumu,maduku,memadukan,memadu
suasana	2021	suasana,suasananya
romantis	2019	romantis,romantisnya,keromantisan,romantismu
senator	2016	senator
roda	2016	roda,rodanya,beroda,rodaku,rodamu
gelombang	2015	gelombang,bergelombang,gelombangnya
inap	2012	menginap,penginapan,inap,menginaplah,penginapanmu
paruh	2012	separuh,paruh,separuhnya,paruhnya
bajak	2011	bajak,membajak,pembajak,dibajak,membajaknya
rumput	2006	rumput,rumputnya,rerumputan,merumput,rumputku
peluang	2006	peluang,peluangnya,berpeluang,peluangmu,peluangku
gemuk	2004	gemuk,menggemukkan,kegemukan,gemuknya,gemukmu
yaitu	2001	yaitu
sanggup	1999	sanggup,sanggupkah
geng	1996	geng,gengnya,gengmu
lumpuh	1991	lumpuh,melumpuhkan,lumpuhkan,dilumpuhkan,kelumpuhan,melumpuhkannya
hias	1989	perhiasan,hiasan,menghiasi,dihiasi,menghias,perhiasannya
seret	1987	menyeret,diseret,menyeretnya,menyeretku,seret,menyeretmu
peri	1985	peri
ban	1984	ban,membantah,bannya,dibantah,banku
perangkat	1976	perangkat,perangkatnya,seperangkat
bibir	1976	bibir,bibirmu,bibirku,bibirnya
pelan	1971	pelan,pelankan,pelanlah
karakter	1968	karakter,karakternya,karaktermu,karakterku,berkarakter
tembus	1968	menembus,tembus,ditembus,menembusnya,tertembus,penembus
coklat	1967	coklat,coklatnya,kecoklatan,coklatku
pokok	1967	pokoknya,pokok
maria	1965	maria
kredit	1959	kredit,kreditnya,kreditku,kreditmu,dikreditkan
nol	1959	nol,nolan
kuil	1954	kuil,kuilnya
alkohol	1953	alkohol,beralkohol,alkoholnya
kru	1947	kru,krukah,krunya,kruku,krumu
kompetisi	1946	kompetisi,berkompetisi,kompetisinya
kemas	1944	berkemas,kemasi,dikemas,kemasan,kemas,kukemas
jarang	1942	jarang
kencing	1939	kencing,mengencingi,kencingi,kencingku,mengencinginya,kencingnya
selingkuh	1939	berselingkuh,selingkuh,perselingkuhan,selingkuhan,selingkuhannya,perselingkuhannya
kostum	1937	kostum,kostumnya,berkostum,kostummu,kostumku
tabung	1937	tabung,tabungan,menabung,tabunganku,tabungnya,tabungannya
walau	1936	walau
gua	1934	gua,guanya
poin	1926	poin,poinnya,poinku,poinmu
pil	1925	pil,pilnya,pilku,pilmu
debu	1920	debu,berdebu,debunya
asuransi	1920	asuransi,diasuransikan,asuransinya,asuransiku,asuransimu
lidah	1919	lidah,lidahmu,lidahnya,lidahku,berlidah
pelihara	1916	peliharaan,memelihara,pemeliharaan,memeliharanya,pelihara,dipelihara
alarm	1914	alarm,alarmnya,alarmku
ganda	1912	ganda,gandakan,menggandakan,menggandakannya,digandakan,berganda
lipat	1910	lipat,melipat,lipatan,berlipat,dilipat,terlipat
juli	1908	julian,juli
pesona	1904	mempesona,terpesona,pesona,pesonamu,pesonanya,pesonaku
cabut	1900	mencabut,cabut,dicabut,mencabutnya,pencabut,kucabut
payudara	1899	payudara,payudaranya,payudaraku,payudaramu,berpayudara
wajib	1897	kewajiban,wajib,berwajib,kewajibanku,berkewajiban,diwajibkan
tepi	1896	tepi,menepi,tepian,tepinya,ditepi,tepikan
engkau	1894	engkau,engkaulah
agung	1894	agung,keagungan
bidang	1893	bidang,bidangku,sebidang,bidangnya,dibidang,bidangmu
selam	1893	menyelam,selam,penyelam,penyelaman,selamnya
imbang	1891	keseimbangan,seimbang,menyeimbangkan,mengimbangi,imbang,seimbangkan
kembar	1890	kembar,kembaran,kembarannya,kembarnya,kembarku,kembaranmu
satelit	1888	satelit,satelitnya,satelitku,satelitmu
perlahan	1886	perlahan
pajak	1886	pajak,pajaknya,pajakmu,pajakku
piring	1886	piring,piringan,sepiring,piringnya,piringmu,piringku
media	1884	media
sup	1877	sup,supnya,supmu
cangkir	1876	secangkir,cangkir,cangkirnya,cangkirmu,cangkirku
pidato	1875	pidato,berpidato,pidatonya,pidatomu,pidatoku
kaum	1871	kaum,kaummu,kaumku,kaumnya
carter	1870	carter
simpul	1870	kesimpulan,menyimpulkan,simpul,kesimpulannya,simpulkan,disimpulkan
tawan	1867	menawan,tawanan,ditawan,tawanannya,tawananmu,tawananku
sombong	1859	sombong,kesombongan,menyombongkan,kesombonganmu,kesombongannya,sombongnya
tualang	1855	petualangan,petualang,berpetualang,bertualang,petualanganmu,petualanganku
padahal	1853	padahal
tunai	1852	tunai,menunaikan,tunainya
rekening	1851	rekening,rekeningnya,rekeningku,rekeningmu
sarang	1849	sarang,sarangnya,bersarang,sarangmu
dompet	1849	dompet,dompetku,dompetnya,dompetmu
singa	1848	singa,singanya
terobos	1845	menerobos,terobosan,penerobosan,terobos,diterobos,menerobosnya
sub	1842	sub
kimia	1836	kimia,kimianya
kelinci	1835	kelinci,kelincinya
selagi	1834	selagi
mewah	1834	mewah,kemewahan,mewahnya,mewahmu,semewah
kuning	1831	kuning,kekuningan
bantai	1828	pembantaian,membantai,dibantai,pembantai,bantai,membantainya
solusi	1825	solusi,solusinya,solusimu
misteri	1823	misteri,misterinya,misterimu
generasi	1818	generasi,generasimu,generasiku
musnah	1815	musnah,memusnahkan,dimusnahkan,musnahkan,pemusnah,pemusnahan
kaget	1810	kaget,mengagetkan,mengagetkanku,mengagetkanmu,kagetnya
abu	1808	abu,abunya
peristiwa	1804	peristiwa
curang	1803	curang,kecurangan,mencurangi,dicurangi,curangi,mencurangiku
lenyap	1801	lenyap,melenyapkan,dilenyapkan,lenyapkan,melenyapkannya,melenyapkanmu
konsentrasi	1799	konsentrasi,berkonsentrasi,terkonsentrasi,konsentrasilah,konsentrasiku,konsentrasimu
cucu	1799	cucu,cucuku,cucumu,cucunya
iklan	1793	iklan,iklannya,periklanan,mengiklankan,iklanmu,beriklan
panah	1792	panah,panahnya,panahmu,panahan,panahku
muat	1792	muat,muatan,memuat,dimuat,muatannya,bermuatan
identifikasi	1789	mengidentifikasi,identifikasi,diidentifikasi,teridentifikasi,mengidentifikasinya,mengidentifikasikan
ilegal	1777	ilegal
mahasiswa	1777	mahasiswa,mahasiswaku,mahasiswamu
agama	1777	agama,keagamaan,beragama,agamanya,agamaku,agamamu
drama	1776	drama,dramanya,dramamu,dramaku
ultra	1775	ultra
persen	1774	persen,persenan,persennya
federal	1770	federal
gula	1764	gula,gulanya
kanker	1762	kanker,kankernya,kankermu
peti	1760	peti,petinya
kacamata	1760	kacamata,kacamatamu,kacamataku,kacamatanya,berkacamata
rela	1758	rela,merelakan,merelakannya,relakan,merelakanmu,relakanlah
ampo	1757	perampokan,perampokannya
tahap	1746	tahap,bertahap,tahapan,setahap,tahapannya
rumor	1745	rumor,rumornya
larut	1743	larut,selarut,larutan,melarutkan
puisi	1741	puisi,puisinya,puisimu,puisiku,berpuisi
sekretaris	1741	sekretaris,sekretarisku,sekretarisnya,sekretarismu
pipa	1740	pipa,pipanya,pipamu
baja	1740	baja,pembajakan,bajakan,bajanya,bajai,bajamu
kayak	1738	kayak,kayaknya
tiarap	1736	tiarap,tiaraplah
benteng	1733	benteng,bentengnya,membentengi,bentengku
organisasi	1733	organisasi,organisasinya,organisasimu,terorganisasi,organisasiku
keponakan	1732	keponakan,keponakanku,keponakanmu,keponakannya
banget	1731	banget
tumpah	1731	menumpahkan,pertumpahan,tumpah,tumpahkan,tumpahan,tertumpah
lift	1725	lift,liftnya
calon	1725	calon,mencalonkan,pencalonan,dicalonkan,calonnya,pencalonannya
grup	1724	grup,grupnya,grupmu
tembok	1724	tembok,temboknya
ramah	1721	ramah,keramahan,keramahanmu,keramah,seramah
gelar	1717	gelar,menggelar,digelar,gelarnya,gelarmu,gelarku
situs	1716	situs,situsnya
selinap	1714	menyelinap,menyelinapkan,penyelinap
intai	1713	pengintai,mengintai,pengintaian,intai,mengintaiku,mengintaimu
bong	1712	bong,belong,sebongkah
picu	1712	memicu,pemicu,pemicunya,dipicu,memicunya,picu
medan	1709	medan,medannya
tepuk	1709	tepuk,bertepuk,menepuk,tepukkan
ganja	1705	ganja,ganjanya,mengganja,ganjaku,ganjamu
ribut	1705	keributan,ribut,ributkan,diributkan,meributkan
patung	1704	patung,patungnya,pematung,mematung
lamar	1704	melamar,lamaran,melamarku,pelamar,lamar,melamarnya
kristus	1702	kristus
sipil	1702	sipil,sipilis
cowok	1702	cowok,cowoknya,cowokku,cowokmu
derek	1702	derek,menderek,dereknya,diderek
kalung	1701	kalung,kalungnya,kalungmu,kalungku
detak	1701	detak,berdetak,detaknya,detakan
tato	1698	tato,tatonya,bertato,tatomu,ditato,mentato
kurung	1696	dikurung,terkurung,kurungan,kurung,kurungannya
adegan	1694	adegan,adegannya,adeganku
fasilitas	1694	fasilitas,memfasilitasi,fasilitasnya
tajam	1694	tajam,setajam,mempertajam,ketajaman,tajamnya
perak	1688	perak,peraknya,perakmu
april	1685	april
jago	1685	jagoan,jago,jagoanku,jagoannya,jagonya,jagoanmu
lana	1683	lana
ken	1678	ken,pengen
bikin	1677	bikin,membikin,dibikin
judi	1676	judi,berjudi,penjudi,perjudian
duli	1664	perduli,memperdulikan,perdulikan,memperdulikannya,memperdulikanmu
timbul	1660	menimbulkan,timbul,timbulkan,ditimbulkan,timbulnya
giat	1659	kegiatan,giat,kegiatanmu,kegiatannya,kegiatanku
tata	1659	tata,menata,penata,ditata,tertata,penataan
rantai	1655	rantai,dirantai,rantainya,merantai,merantainya,merantaiku
awan	1651	awan,berawan,awannya
bungkus	1651	bungkus,membungkus,dibungkus,terbungkus,membungkusnya,bungkusan
apalagi	1649	apalagi
lin	1649	berlin,lin
remeh	1644	meremehkan,remeh,remehkan,meremehkanku,meremehkanmu,diremehkan
telat	1643	telat
nasihat	1642	nasihat,penasihat,nasihatku,nasihatmu,menasihati,nasihatnya
total	1641	total,totalnya
dok	1633	dok,dokkan
sabuk	1630	sabuk,sabuknya,sabukmu,sabukku
tiru	1630	meniru,tiruan,peniru,menirukan,menirunya,meniruku
gairah	1628	gairah,bergairah,menggairahkan,gairahku,gairahmu,gairahnya
obrol	1625	mengobrol,obrolan,obrolannya,obrolkan
kati	1624	memberkati,diberkati,berkatilah,terberkati,kati
status	1623	status,statusnya,statusmu,statusku,berstatus
pamer	1621	pameran,pamer,memamerkan,dipamerkan,pamerkan,pamerannya
pas	1619	pas
keju	1619	keju,kejunya
ketuk	1617	mengetuk,ketuk,diketuk
partai	1616	partai,partainya,partaimu
pola	1609	pola,polanya
suhu	1608	suhu,suhunya,bersuhu
koper	1608	koper,kopernya,kopermu,koperku
sekalipun	1606	sekalipun
setir	1604	menyetir,setir,menyetirlah,setirnya,menyetirnya
asumsi	1602	berasumsi,asumsi,asumsikan,mengasumsikan,diasumsikan,kuasumsikan
kemah	1597	berkemah,perkemahan,kemah,kemahnya
goreng	1595	goreng,menggoreng,digoreng,penggorengan,gorengan,gorengnya
gaul	1595	bergaul,gaul,pergaulan,gauli
momen	1594	momen,momennya,momenmu,momenku
umpan	1593	umpan,umpannya,mengumpan,pengumpan,umpankan
bang	1591	bang,dibangku
ipar	1591	ipar,iparku,iparmu,iparnya
maya	1588	maya
ranjang	1588	ranjang,ranjangmu,ranjangnya,ranjangku,diranjang,seranjang
obsesi	1587	terobsesi,obsesi,obsesinya,obsesimu,obsesiku
simbol	1585	simbol,simbolnya
kentang	1585	kentang,kentangnya
domba	1582	domba,dombanya,dombaku,dombamu
sekutu	1582	sekutu,persekutuan,bersekutu,sekutunya,sekutumu,sekutuku
cur	1581	mencurinya,pencurinya,dicurinya,mencurimu
inspektur	1579	inspektur
kandang	1572	kandang,kandangnya,dikandang
bedah	1570	bedah,pembedahan,membedah,dibedah,membedahnya,bedahnya
sabtu	1564	sabtu
bongkar	1563	membongkar,terbongkar,bongkar,dibongkar,membongkarnya,pembongkaran
inspirasi	1561	inspirasi,menginspirasi,terinspirasi,menginspirasiku,inspirasiku,menginspirasimu
egois	1560	egois,keegoisan,egoisnya,keegoisanmu
apel	1558	apel,apelnya
ksatria	1557	ksatria,ksatriaku,ksatriamu
susup	1557	penyusup,menyusup,penyusupan,disusupi,menyusupi,menyusupkan
selera	1556	selera,seleramu,seleraku,berselera,seleranya
lega	1555	lega,melegakan,leganya,kelegaan
jumat	1552	jumat
misterius	1549	misterius,misteriusmu
bensin	1549	bensin,bensinnya,bensinku
haus	1548	haus,kehausan
sangkal	1548	menyangkal,menyangkalnya,penyangkalan,disangkal,sangkal
zona	1547	zona
misal	1547	misalnya,misalkan,misal
lebar	1547	lebar,melebar,melebarkan,selebar,lebarkan,lebarnya
gubernur	1543	gubernur
kamp	1541	kamp,kampnya
perdana	1541	perdana,perdananya
gelisah	1537	gelisah,kegelisahan,kegelisahanku,kegelisahanmu,menggelisahkan
liat	1536	liat,keliatan,keliatannya
lapis	1535	lapisan,lapis,dilapisi,melapisi,lapisannya
kalimat	1533	kalimat,kalimatnya,kalimatmu,kalimatku
budaya	1532	budaya,kebudayaan,berbudaya,budayaku,budayamu,budayanya
produk	1529	produk,produknya,produkmu,produkku
produksi	1528	produksi,memproduksi,diproduksi,produksinya,memproduksinya
majalah	1526	majalah,majalahnya,majalahmu,majalahku
saku	1522	saku,sakumu,sakunya,sakuku
desak	1516	mendesak,terdesak,desak,mendesakku,mendesaknya,mendesakmu
jurus	1516	jurus,jurusan,jurusmu,jurusanmu,menjurus
teknik	1512	teknik,tekniknya,teknikmu
umat	1511	umat,umatnya
jahit	1510	menjahit,jahitan,jahit,penjahit,dijahit,menjahitnya
sapa	1508	menyapa,sapa,menyapanya,sapalah,menyapamu,menyapaku
hiu	1506	hiu,hiunya
negatif	1506	negatif,negatifnya
laboratorium	1504	laboratorium,laboratoriumku,laboratoriumnya,laboratoriummu
pusing	1502	pusing,pusingan,memusingkan,dipusingkan
andai	1500	andai,andaikan,mengandaikan,diandaikan
utus	1500	utusan,mengutus,mengutusmu,mengutusku,diutus,utus
jengkel	1497	menjengkelkan,jengkel,menjengkelkannya,menjengkelkanku
kam	1497	pengaman,pengamannya,pengamanmu,kam,pengampun,pengamanku
rute	1493	rute,rutenya,rutemu
artikel	1491	artikel,artikelnya,artikelmu,artikelku
otot	1491	otot,berotot,ototmu,ototnya,ototku
mei	1488	mei
diskusi	1487	diskusi,mendiskusikan,diskusikan,mendiskusikannya,didiskusikan
investasi	1486	investasi,berinvestasi,menginvestasikan,diinvestasikan,investasikan,investasiku
negosiasi	1485	bernegosiasi,negosiasi,menegosiasikan,dinegosiasikan,negosiasikan,negosiasinya
duta	1482	kedutaan,duta
reputasi	1481	reputasi,reputasimu,reputasiku,reputasinya
damping	1481	pendamping,berdampingan,didampingi,mendampingi,mendampingimu,pendampingku
tegak	1481	tegak,penegak,menegakkan,ditegakkan,tegakkan
seram	1480	menyeramkan,seram
lorong	1479	lorong,lorongnya,dilorong
indonesia	1478	indonesia
upacara	1475	upacara,upacaranya
dakwa	1474	terdakwa,dakwaan,didakwa,mendakwa,mendakwanya,dakwaannya
susul	1473	menyusul,menyusulmu,susul,menyusulnya,susulan,kususul
peras	1472	memeras,pemerasan,diperas,memerasku,pemeras,memerasnya
set	1470	set,diset
ritual	1468	ritual,ritualnya
edar	1466	pengedar,beredar,peredaran,mengedarkan,pengedarnya,pengedaran
mason	1465	mason
nada	1465	nada,nadanya,bernada,nadamu
bahu	1465	bahu,bahumu,bahunya,membahu
promosi	1465	promosi,mempromosikan,dipromosikan,promosikan,promosimu,promosinya
dad	1461	dad
hadirin	1458	hadirin
jangkau	1458	jangkauan,menjangkau,terjangkau,dijangkau,jangkauannya,menjangkaunya
tunggal	1454	tunggal,tunggalnya
langka	1453	langka,kelangkaan
juri	1451	juri,jurinya
semi	1451	semi,bersemi
tampar	1451	menampar,tamparan,tampar,menamparmu,menamparku,menamparnya
kawin	1450	kawin,perkawinan,kawinnya,perkawinannya,perkawinanmu,kawinmu
tradisi	1448	tradisi,tradisinya
klaim	1446	mengklaim,klaim,diklaim,mengklaimnya
hamba	1445	hamba,hambamu
takluk	1445	menaklukkan,penakluk,menaklukan,penaklukan,ditaklukkan,taklukkan
gurun	1444	gurun
divisi	1444	divisi,divisimu,divisiku
pustaka	1440	perpustakaan,pustaka,perpustakaannya
long	1438	long
sorak	1436	bersorak,sorak,sorakan,bersoraklah,pesorak,menyoraki
senin	1435	senin
positif	1434	positif,positifnya
lomba	1429	perlombaan,lomba,berlomba
deteksi	1426	mendeteksi,terdeteksi,deteksi,pendeteksi,dideteksi,mendeteksinya
tel	1424	menelan,menelannya,ditelan,tertelan,tel,menelanmu
upaya	1422	upaya,berupaya,upayamu,upayakan,mengupayakan,upayaku
incar	1422	mengincar,incar,mengincarmu,mengincarku,diincar,mengincarnya
perawan	1421	perawan,keperawanan,keperawananku,keperawananmu,keperawanannya
labuh	1421	pelabuhan,berlabuh,mengelabuhi
cukur	1417	cukur,mencukur,bercukur,dicukur,mencukurnya,pencukur
aktor	1416	aktor,aktornya
lilin	1416	lilin,lilinnya
amal	1416	amal,peramal,beramal,amalmu,amalnya
industri	1410	industri
teknis	1410	teknis,teknisnya
ras	1407	ras,rasis,rasmu
memori	1406	memori,memorinya,memoriku,memorimu
investigasi	1405	investigasi,menginvestigasi,investigasinya,diinvestigasi,investigasiku
landas	1405	landas,landasan,landasannya
tenggorok	1405	tenggorokan,tenggorokannya,tenggorokanmu,tenggorokanku
evakuasi	1403	evakuasi,mengevakuasi,dievakuasi
seksual	1401	seksual,seksualmu,seksualnya
sekaligus	1399	sekaligus
zaman	1399	zaman,zamannya,zamani,zamanku
internasional	1398	internasional
matematika	1396	matematika,matematikamu,matematikanya
segel	1396	segel,disegel,menyegel,segelnya,tersegel,menyegelnya
tempel	1394	menempel,menempelkan,tempelkan,tempel,ditempel,menempelkannya
insiden	1391	insiden
negro	1390	negro
keringat	1390	berkeringat,keringat,keringatan,keringatmu,keringatku,keringatnya
iman	1388	iman,beriman,imanmu,keimanan,imanku,imannya
sapu	1387	menyapu,sapu,tersapu,penyapu,disapu,sapuan
yunani	1385	yunani
halus	1383	halus,sehalus,menghaluskan,halusnya,kehalusan
undur	1383	mengundurkan,pengunduran,berundur,undur,undurkan
tetes	1383	tetes,setetes,menetes,meneteskan,tetesan,setetespun
medali	1382	medali,medalinya,medaliku,medalimu
level	1381	level,levelnya,levelmu,selevel
huruf	1380	huruf,hurufnya
pagar	1378	pagar,pagarnya
makanya	1376	makanya
patroli	1376	patroli,berpatroli
real	1376	real,sereal
urut	1376	urutan,urutannya,urut,diurutkan,mengurutkan,urutkan
dering	1376	berdering,dering,deringan,deringnya
transfer	1375	transfer,ditransfer,mentransfer,transfernya,mentransfernya
staf	1372	staf,stafku,stafnya,stafmu
retas	1370	meretas,peretas,diretas,meretasnya,peretasan,retas
adab	1366	peradaban,beradab
rapi	1366	rapi,merapikan,rapikan,merapikannya,dirapikan
tara	1366	tara,setara,kesetaraan
ejek	1365	mengejek,mengejekku,ejekan,mengejekmu,diejek,mengejeknya
cacat	1364	cacat,kecacatan,cacatnya
serangga	1361	serangga,serangganya
ramal	1361	ramalan,meramalkan,meramal,diramalkan,ramalannya,ramal
goyang	1358	goyang,bergoyang,goyangkan,menggoyangkan,menggoyang,goyangan
sampel	1357	sampel,sampelnya
desain	1357	desain,mendesain,desainnya,didesain,desainku,mendesainnya
tang	1356	tang,ditangan,ditanganmu,memenangi,ditanganku,ditangannya
esok	1355	esok,keesokan,esoknya,keesokannya
mitra	1354	mitra,kemitraan,mitraku,bermitra,mitramu,mitranya
aroma	1350	aroma,aromanya,beraroma,aromamu
unik	1348	unik
berisik	1347	berisik
ramai	1347	ramai,keramaian,meramaikan,ramainya
rekrut	1346	merekrut,direkrut,perekrutan,rekrutan,rekrut,merekrutnya
miliar	1344	miliar,miliaran
akrab	1343	akrab,keakraban,mengakrabkan
ana	1343	diana,ana,ananya,anaku,peranakan,anakan
kelahi	1342	perkelahian,kelahi
pinggir	1342	pinggir,pinggiran,pinggirkan,dipinggir,pinggirannya
terna	1341	peternakan,peternakannya,peternakanmu,peternakanku,perternakan
wabah	1340	wabah,wabahnya,mewabah
prosedur	1340	prosedur,prosedurnya
jet	1337	jet,jetnya
properti	1334	properti,propertiku,propertinya,propertimu
borgol	1333	borgol,borgolnya,diborgol,memborgol,borgolku,terborgol
cokelat	1332	cokelat,cokelatnya,kecokelatan
injak	1332	menginjak,menginjakkan,injak,menginjaknya,terinjak,diinjak
simpang	1329	persimpangan,menyimpang,penyimpangan,simpang,penyimpang
pegawai	1325	pegawai,pegawaiku,pegawaimu,pegawainya,kepegawaian
gegas	1325	bergegas,bergegaslah
baterai	1323	baterai,baterainya,bateraiku,bateraimu
junior	1320	junior,juniorku
getar	1319	bergetar,getaran,menggetarkan,getar,getarannya
suster	1318	suster
jun	1317	jun
reporter	1317	reporter
tank	1314	tank,tanki,tanknya
koin	1312	koin,koinnya,koinku
tanggap	1310	menanggapi,tanggapan,menanggapinya,tanggap,tanggapanmu,ditanggapi
sensitif	1308	sensitif
kualitas	1308	kualitas,berkualitas,kualitasnya
klasik	1306	klasik
kristen	1306	kristen,kekristenan
ego	1300	diego,ego,egomu,egonya,egoku
jarum	1297	jarum,jarumnya
amin	1295	amin
wang	1295	wang,wangan
standar	1295	standar,standarmu,standarnya,standarku
sah	1294	sah,disahkan,sahnya
susun	1294	menyusun,susunan,susun,disusun,menyusunnya,tersusun
bius	1294	bius,dibius,membius,membiusnya,membiusku,biusnya
logam	1293	logam,logamnya
kambing	1287	kambing,kambingnya,kambingmu
jenak	1284	sejenak
modern	1284	modern
repot	1281	merepotkan,repot,merepotkanmu,merepotkanku,direpotkan
mental	1278	mental,mentalnya,mentalmu,mentalku,mentalis
mantel	1277	mantel,mantelmu,mantelku,mantelnya,bermantel
gugur	1275	gugur,keguguran,berguguran,menggugurkan,menggugurkannya,digugurkan
los	1274	los
resep	1274	resep,resepnya,meresepkan,diresepkan,resepku,resepmu
sopir	1272	sopir,sopirnya,sopirmu,sopirku
rasuk	1269	kerasukan,merasuki,dirasuki,merasukimu,merasukinya,merasukiku
demam	1266	demam,demamnya,demammu
sok	1264	sok
spesies	1264	spesies,spesiesnya,spesiesmu
sulap	1264	sulap,pesulap,menyulap,sulapnya,sulapku,sulapmu
kah	1261	kah,diberkahi,memberkahi
enyah	1261	enyahlah,enyah,enyahkan,mengenyahkan,mengenyah
sen	1259	sen,berseni,sennya,sesenpun,petersen
abang	1259	abang,abangku,abangmu,abangnya
tur	1258	tur,turnya
nyenyak	1257	nyenyak
strategi	1254	strategi,strategimu,strateginya
koneksi	1254	koneksi,koneksinya,koneksiku,terkoneksi,koneksimu
bis	1253	bis,bisnya
akting	1253	akting,berakting,aktingmu,aktingnya,aktingku
bimbing	1253	membimbing,bimbingan,pembimbing,membimbingmu,membimbingku,membimbingnya
daun	1252	daun,daunnya
info	1252	info,infonya
utuh	1252	utuh,seutuhnya,keutuhan
wenang	1251	berwenang,kewenangan,kewenanganku,kewenanganmu
sita	1251	menyita,sita,disita,penyitaan,menyitanya,sitaan
protokol	1250	protokol,protokolnya
koleksi	1250	koleksi,mengoleksi,koleksiku,koleksimu,koleksinya,mengkoleksi
hot	1249	hot
bor	1248	bor,boris,pengeboran,mengebor,bornya,pengebor
oksigen	1247	oksigen,oksigennya,oksigenmu
tamat	1247	tamat,tamatlah,menamatkan,tamatkan,tamatan
pirang	1246	pirang
terjun	1245	terjun,penerjun,penerjunan,diterjunkan,menerjunkan
sofa	1243	sofa,sofanya,sofaku,sofamu
mangsa	1243	mangsa,pemangsa,memangsa,mangsanya,dimangsa,mangsamu
terapi	1242	terapi,terapinya,terapiku,terapimu
sarung	1241	sarung,sarungnya,sarungkan
piano	1241	piano,pianonya
garasi	1239	garasi,garasinya,garasiku,garasimu
rayu	1239	merayu,merayuku,rayuan,merayunya,merayumu,rayu
iri	1238	iri
gendut	1236	gendut
dragon	1236	dragon,pendragon
final	1236	final,finalis,finalnya
versi	1235	versi,versinya,versimu,versiku
adu	1234	adu,mengadu,mengadukan,pengaduan,pengadu,beradu
interogasi	1232	interogasi,menginterogasi,diinterogasi,menginterogasinya,interogasinya,menginterogasiku
narator	1230	narator
stres	1230	stres,stresnya
gravitasi	1229	gravitasi,gravitasinya
lencana	1225	lencana,lencanamu,lencanaku,lencananya
komentar	1225	komentar,berkomentar,mengomentari,komentarmu,komentarnya
ayun	1225	ayunan,berayun,mengayunkan,ayunkan,mengayun,ayun
nasehat	1224	penasehat,nasehat,nasehatku,menasehati,nasehatmu,menasehatiku
babak	1219	babak
kain	1219	kain,kainnya,kainan
metode	1219	metode,metodeku,metodenya,metodemu
tuntun	1219	menuntun,menuntunmu,menuntunku,tuntun,menuntunnya,penuntun
bendera	1218	bendera,benderanya
bujuk	1218	membujuk,membujuknya,membujukku,bujuk,dibujuk,membujukmu
tong	1217	tong
kampung	1217	kampung,perkampungan,kampungan,kampungku,kampungmu
leo	1216	leo
timpa	1216	menimpa,menimpamu,menimpanya,menimpaku,tertimpa,ditimpa
ceroboh	1214	ceroboh,kecerobohan,cerobohnya,kecerobohanmu
saji	1214	menyajikan,disajikan,saji,sajikan,sajian,menyajikannya
iris	1212	iris,irisan,diiris,seiris,teriris
jantan	1212	jantan,pejantan,kejantanan,kejantananmu,kejantananku,kejantanannya
tengkorak	1210	tengkorak,tengkoraknya,tengkorakmu,tengkorakku
latar	1209	latar,latarnya,berlatar,pelataran
keliru	1209	keliru,kekeliruan
sangkut	1209	menyangkut,tersangkut,bersangkutan,sangkut
adopsi	1209	mengadopsi,diadopsi,adopsi,mengadopsinya,mengadopsimu,mengadopsiku
museum	1208	museum,museumnya
padang	1207	padang
pers	1207	pers,persnya
wajar	1207	wajar,sewajarnya,kewajaran
culi	1205	penculikan,penculikannya,penculikanmu
tegas	1203	tegas,menegaskan,tegaskan,kutegaskan,penegasan,ketegasan
ulah	1201	ulah,ulahmu,berulah,ulahnya,ulahku
justru	1198	justru
terampil	1198	keterampilan,terampil,keterampilanmu,keterampilanku,keterampilannya
urung	1198	mengurung,mengurungku,mengurungnya,mengurungmu,pengurungan,mengurungkan
emosional	1196	emosional,emosionalmu
nyaris	1195	nyaris
galaksi	1194	galaksi
sikeras	1193	bersikeras
jaya	1187	berjaya,kejayaan,jaya,jayalah,kejayaannya,jayanya
mars	1184	mars
badut	1184	badut,badutnya
kencang	1184	kencang,kencangkan,sekencang
sin	1180	disinilah,sin,disinikah
golf	1176	golf,pegolf,golfnya
email	1175	email,emailnya,emailmu,emailku
daki	1175	mendaki,pendaki,pendakian,daki
buron	1174	buronan,buron
puja	1174	memuja,pemujaan,pemuja,puja,memujamu,memujanya
populer	1172	populer,terpopuler
aset	1172	aset,asetnya,asetmu,asetku
eksekusi	1171	eksekusi,dieksekusi,mengeksekusi,eksekusinya,mengeksekusinya,mengeksekusimu
pangkal	1168	pangkalan,pangkal,pangkalannya
potensi	1167	potensi,berpotensi,potensinya,potensimu
petir	1165	petir,petirnya
panjat	1165	memanjat,panjat,memanjatnya,pemanjat,dipanjatkan
terap	1165	terapis,menerapkan,diterapkan,terapkan,menerapkannya,terapan
licik	1163	licik,liciknya
anti	1162	anti,menganti
istilah	1161	istilah,istilahnya,istilahmu
studio	1160	studio,studionya,studioku,studiomu
selimut	1159	selimut,selimutnya,selimuti,selimutku,selimutmu,berselimut
partner	1159	partner,partnerku,partnermu,partnernya,berpartner
bisik	1156	berbisik,bisikan,membisikkan,bisikkan,pembisik,kubisikkan
dadak	1155	mendadak
moral	1155	moral,bermoral,moralnya,moralmu
traktir	1154	traktir,mentraktir,mentraktirmu,kutraktir,mentraktirku,traktiran
detail	1153	detail,detailnya,mendetail
dongeng	1152	dongeng,pendongeng,mendongeng
luk	1152	melukis,melukisnya,dilukis,luk,melukismu
kepung	1152	mengepung,dikepung,pengepungan,kepung,terkepung,mengepungnya
cekik	1151	mencekik,tercekik,dicekik,mencekiknya,mencekikmu,mencekikku
lembah	1150	lembah
judul	1148	judul,berjudul,judulnya
suap	1148	suap,menyuap,disuap,penyuapan,menyuapi,menyuapku
kuku	1147	kuku,kukunya,kukumu,kukuku
nafsu	1145	nafsu,bernafsu,nafsunya,nafsuku,nafsumu
firasat	1142	firasat,firasatku,firasatmu,berfirasat
saraf	1139	saraf,sarafnya,sarafmu,sarafku
ria	1136	teriakan,ria,teriakannya,teriakanmu,teriakanku,meneriakan
ambulans	1135	ambulans,ambulansnya
amunisi	1132	amunisi,amunisinya,amunisimu,amunisiku
dampak	1131	dampak,berdampak,dampaknya
erang	1130	mengerang,erangan
setel	1129	setelan,menyetel,setel,disetel,setelanmu,setelanku
marinir	1128	marinir
sepak	1128	sepak,menyepak
klinik	1127	klinik,kliniknya,klinikku
konferensi	1125	konferensi
syuting	1125	syuting,syutingnya,syutingmu
harimau	1124	harimau,harimaunya
macet	1124	macet,kemacetan
ekonomi	1123	ekonomi,perekonomian
patut	1123	patut,sepatutnya
jus	1122	jus,jusnya
gampang	1122	gampang,segampang,gampangan,gampangnya
bagasi	1122	bagasi,bagasinya,bagasimu,bagasiku
ekspresi	1122	ekspresi,mengekspresikan,ekspresimu,ekspresinya,ekspresikan
televisi	1121	televisi,televisinya
angkut	1121	mengangkut,angkut,pengangkut,diangkut,angkutan,pengangkutan
jubah	1120	jubah,jubahnya,berjubah,jubahku,jubahmu
vagina	1119	vagina,vaginanya,vaginamu,vaginaku
deh	1116	deh
ilmiah	1116	ilmiah,ilmiahnya
rem	1115	rem,remnya,mengerem,serem,pengereman
luang	1115	luang,meluangkan,luangkan,luangnya,luangku,luangmu
intelijen	1114	intelijen
arang	1113	mengarang,arang,mengarangnya,pengarang,pengarangnya
rekomendasi	1112	merekomendasikan,rekomendasi,rekomendasikan,direkomendasikan,merekomendasikanmu,merekomendasikannya
cacing	1111	cacing,cacingnya
pompa	1111	pompa,memompa,pompanya,dipompa,memompanya,terpompa
tunggang	1110	penunggang,menunggang,menunggangi,menungganginya,tunggangi,tunggangan
layang	1109	melayang,layangan,layang,melayangkan,layangannya
tan	1107	tan,bertani,tanis,bertemanlah
siluman	1106	siluman,silumannya
gosip	1106	gosip,bergosip,gosipnya,menggosip,penggosip
asrama	1105	asrama,asramanya,asramaku
cenderung	1105	cenderung,kecenderungan
sinting	1104	sinting
lumpur	1103	lumpur,berlumpur,lumpurnya
koki	1102	koki,kokinya
pena	1102	pena,penanya,penamu,penaku
tumpu	1102	tumpukan,bertumpu,tumpuan,tumpu,penumpukan
karet	1101	karet,karetnya,karetmu
ialah	1097	ialah
gun	1097	gun,menggunkan
imbal	1097	imbalan,imbalannya
sumbang	1097	sumbangan,menyumbangkan,menyumbang,disumbangkan,sumbangkan,penyumbang
pop	1096	pop
ecek	1095	mengecek,mengeceknya,mengecekmu
permata	1094	permata,permatanya,permataku
gempa	1093	gempa,gempanya
usul	1093	mengusulkan,usul,usulan,usulkan,diusulkan,usulmu
kara	1092	kara
global	1091	global
kurus	1090	kurus,kurusan,kurusnya
masakan	1090	masakan,masakanmu,masakannya,masakanku
pancar	1090	pemancar,pancaran,memancarkan,memancar,pemancarnya,terpancar
rana	1088	kerana,rana
otomatis	1087	otomatis,otomatisnya
prioritas	1087	prioritas,prioritasku,memprioritaskan,prioritasmu,prioritasnya
komunitas	1086	komunitas,komunitasnya
lembar	1086	lembar,lembaran,selembar
tuang	1086	tuangkan,menuangkan,tuang,menuang,menuangkannya,dituangkan
sus	1085	susan,sus
gin	1085	segini,gin,gini
runduk	1083	merunduk,merunduklah
suntik	1083	suntik,menyuntikkan,disuntik,menyuntik,disuntikkan,suntikkan
juni	1082	juni
ramu	1080	ramuan,ramuannya,ramu,ramuanku,meramu
isap	1079	mengisap,pengisap,isap,isapan,mengisapnya
salib	1078	salib,disalib,penyaliban,disalibkan,salibnya,menyalibkan
bubar	1078	bubar,dibubarkan,membubarkan,bubarkan,pembubaran
plastik	1076	plastik,plastiknya
hidang	1076	hidangan,hidangannya,menghidangkan,dihidangkan,hidangkan
semenjak	1075	semenjak
tega	1075	tega,teganya,penegakan
dewi	1074	dewi,dewiku
lemak	1072	lemak,berlemak,lemaknya
jas	1072	jas,berjas,jasmu,jasnya,jasku
selasa	1069	selasa,selasai
bangkrut	1069	bangkrut,kebangkrutan
noda	1068	noda,menodai,ternoda,bernoda,dinodai,nodanya
konser	1063	konser,konsernya,konsermu,konserku
lusin	1063	selusin,lusin,lusinan
kristal	1061	kristal,kristalnya,kristalku
perisai	1061	perisai,perisainya,perisaimu,perisaiku
geser	1061	geser,bergeser,pergeseran,menggeser,digeser
penggal	1061	memenggal,dipenggal,penggal,pemenggalan,terpenggal,kupenggal
transaksi	1059	transaksi,bertransaksi,transaksinya
motif	1059	motif,motifnya,motifmu,bermotif
banjir	1059	banjir,membanjiri,dibanjiri,kebanjiran,banjirnya
tulus	1058	tulus,ketulusan,ketulusanmu,ketulusanku,ketulusannya
gulung	1058	gulungan,gulung,menggulung,digulung,gulungannya,menggulungnya
sayur	1057	sayuran,sayur,sayuri,sayurannya
komando	1053	komando,komandoku,komandonya,komandomu
seniman	1048	seniman
kerah	1047	mengerahkan,kerahkan,kerah,dikerahkan,kerahnya,berkerah
selundup	1047	menyelundupkan,penyelundup,penyelundupan,selundupan,diselundupkan,selundupkan
cakar	1045	cakar,mencakar,cakarnya,pencakar,cakaran,cakarmu
sutradara	1041	sutradara,sutradaranya,disutradarai,menyutradarai
cedera	1040	cedera,mencederai,cederanya,cederakan,cederamu
garam	1038	garam,garamnya
wali	1038	wali,walinya,diwali,perwalian,walimu,waliku
gajah	1037	gajah,gajahnya
tangki	1035	tangki,tangkinya
geledah	1035	menggeledah,geledah,penggeledahan,digeledah,menggeledahnya,menggeledahku
jaman	1033	jaman,jamannya,jamanku
jasad	1033	jasad,jasadnya,jasadku,jasadmu
bantal	1032	bantal,bantalan,bantalnya,bantalmu,bantalku
komitmen	1032	komitmen,berkomitmen,komitmenmu,komitmennya,komitmenku
over	1031	over
radiasi	1031	radiasi,radiasinya
perwira	1027	perwira
bak	1025	bak,baklah
paspor	1025	paspor,paspormu,paspornya,pasporku
jilat	1023	menjilat,penjilat,menjilati,jilat,menjilatnya,jilatan
ulur	1023	ulurkan,mengulur,mengulurkan,ulur,uluran
motel	1022	motel,motelnya
saus	1020	saus,sausnya
muhammad	1018	muhammad
benam	1018	terbenam,membenamkan,benamkan
tenda	1018	tenda,tendanya,tendaku,tendamu
cuti	1016	cuti,cutimu,percutian
kelola	1016	mengelola,dikelola,pengelola,mengelolanya,kelola,pengelolaan
festival	1015	festival
iring	1013	seiring,pengiring,iringan,mengiringi,diiringi,beriringan
menu	1012	menu,menunya
batang	1012	batang,sebatang,batangan,batangnya
ronde	1009	ronde
pantau	1009	memantau,pemantauan,pemantau,pantau,dipantau,pantauan
khayal	1008	khayalan,berkhayal,khayalanmu,mengkhayal,khayalanku,khayalannya
roket	1007	roket,roketnya,meroket
malas	1006	malas,pemalas,kemalasan
seru	1006	seru,berseru,menyerukan,seruan,serunya
makna	1005	makna,bermakna,maknanya
sembarang	1002	sembarangan,sembarang
porno	1000	porno
homo	1000	homo
ram	1000	ram,teraman,raman
fajar	997	fajar
sempit	996	sempit,mempersempit,menyempit,persempit,mempersempitnya
elang	995	elang,elangnya
erat	993	erat,pengerat,mempererat,eratkan
konsekuensi	993	konsekuensi,konsekuensinya
meriam	992	meriam,meriamnya
karun	992	karun,karunnya,karunku
gores	992	goresan,tergores,menggores,gores,menggoresnya,goresannya
asam	991	asam,asami,asamnya
cut	990	cut,bercuti
organ	990	organ,organnya
nasi	990	nasi,nasinya,nasiku
hemat	990	menghemat,hemat,berhemat,penghematan
gagas	989	gagasan,gagasannya,gagasanmu
kaleng	988	kaleng,sekaleng,kalengan,kalengnya,pengalengan
berengsek	987	berengsek
panti	986	panti
nyali	986	nyali,bernyali,nyalimu,nyaliku
prihatin	985	prihatin,keprihatinan,memprihatinkan
hambat	984	hambatan,menghambat,terhambat,penghambat,menghambatnya,menghambatmu
tiri	983	tiri,tiriku,tirimu,tirinya
fantastis	981	fantastis
log	981	logan,log
lalat	980	lalat,lalatnya
jelajah	980	penjelajah,menjelajah,jelajahi,penjelajahan,jelajah
inci	979	inci
gelandang	977	gelandangan,gelandang
republik	975	republik,republikan
mawar	974	mawar,mawarnya
potret	974	memotret,potret,pemotretan,memotretnya,memotretku,memotretmu
abdi	973	mengabdi,mengabdikan,pengabdian,abdi,pengabdianmu,pengabdianku
dasi	971	dasi,dasimu,dasinya,dasiku
piala	970	piala,pialanya,pialaku,pialamu
tiang	969	tiang,tiangnya
kabut	969	kabut,berkabut,kabutnya
kitab	968	kitab,kitabnya
guncang	967	terguncang,mengguncang,guncangan,berguncang,mengguncangkan,mengguncangnya
imajinasi	966	imajinasi,imajinasimu,imajinasiku,berimajinasi,imajinasinya
tragedi	965	tragedi
prediksi	965	memprediksi,prediksi,diprediksi,memprediksikan,memprediksinya,terprediksi
yatim	963	yatim
jimat	963	jimat,jimatnya,jimatmu,jimatku
genggam	963	menggenggam,genggaman,genggam,segenggam,genggamanmu,genggamannya
arab	962	arab
lampau	962	melampaui,lampau,terlampau,terlampaui
karang	961	karang,karangan,dikarang
krisis	959	krisis
keledai	959	keledai,keledainya
ladang	959	ladang,ladangnya,ladangku,ladangmu
kasur	959	kasur,kasurnya,kasurku,kasurmu
kejap	956	sekejap,kejap
gitar	956	gitar,gitarnya,gitarku,gitarmu
manipulasi	956	memanipulasi,manipulasi,dimanipulasi,memanipulasinya,memanipulasimu,memanipulasiku
hantam	954	menghantam,hantam,hantaman,dihantam,menghantamnya,menghantamku
brilian	953	brilian
liga	953	liga
cabang	953	cabang,bercabang,cabangnya
buddha	951	buddha
acak	951	acak,mengacak,pengacak,diacak
tebal	950	tebal,ketebalan,tebalnya
rangkai	950	serangkaian,rangkaian,merangkai
pindai	948	memindai,pemindai,pemindaian,pindai,dipindai,pindaian
helm	947	helm,helmnya,helmmu,helmku
gen	946	gen,bergen,genmu
eksperimen	945	eksperimen,bereksperimen,eksperimennya
bual	945	membual,bualan,pembual,berbual,bualanmu,perbualan
komisaris	944	komisaris
klan	944	klan,klanmu
kampanye	944	kampanye,berkampanye,kampanyenya,kampanyemu,kampanyeku
gemetar	942	gemetar,gemetaran
selang	942	selangkah,selang,selangnya,berselang
struktur	941	struktur,strukturnya,terstruktur
laptop	941	laptop,laptopnya,laptopku,laptopmu
jasa	938	jasa,berjasa,jasamu,jasanya,jasaku
artis	936	artis
sengat	936	menyengat,sengatan,tersengat,disengat,penyengat,sengat
kabin	935	kabin,kabinnya,kabinku,kabinmu
siaga	934	siaga,bersiaga,siagakan
celah	933	celah,celahnya
maupun	932	maupun
top	932	top,bertopi
kongres	929	kongres
dermaga	928	dermaga
kiamat	928	kiamat
teks	928	teks,teksi
handuk	927	handuk,handuknya,handukmu,handukku
sadap	927	menyadap,penyadap,disadap,penyadapan,sadap,menyadapnya
dom	926	dom
sekian	926	sekian,sepersekian,kesekian
nazi	925	nazi
jagung	924	jagung,jagungnya
skor	924	skor,skornya
pasok	924	pasokan,pemasok,memasok,pasokannya
jangka	923	jangka,berjangka
seri	923	seri,serian,serinya,berseri
instruksi	919	instruksi,instruksiku,menginstruksikan,instruksinya,diinstruksikan,instruksikan
mafia	916	mafia
tular	916	menular,tertular,penularan,menularkan,ditularkan,menularkannya
manual	915	manual,manualnya
serbu	915	menyerbu,serbu,penyerbuan,diserbu,penyerbu,serbuan
evolusi	913	evolusi,berevolusi
emis	912	pengemis,mengemis
efektif	911	efektif
ekstra	910	ekstra
juru	910	juru
manja	910	manja,memanjakan,memanjakannya,dimanjakan,manjakan,memanjakanmu
banteng	909	banteng,bantengnya
sirkus	907	sirkus,sirkusnya
album	907	album,albumnya,albumku,albummu
koordinat	907	koordinat,koordinatnya
revolusi	906	revolusi,merevolusi
arus	906	arus,arusnya
ton	906	ton,toni,telemon
hasrat	905	hasrat,berhasrat,hasratku,hasratmu,hasratnya
bebek	901	bebek,bebeknya
bungkuk	899	membungkuk,bungkuk,membungkukkan,membungkuklah
kedip	899	berkedip,mengedipkan,kedipan,kedip,kedipkan,mengedip
bidik	898	bidik,membidik,bidikan,membidiknya,bidikanku,bidikannya
sains	897	sains
gawat	895	gawat
laki	894	laki
rudal	894	rudal,rudalnya
pelatuk	894	pelatuknya,pelatuk
novel	893	novel,novelku,novelmu,novelnya
belikan	892	belikan
dog	891	dog
ternak	891	ternak,peternak,peternakkan,ternaknya,beternak
minat	890	minat,berminat,peminat,minatmu,minatku,minatnya
intip	889	mengintip,intip,pengintip,mengintipnya,mengintipku,mengintipmu
gosok	888	menggosok,gosok,menggosoknya,digosok,gosokkan,penggosok
trauma	887	trauma
frekuensi	887	frekuensi,frekuensinya
tombak	887	tombak,tombaknya,tombakku,tombakmu
sesi	886	sesi
prinsip	886	prinsip,prinsipnya,prinsipku,prinsipmu,berprinsip
bentur	886	terbentur,benturan,membenturkan,membentur,berbenturan,benturkan
kaos	885	kaos,kaosmu,kaosnya,kaosku
pijat	884	pijat,memijat,pijatan,dipijat,pemijat,memijatmu
ukir	884	mengukir,ukiran,terukir,diukir,ukir,ukirannya
akar	882	akar,akarnya,berakar,akari,mengakar
sektor	881	sektor
koma	881	koma,komanya
ronta	879	pemberontakan,meronta,pemberontakannya
ambang	879	ambang,mengambang,diambang
isolasi	878	isolasi,terisolasi,mengisolasi,diisolasi,mengisolasinya
kabul	878	mengabulkan,dikabulkan,terkabul,kabul,kabulkan,mengabulkannya
denyut	877	denyut,berdenyut,denyutnya,denyutan
pinggang	877	pinggang,pinggangku,pinggangmu,pinggangnya
kontes	876	kontes,kontesnya
rak	876	rak,rakan
uap	876	uap,menguap,uapnya,menguapkan,penguapan,beruap
megan	875	megan
rekor	875	rekor,rekornya,rekormu
gong	873	gong
kemeja	873	kemeja,kemejanya,kemejamu,kemejaku
kilometer	870	kilometer
forensik	870	forensik
balon	869	balon,balonnya,balonku
kombinasi	869	kombinasi,kombinasinya,dikombinasikan,mengkombinasikan
subjek	868	subjek,subjeknya
tikam	867	menikam,ditikam,menikamnya,tikam,menikamku,tikaman
semprot	867	semprotan,semprot,menyemprot,menyemprotkan,penyemprot,semprotkan
kala	866	kala,kalanya,berkala,dikala
tampung	866	penampungan,menampung,menampungnya,ditampung,penampung
datar	865	datar,dataran,mendatar
era	864	era
skala	864	skala,berskala,skalanya
jamur	863	jamur,berjamur,jamurnya
kamis	861	kamis
anu	860	anu,anuku,anunya,keanu,anumu
leceh	859	pelecehan,melecehkan,dilecehkan,melecehkanku,melecehkanmu
gejala	858	gejala,gejalanya
jernih	856	jernih,menjernihkan,jernihkan,kejernihan,sejernih
romawi	855	romawi
bincang	855	berbincang,perbincangan,bincang,memperbincangkan,diperbincangkan,perbincangkan
sing	852	sing
teror	852	teror,meneror,diteror,menteror
menantu	852	menantu,menantuku,menantumu,menantunya
mas	851	mas,masi,berkemaslah,dimas,maslah,minas
juluk	851	julukan,dijuluki,julukannya,menjuluki,julukanku,menjulukinya
sandi	849	sandi,sandinya,sandimu,sandiku
koboi	848	koboi
dengus	848	mendengus,dengusan
psikiater	848	psikiater,psikiatermu,psikiaterku,psikiaternya
fantasi	848	fantasi,berfantasi,fantasimu,fantasinya,fantasiku
mertua	848	mertua,mertuaku,mertuamu,mertuanya
kaku	845	kaku,kekakuan
kudus	845	kudus,dikuduskanlah,kuduskanlah,dikuduskan,kekudusan
kebal	844	kebal,kekebalan
karpet	841	karpet,karpetnya,karpetku,karpetmu
rampas	841	merampas,rampasan,dirampas,rampas,merampasnya
stan	839	stan
tipis	839	tipis
padat	839	padat,kepadatan
kelamin	837	kelamin,kelaminnya,kelaminmu,kelaminku
ngapain	834	ngapain
merdeka	834	kemerdekaan,merdeka
usai	832	usai,seusai
serakah	832	serakah,keserakahan,keserakahanmu
kutip	831	kutipan,mengutip,kutip,dikutip,mengutipnya
bawang	830	bawang,bawangnya
visi	830	visi,visinya,visimu,visiku
swasta	829	swasta
dini	829	dini
padam	829	padam,padamkan,dipadamkan
tragis	828	tragis,tragisnya
waras	828	waras,kewarasan,kewarasanmu
alergi	826	alergi
peringkat	826	peringkat,peringkatnya
spesifik	826	spesifik,spesifiknya
nal	826	berkenalan,kunal
gulat	825	gulat,pegulat,bergulat,pergulatan
portal	823	portal,portalnya
muas	821	memuaskan,memuaskanmu,memuaskannya,memuaskanku
kubah	819	kubah,kubahnya
profil	819	profil,profilnya,profilmu,profilku
jajah	819	menjelajahi,penjajah,menjajah,jajahan,penjajahan,dijelajahi
budi	818	budi,berbudi,budimu
embara	818	pengembara,mengembara,pengembaraan
tip	817	tip,menipis,tipnya
klik	816	klik,mengklik
huni	816	penghuni,dihuni,huni,menghuni,hunian
dinosaurus	812	dinosaurus,dinosaurusnya
pojok	812	pojok,terpojok,pojokan,memojokkan,memojokkanku,dipojok
rangkak	811	merangkak,merangkaklah
hirup	810	menghirup,hirup,menghirupnya,hirupan,hiruplah,dihirup
eja	809	mengeja,mengejanya,eja,ejaan,dieja,ejaannya
bedebah	808	bedebah
bab	808	bab
kung	807	kung
bonus	807	bonus,bonusnya,bonusmu
konsep	807	konsep,konsepnya
jepit	807	terjepit,penjepit,jepit,jepitan,menjepit,dijepit
tuli	806	tuli
tebing	806	tebing,tebingnya
laju	805	melaju,laju,kelajuan,lajunya
rilis	802	dirilis,merilis,rilis
karunia	801	karunia,karuniamu,dikaruniai,karuniaku,karunianya
naskah	801	naskah,naskahnya,naskahmu,naskahku
rap	800	berapi,rap
september	799	september
maha	799	maha
transportasi	799	transportasi,transportasinya
beras	799	beras,berasnya
orbit	799	orbit,mengorbit,orbitnya,pengorbit
kera	798	kera
biro	798	biro
meleset	797	meleset
brutal	797	brutal,kebrutalan
biji	797	biji,bijinya,bijiku,bijimu,sebiji
leluhur	797	leluhur,leluhurku,leluhurmu,leluhurnya
unggul	797	unggul,keunggulan,unggulan,mengungguli,diunggulkan,keunggulannya
granat	796	granat,granatnya
sendok	796	sendok,sesendok,sendoknya
bin	795	bin
praktek	795	praktek,mempraktekkan,prakteknya,mempraktekkannya,dipraktekkan,praktekku
ganteng	794	ganteng
akademi	794	akademi
canggung	794	canggung,kecanggungan
geli	794	menggelikan,geli
hit	793	hit
cicip	793	mencicipi,cicipi,mencicipinya,kucicipi,cicipilah,cicip
blokir	792	memblokir,diblokir,blokir,terblokir,pemblokiran,memblokirnya
depresi	791	depresi
perkara	791	perkara,perkaranya
privasi	791	privasi,privasiku,privasinya,privasimu
meteor	790	meteor,meteornya
renggut	790	merenggut,direnggut,merenggutnya,renggut,terenggut
gugat	790	gugatan,menggugat,penggugat,digugat,gugat,gugatannya
disiplin	789	disiplin,kedisiplinan,mendisiplinkan
intel	788	intel
elemen	788	elemen
atom	787	atom
teluk	787	teluk
canggih	787	canggih,tercanggih,kecanggihan
informan	787	informan,informanmu,informanku,informannya
desah	786	mendesah,desahan
bubuk	784	bubuk,bubuknya
sia	784	persia,sia,menyiakan,siakan,menyia,siai
padu	783	paduan,perpaduan,terpadu,berpadu,padu
topik	782	topik,topiknya
buntu	782	buntu,kebuntuan
kerabat	782	kerabat,kerabatnya,kerabatku,kerabatmu,kekerabatan
paku	782	paku,memaku,dipaku,pakunya,memakunya
oktober	781	oktober
alkitab	781	alkitab
induk	781	induk,induknya
buas	780	buas,kebuasan
tanduk	780	tanduk,bertanduk,tanduknya,tandukku
kasino	779	kasino,kasinonya
tengok	779	tengok,menengok,tengoklah,menengoknya
monitor	778	monitor,memonitor,monitornya,dimonitor
insinyur	777	insinyur
soda	777	soda,bersoda,sodanya
belati	777	belati,belatinya,belatimu
dek	776	dek
psikopat	776	psikopat
aktivitas	776	aktivitas,beraktivitas
lunas	775	melunasi,lunas,melunasinya,lunasi,dilunasi,kulunasi
kawat	774	kawat,kawatnya
laser	773	laser,lasernya
lembaga	772	lembaga
armada	771	armada,armadanya
ambisi	771	ambisi,berambisi,ambisimu,ambisinya,ambisiku
arena	770	arena
longgar	770	longgar,kelonggaran,melonggarkan,longgarkan,melonggarkannya
sampanye	769	sampanye,sampanyenya
transmisi	769	transmisi,transmisinya,ditransmisikan,mentransmisikan
magnet	768	magnet,magnetnya
moyang	767	moyang,moyangku,moyangmu,moyangnya
seok	766	seok
dimensi	766	dimensi
gurau	766	bergurau,gurauan,gurau
rata	766	rata,meratakan,merata,diratakan,ratakan
ungsi	765	pengungsi,mengungsi,pengungsian,diungsikan,mengungsikan
mitos	764	mitos
betina	764	betina,betinanya
pondok	764	pondok,pondoknya,pondokmu,pondokan
sergap	763	penyergapan,menyergap,disergap,sergap,menyergapnya,sergapan
teater	762	teater
bad	762	bad
agustus	761	agustus
palu	761	palu,palunya
cabul	761	cabul,pencabulan,mencabuli,dicabuli,percabulan
arsip	760	arsip,arsipnya,arsipmu
sengsara	759	sengsara,kesengsaraan,menyengsarakan
angel	758	angel
basket	758	basket,basketnya
radar	757	radar,radarnya,radarku
bulat	757	bulat,bulatan,membulatkan,bulatkan,kebulatan
pon	756	pon
kutub	756	kutub
batuk	754	batuk,terbatuk
botak	753	botak
kerumun	753	kerumunan,berkerumun,dikerumuni,mengerumuni
jitu	752	jitu
brankas	752	brankas,brankasnya,brankasku
biksu	751	biksu
mahir	749	mahir,kemahiran
sensor	749	sensor,sensornya,disensor,sensorku
kunyah	748	mengunyah,kunyah,dikunyah,mengunyahnya
pipi	748	pipi,pipimu,pipinya,pipiku
materi	745	materi,materinya
retak	744	retak,meretakkan
aula	743	aula
janda	743	janda,jandanya,menjanda
kekeh	742	terkekeh
teknisi	742	teknisi
surya	741	surya
skenario	741	skenario,skenarionya
magang	741	magang,pemagang,magangku
dedikasi	740	mendedikasikan,dedikasi,berdedikasi,didedikasikan,dedikasikan,kudedikasikan
isyarat	738	isyarat,mengisyaratkan,isyaratku,isyaratnya,isyaratmu
jurang	737	jurang
ring	734	ring,bering
desember	733	desember
lonceng	733	lonceng,loncengnya
korek	732	korek,mengorek,koreknya
buaya	731	buaya,buayanya
cambuk	729	cambuk,dicambuk,mencambuk,cambukan,mencambuknya,cambuknya
insting	728	insting,instingmu,instingku,instingnya
kelelawar	727	kelelawar
arwah	727	arwah,arwahnya
lunak	727	lunak,melunak,melunakkan,lunaknya
hipnotis	727	hipnotis,menghipnotis,dihipnotis,menghipnotisku,terhipnotis,menghipnotismu
dramatis	726	dramatis
katak	726	katak
massa	726	massa,massanya
bioskop	725	bioskop
his	724	his
catur	724	catur,caturnya
sunti	724	suntikan,suntikannya,penyuntikan,menyuntikan
elektronik	722	elektronik
distrik	722	distrik
campak	722	dicampakkan,mencampakkan,mencampakkanku,mencampakkannya,mencampakkanmu,campak
kapak	721	kapak,kapaknya,kapakku,berkapak,kapakmu
semester	720	semester
virginia	719	virginia
gus	719	gus
kritis	719	kritis
sultan	719	sultan,kesultanan
lahan	719	lahan,lahannya,lahanku,lahanmu
akun	719	akun,akunnya,akunmu,akunku
hobi	719	hobi,hobiku,hobimu,hobinya
panen	719	panen,memanen,dipanen,panennya,memanennya
halusinasi	719	halusinasi,berhalusinasi
permanen	718	permanen
sekal	717	sesekali
dil	716	dil,dili
aplikasi	716	aplikasi,aplikasinya,aplikasiku,aplikasimu
hembus	716	hembusan,berhembus,hembuskan,menghembuskan,menghembus
lekas	715	lekas,lekaslah
label	714	label,labelnya,berlabel
dosis	713	dosis,dosisnya
agresif	712	agresif
sanjung	711	tersanjung,menyanjung,sanjungan,menyanjungku
sedot	711	menyedot,sedotan,tersedot,sedot,penyedot,disedot
gunting	710	gunting,menggunting,guntingnya
banci	709	banci
mentega	709	mentega,menteganya
mal	709	mal,minal,mali
rangka	708	rangka,rangkanya,serangkai
bising	708	kebisingan,bising
tangis	708	tangisan,menangisi,tangis,tangisi,menangisinya,tangisannya
komite	707	komite
konstruksi	707	konstruksi,konstruksinya
purnama	706	purnama
buntut	706	membuntuti,membuntutiku,membuntutinya,dibuntuti,membuntutimu,buntuti
milu	705	pemilu,memilukan
gendong	704	gendong,menggendong,menggendongnya,menggendongmu,menggendongku,kugendong
naluri	703	naluri,nalurimu,naluriku,nalurinya
muslim	702	muslim
maut	701	maut
kandidat	700	kandidat,kandidatnya
taktik	699	taktik,taktiknya,taktikmu
kompleks	698	kompleks
apabila	697	apabila
gol	697	gol,goli
nan	697	nan,nani,ternan
rabu	696	rabu
protes	696	protes,memprotes
gertak	696	menggertak,gertakan,penggertak,menggertakku,gertak,menggertakmu
point	695	point
konflik	695	konflik
bangku	695	bangku,bangkunya,bangkumu
studi	695	studi,studinya,studimu,studiku
punah	695	punah,kepunahan
flu	694	flu
nabi	693	nabi
capek	693	capek,capeknya
mantap	693	mantap,memantapkan
konspirasi	693	konspirasi,berkonspirasi
tar	693	tar,menarilah,taran,menariku,penarinya,menarinya
semut	692	semut,kesemutan
sari	692	sari,menyinari,sarinya,disinari
ain	691	ain
kaus	691	kaus,kausmu
sikat	691	sikat,menyikat
ceria	690	ceria,cerialah,keceriaan
ludah	690	meludah,meludahi,ludah,meludahkan,ludahi,meludahiku
rangsang	690	terangsang,merangsang,rangsangan,perangsang
humor	689	humor,humormu,humornya
asyik	689	asyik,mengasyikkan,mengasyikan,asyiknya
matang	688	matang
om	688	om,oman
oceh	688	mengoceh,ocehan,ocehanmu,ocehkan
rebus	688	rebus,rebusan,direbus,merebus,merebusnya
pedas	687	pedas,pedasnya
pencar	687	berpencar,terpencar
keranjang	687	keranjang,keranjangnya,sekeranjang
kumis	687	kumis,kumismu,berkumis,kumisku,kumisnya
kilas	686	sekilas,kilasan,kilas
kilau	685	berkilau,berkilauan,kilauan,kilau
todong	684	menodongkan,todongkan,todongan,menodong,ditodong,ditodongkan
kulkas	683	kulkas,kulkasnya,kulkasku,kulkasmu
leleh	683	meleleh,melelehkan,lelehan
diet	682	diet,dietnya,dietku,berdiet
guling	682	berguling,menggulingkan,gulingkan,digulingkan,terguling,guling
regu	681	regu,regumu,reguku
amatir	681	amatir,amatiran
majikan	680	majikan,majikannya,majikanmu,majikanku
pan	679	pan
tampang	679	tampang,tampangnya,tampangmu,tampangku,bertampang
barangkali	678	barangkali
jeruk	678	jeruk,jeruknya
kuntit	678	penguntit,menguntit,menguntitku,menguntitmu,menguntitnya
pacu	678	pacu,pacuan,memacu,berpacu,terpacu
laci	676	laci,lacinya,lacimu,dilaci
payung	676	payung,payungnya,payungmu,payungku
islam	675	islam
aksen	675	aksen,aksenmu,aksennya,aksenku
nurani	674	nurani,nuranimu,nuraniku,nuraninya
jinak	674	menjinakkan,jinak,penjinak,dijinakkan,menjinakkannya,jinakkan
kedai	673	kedai
yard	672	yard
maret	672	maret
memar	671	memar,memarnya
fisika	669	fisika
vaksin	669	vaksin,vaksinnya
wan	669	wan,diwan
roman	668	roman
drum	668	drum,drumnya
santun	668	santun,santunmu,santunku,santunan
emang	668	emang,emangnya
ketimbang	667	ketimbang
lirik	667	lirik,melirik,liriknya,meliriknya,lirikan
deputi	666	deputi,deputimu
benang	666	benang,benangnya
objek	665	objek,objeknya
akurat	665	akurat,keakuratan
generator	665	generator,generatornya
busur	665	busur,busurnya,busurmu,busurku
tekad	665	bertekad,tekad,tekadku,tekadmu,tekadnya
produser	664	produser,produsernya
sosok	664	sosok,sesosok,sosoknya
penguin	663	penguin,penguinnya
jurnal	663	jurnal,jurnalnya,jurnalku
dor	662	doris,dor,dori
november	661	november
bandar	661	bandar,bandarnya
ginjal	661	ginjal,ginjalnya,ginjalku,ginjalmu
alternatif	658	alternatif,alternatifnya
khas	658	khas,khasnya,khasku
motivasi	658	motivasi,termotivasi,memotivasi,motivasinya,memotivasimu,motivasimu
cap	657	cap,dicap,mencap
dayung	657	dayung,mendayung,dayungnya,pendayung
leta	657	letakan,meletakan,meletakannya,diletakan,peletakan
kaset	655	kaset,kasetnya
rok	655	rok,rokmu,roknya
tirai	655	tirai,tirainya
had	654	had
macan	654	macan
antri	654	antrian,mengantri,antri,antriannya
preman	653	preman
bengkak	653	bengkak,membengkak,pembengkakan,bengkaknya
rapuh	652	rapuh,kerapuhan,rapuhnya
rusuh	652	kerusuhan,rusuh,perusuh
kilat	652	kilat,kilatan,mengkilat
liput	652	meliputi,meliput,liputan,diliputi,meliputnya,diliput
laksamana	651	laksamana
turnamen	651	turnamen
nadi	651	nadi,nadinya,nadimu,nadiku
tayang	651	tayangan,ditayangkan,tayang,menayangkan,tayangkan,penayangan
irama	650	irama,berirama,iramanya,seirama,iramamu
prestasi	649	prestasi,berprestasi,prestasimu,prestasinya,prestasiku
politis	648	politisi,politis
bisbol	647	bisbol
dandan	647	berdandan,dandan,mendandani,dandanan,didandani,mendandanimu
opsir	644	opsir
cerdik	644	cerdik,kecerdikan
pisang	643	pisang,pisangnya
operator	642	operator
has	641	has,berhasi
periode	640	periode
ilusi	639	ilusi
komik	639	komik,komiknya
editor	639	editor,editorku,editornya
percuma	638	percuma
merek	638	merek,bermerek,mereknya
lelang	638	lelang,pelelangan,dilelang,melelang,lelangnya
esa	637	teresa,esa
dekade	636	dekade
pucat	636	pucat,memucat
mangkuk	636	mangkuk,mangkuknya
gerombol	636	gerombolan,segerombolan,gerombolannya,bergerombol
ering	636	mengering,mengeringkan,pengering,mengeringkannya,pengeringan
mode	635	mode
biara	635	biara,biarakan
tumpuk	635	menumpuk,setumpuk,ditumpuk,tumpuk,tumpukkan,bertumpuk
kelak	634	kelak
were	633	were
gangster	633	gangster
serum	632	serum,serumnya
perban	632	perban,perbankan,perbannya,diperban,perbanmu
parfum	631	parfum,parfumnya,parfummu
pangkat	631	pangkat,pangkatmu,berpangkat,pangkatnya,pangkatku
benih	630	benih,benihnya
roboh	630	roboh,merobohkan,robohkan,merobohkannya,dirobohkan
wiski	628	wiski
formula	628	formula,formulanya,formulaku
konsumsi	628	mengkonsumsi,konsumsi,dikonsumsi,mengonsumsi
pin	627	pin,pinnya
rakit	627	rakit,merakit,perakitan,dirakit,rakitan,merakitnya
solo	626	solo
baginda	626	baginda
rompi	626	rompi,rompinya,rompimu,rompiku
tingkah	626	tingkah,tingkahmu,tingkahnya,bertingkahlah,tingkahku
mesum	625	mesum
aktris	625	aktris
usus	625	usus,ususnya,ususmu,ususku
suri	624	suri
toh	623	toh
wahai	622	wahai
rupee	621	rupee
pudar	621	memudar,pudar
kantung	621	kantung,sekantung,kantungmu,kantungnya
cumbu	621	bercumbu,mencumbu,cumbu,mencumbumu,cumbui,mencumbunya
sumur	620	sumur,sumurnya
cam	619	cam,camkan,cami
reda	619	mereda,meredakan,reda,pereda,redakan
sarjana	618	sarjana
imam	618	imam
rawa	618	rawa
hore	618	hore
lap	618	lap,berlapis,lapan,pelapis
mar	617	kumar,mar,kumari,pengemar,maris
biologi	616	biologi
sali	616	menyesali,disesali
anggar	613	anggaran,anggar,anggarannya
doktor	612	doktor
sabun	612	sabun,sabunnya
rentan	611	rentan,kerentanan
ember	611	ember,seember,embernya
presentasi	611	presentasi,mempresentasikan,presentasinya,presentasimu,presentasiku
vodka	610	vodka
pintas	610	pintas,sepintas,pintasnya
taat	610	taat,menaati,ketaatan,mentaati,taati
kondom	609	kondom,kondomnya
kopral	608	kopral
sosis	608	sosis,sosisnya,sosisku
bum	607	bum,belumlah
bara	607	bara,membara
otoritas	606	otoritas,otoritasku
merpati	604	merpati,merpatinya
tokoh	603	tokoh
haram	603	haram,haramnya
jenggot	603	jenggot,berjenggot,jenggotmu,jenggotnya,jenggotku
sponsor	603	sponsor,mensponsori,disponsori,sponsormu,sponsorku,sponsornya
partikel	602	partikel,partikelnya
karantina	602	karantina,dikarantina,mengkarantina
panel	601	panel,panelnya
keji	601	keji,kekejian
hela	601	menghela,sehelai,hela
antik	600	antik
bandit	599	bandit
populasi	599	populasi,populasinya
pahit	599	pahit,kepahitan,pahitnya
rel	598	rel,relnya
wong	597	wong
komunis	597	komunis
baku	596	baku
agens	596	agensi,agensimu
serap	596	menyerap,diserap,penyerapan,serap,menyerapnya,terserap
belanda	595	belanda
tomat	595	tomat,tomatnya
buluh	595	pembuluh,buluh
praktis	594	praktis,praktisnya
naif	593	naif
susur	593	menyusuri,susuri
selisih	593	perselisihan,berselisih,selisih,selisihnya
tradisional	592	tradisional
titip	592	titip,penitipan,menitipkan,titipkan,menitip,dititipkan
donat	591	donat,donati,donatnya
januari	590	januari
las	590	las,dilas
zat	589	zat
karat	589	berkarat,karat,karatan
gagak	587	gagak
pastor	585	pastor
kelulus	585	kelulusan,kelulusanmu,kelulusanku,kelulusannya
piatu	584	piatu
eksekutif	583	eksekutif
lobi	583	lobi,pelobi,melobi
komisi	582	komisi,komisiku,komisinya
formulir	582	formulir,formulirnya
perimeter	581	perimeter,perimeternya
tinjau	581	meninjau,peninjauan,tinjauan,ditinjau,tinjau,peninjau
jarah	581	menjarah,penjarah,penjarahan,jarahan,dijarah,jarah
padan	578	sepadan
les	578	les,lines
beasiswa	576	beasiswa
bala	576	bala
riwayat	576	riwayat,riwayatmu,riwayatnya,riwayatku
konsultasi	576	konsultasi,berkonsultasi,konsultasikan
kritik	576	mengkritik,kritik,kritikan,dikritik,mengkritikku,pengkritik
angsa	575	angsa
analisis	575	analisis,analisisnya
cal	575	cal,cali,celal
tawa	575	tawa,tawamu,menertawai,tawanya,tertawai
manah	575	pemanah,memanah,memanahku
sisir	575	menyisir,sisir,penyisiran,disisir,menyisiri
katolik	573	katolik
paranoid	573	paranoid
upah	573	upah,upahmu,upahnya,upahan,upahku,mengupah
duyung	572	duyung
lena	572	lena,selena,terlena
hang	571	hang,helang
kargo	571	kargo,kargonya
kentut	571	kentut,kentutmu,kentutnya
anugerah	571	anugerah,dianugerahi,dianugerahkan,menganugerahkan
definisi	571	definisi,mendefinisikan,didefinisikan,definisinya,definisikan,definisimu
bobol	570	membobol,pembobolan,dibobol,bobol,kebobolan,membobolnya
koreksi	570	dikoreksi,koreksi,mengoreksi
cuman	569	cuman
internal	568	internal
pendekar	568	pendekar
telusur	568	menelusuri,telusuri,ditelusuri,menelusurinya,penelusuran
loncat	567	loncat,meloncat,loncatan,meloncati
siram	567	menyiram,siram,disiram,penyiram,menyirami,menyiramnya
zero	566	zero
pasta	566	pasta,pastanya
mekar	566	mekar,bermekaran,memekar
mah	566	mah,mahi
formasi	565	formasi
individu	565	individu
ombak	565	ombak,ombaknya,berombak,perombakan
delta	564	delta
ling	564	ling
rutin	563	rutin
kawasan	562	kawasan
biskuit	561	biskuit,biskuitnya
mogok	561	mogok,pemogokan
kartel	560	kartel
plus	560	plus
maksimal	560	maksimal,memaksimalkan,semaksimal
dalang	560	dalang,dalangnya,mendalangi
lantas	559	lantas
asih	559	mengasihi,pengasih,mengasihimu,asih
sunyi	559	sunyi,kesunyian
keping	559	keping,kepingan,sekeping,berkeping
basmi	559	membasmi,pembasmi,dibasmi,basmi,pembasmian
aria	558	aria
reuni	558	reuni,reunian
alibi	558	alibi,alibinya,alibimu
analis	558	analis,menganalisis,dianalisis
paduka	557	paduka
pita	557	pita,pitanya
ong	557	seong,ong
partisipasi	557	berpartisipasi,partisipasi
karbon	554	karbon
erik	554	erik,mengerik
riset	554	riset,risetku,risetmu,risetnya
nelayan	553	nelayan
yen	552	yen
pot	551	pot,pinot,pepinot
silang	551	silang,silangkan,menyilangkan,menyilang,persilangan,bersilang
adaptasi	550	beradaptasi,adaptasi,diadaptasi
simpati	549	simpati,simpatiku,simpatimu
tema	548	tema,temanya,bertema
valentine	547	valentine
drop	547	drop
spesialis	547	spesialis
visual	547	visual,visualnya
ventilasi	547	ventilasi,ventilasinya
banting	547	membanting,banting,bantingan,membantingnya,dibanting,terbanting
tancap	547	menancapkan,tancap,menancap,tancapkan,tertancap,ditancapkan
koridor	546	koridor
opera	546	opera
rawan	546	relawan,rawan
tupai	545	tupai
manajemen	545	manajemen
kepiting	545	kepiting,kepitingnya
bata	544	bata,bataan
atlet	544	atlet,atletis
skandal	543	skandal
olimpiade	542	olimpiade
lemon	542	lemon
udang	542	udang,udangnya
gagah	542	gagah,kegagahan
loteng	542	loteng,lotengnya
senter	542	senter,senternya,sentermu,senterku
poster	541	poster,posternya
korupsi	540	korupsi
sukacita	540	sukacita,bersukacita,bersukacitalah
argumen	539	argumen,berargumen,argumenmu
amplop	538	amplop,amplopnya
ganas	537	ganas,keganasan
colok	537	mencolok,colokan,colokkan,colok
bas	537	berbasis,bas,belasan
rajin	537	rajin,kerajinan,pengrajin
abar	537	mengabari,mengabarkan,mengabarimu,mengabariku,mengabarinya,mengabarkannya
kampret	536	kampret
kreatif	536	kreatif
sandar	536	bersandar,bersandarlah,sandaran,sandarkan,menyandarkan
fiksi	535	fiksi
yuk	535	yuk,yuki
koloni	534	koloni
masturbasi	533	masturbasi,bermasturbasi
pro	532	pro
polis	532	polis
cita	532	cita
jamu	532	perjamuan,jamuan,menjamu,jamu
sal	531	sal
segitiga	531	segitiga
tindas	530	penindasan,menindas,tertindas,penindas,ditindas
psikologi	529	psikologi
cabe	529	cabe
pencil	529	terpencil
fatal	529	fatal
sipir	529	sipir,sipirnya
mutiara	529	mutiara,mutiaranya
martabat	529	martabat,bermartabat,martabatmu,martabatku,martabatnya
pipis	528	pipis
runding	528	berunding,perundingan,merundingkan,rundingkan,runding,merundingkannya
labu	527	labu,dikelabui
bareng	527	bareng,berbarengan,barengan
raga	526	raga,ragaku,ragamu
benua	524	benua
digital	524	digital
legal	524	legal,melegalkan
ranjau	524	ranjau,ranjaunya
lisensi	524	lisensi,berlisensi,lisensinya,lisensimu
perkasa	523	perkasa
violet	523	violet
mual	523	mual
metropolis	523	metropolis
samurai	523	samurai
turis	523	turis
geram	522	menggeram,geram
sukarela	521	sukarela
heroin	520	heroin
teri	520	teri
setinggi	520	setinggi
tempuh	520	menempuh,tempuh,ditempuh
sorot	520	sorot,sorotan,disorot,menyorot,menyoroti
predator	519	predator
gatal	519	gatal
lambai	519	melambaikan,melambai,lambaikan,lambaian
kadal	518	kadal
pramuka	517	pramuka
riah	517	meriah,kemeriahan,memeriahkan
wasiat	517	wasiat,wasiatnya,wasiatku
pura	517	pura,berpura
berandal	517	berandalan,berandal
sesak	516	sesak,menyesakkan
ironis	516	ironis,ironisnya
ambul	513	ambulan,ambulannya
uskup	513	uskup,keuskupan
elak	513	mengelak,terelakkan,dielakkan
jenguk	512	menjenguk,menjenguknya,menjengukmu,menjengukku,jenguk
senat	511	senat
invasi	511	invasi,menginvasi
deskripsi	511	deskripsi,mendeskripsikan,deskripsinya,deskripsikan,mendeskripsikannya
debar	511	berdebar,mendebarkan,debaran
evaluasi	511	evaluasi,mengevaluasi,dievaluasi
haru	511	haru,terharu,mengharukan,seharunya
organik	510	organik
paha	510	paha,pahanya,pahaku,pahamu
reaktor	509	reaktor,reaktornya
engah	509	terengah,engah
masker	509	masker,maskermu,maskernya
sensasi	508	sensasi,sensasinya
polos	508	polos,kepolosan
kuta	507	kutanya
punk	507	punk
tinta	507	tinta,tintanya
amuk	506	mengamuk,amukan
relevan	505	relevan
aniaya	505	penganiayaan,menganiaya,dianiaya,aniaya,teraniaya,penganiaya
terminal	504	terminal
harfiah	504	harfiah
lembur	504	lembur
gonggong	504	menggonggong,gonggongan
dobrak	504	mendobrak,dobrak,mendobraknya,pendobrak,pendobrakan
sertifikat	503	sertifikat,bersertifikat,sertifikatnya
ungu	502	ungu
sedak	502	tersedak
mini	502	mini
ham	502	ham
jodoh	502	jodoh,perjodohan,dijodohkan,berjodoh,menjodohkan,jodohmu
ski	501	ski
gandum	501	gandum,gandumnya
rengek	501	merengek,rengekan,rengekanmu
kompromi	501	kompromi,berkompromi,dikompromikan
kekal	500	kekal,kekekalan
mekanik	499	mekanik
pinggul	499	pinggul,pinggulmu,pinggulnya,pinggulku
pensil	498	pensil,pensilnya
yayasan	497	yayasan
bilik	497	bilik
dahlia	496	dahlia
yoga	496	yoga,peyoga
babe	495	babe
royal	495	royal
pepatah	495	pepatah
sekongkol	495	bersekongkol,persekongkolan,sekongkol
etik	495	mengetik,etik,mengetikkan,mengetiknya
narapidana	493	narapidana
persegi	493	persegi
damar	493	damar
sil	493	sil
parasit	493	parasit,parasitnya
lajang	493	lajang,melajang
misil	492	misil,misilnya
tok	492	tok,toki
ransel	492	ransel,ranselmu,ranselku,ranselnya
poker	491	poker
diskon	490	diskon
kalkun	490	kalkun,kalkunnya
bon	490	bon,bonnya
megah	490	megah,kemegahan,termegah
sambar	490	menyambar,disambar,tersambar,sambaran
pai	489	pai,painya
tenar	489	ketenaran,tenar,ketenarannya,ketenaranmu
gelincir	488	tergelincir
tumor	488	tumor,tumornya
hening	488	keheningan,hening,mengheningkan
elo	487	elo
gelembung	487	gelembung,bergelembung,gelembungnya
dialog	487	dialog,dialognya,berdialog,dialogmu,dialogku
lem	486	lem
pelangi	486	pelangi
apung	486	mengapung,terapung,apung
wangi	485	wangi,wanginya,wangimu
sandiwara	485	sandiwara,bersandiwara,sandiwaranya
labirin	484	labirin,labirinnya
hampa	484	hampa,kehampaan
jalin	483	menjalin,terjalin,jalinan,jalin
puting	483	puting,putingmu,putingku,putingnya
tera	482	tera,tertera
kafe	481	kafe
nonaktif	481	menonaktifkan,dinonaktifkan,menonaktifkannya,nonaktifkan,nonaktif
winter	480	winter
tetua	479	tetua
torpedo	478	torpedo,torpedonya
kilo	478	kilo,sekilo
gerobak	478	gerobak,gerobaknya
ari	478	ari,diari
ambi	478	ambilah,ambii,mengambii
miring	478	miring,kemiringan,miringkan,memiringkan
lagak	477	berlagak
radius	477	radius
binasa	477	binasa,membinasakan,kebinasaan,binasakan
mutasi	477	mutasi,bermutasi
baptis	477	baptis,dibaptis,pembaptisan,membaptis,pembaptis,baptisku
publikasi	477	publikasi,mempublikasikan,dipublikasikan,mempublikasikannya,publikasikan
pal	476	pal
spiritual	476	spiritual,spiritualnya
selai	475	selai
jerami	475	jerami
popok	475	popok,popoknya,popokmu
rahang	475	rahang,rahangnya,rahangmu,rahangku
sis	475	sis,disisiku,disisimu,disisinya,kesisi
lesbian	473	lesbian
alias	473	alias
sekop	473	sekop,menyekop,sekopnya
acuh	473	acuh,mengacuhkan,acuhkan,mengacuhkanku,mengacuhkannya,diacuhkan
rongsok	471	rongsokan
jati	471	jati
piramida	471	piramida
konsultan	471	konsultan
salon	471	salon,salonnya,salonku
pamit	471	pamit,berpamitan,pamitan
renung	471	merenungkan,merenung,renungkan,renungan,merenungi,perenungan
bit	470	bit
idap	470	mengidap,pengidap
rusuk	470	rusuk,rusuknya,rusukku,rusukmu
beta	469	beta
musisi	469	musisi
realitas	468	realitas
cemerlang	468	cemerlang,kecemerlangan
logika	468	logika,logikanya,logikamu
mungut	468	pemungutan,memungut,memungutnya,pemungut
limbah	467	limbah
bam	466	bam
subyek	466	subyek,subyeknya
demokrasi	465	demokrasi
sutra	465	sutra
sandung	465	tersandung
kabir	464	kabir
logis	464	logis
cakup	464	mencakup,cakupan,tercakup
singgah	463	singgah,persinggahan
dinasti	462	dinasti
parasut	462	parasut,parasutnya,parasutmu,parasutku
donor	462	donor,pendonor,mendonorkan,donornya
baron	460	baron
dinas	460	dinas
kerang	460	kerang,kerangnya
wadah	460	wadah,wadahnya
bisu	460	bisu,membisu,kebisuan
kursus	459	kursus
spekulasi	459	spekulasi,berspekulasi
siklus	458	siklus,siklusnya
duit	458	duit,duitnya,duitan
bolos	458	bolos,membolos
baur	458	berbaur,membaur
jempol	458	jempol,jempolku,jempolmu,jempolnya
lekat	457	melekat,melekatkan,lekat
selancar	457	berselancar,selancar,peselancar
februari	456	februari
asosiasi	456	asosiasi
tempo	456	tempo,temponya
sejahtera	455	kesejahteraan,sejahtera
ekspos	455	mengekspos,terekspos,diekspos,mengeksposnya,mengeksposmu
mikat	454	memikat,pemikat,memikatnya,memikatmu,memikatku
sat	454	sat,satan,sati
pantul	454	memantul,pantulan,memantulkan,terpantul,dipantulkan
sketsa	453	sketsa,sketsanya
bendung	451	bendungan,terbendung,membendung,bendungannya
rahim	451	rahim,rahimnya,rahimmu,rahimku
tri	451	mentri,kementrian,tri,petri
kenyang	450	kenyang,mengenyangkan,kekenyangan
kontribusi	450	kontribusi,berkontribusi,kontribusimu
fenomena	448	fenomena
referensi	448	referensi,referensinya
jenazah	448	jenazah,jenazahnya
kit	447	kit
parade	447	parade,berparade
sepele	447	sepele,menyepelekan,disepelekan
aliansi	446	aliansi
newton	446	newton
ideal	446	ideal,idealnya
karung	446	karung,sekarung
nang	446	nangis,nang,penangan,disenangi,bersenanglah,menyenangi
balai	445	balai
mutan	445	mutan
panglima	445	panglima
korup	445	korup
fotografer	445	fotografer,fotografernya
bubur	445	bubur,buburnya
gema	445	gema,bergema,menggema
petik	444	memetik,petik,dipetik,pemetik,memetiknya
antah	444	berantah,antah
limpah	444	berlimpah,melimpah,kelimpahan,melimpahkan,limpahkan,dilimpahkan
kangen	443	kangen
rintang	443	rintangan,merintangi
kapsul	443	kapsul,kapsulnya
dukun	442	dukun
iklim	441	iklim
pastur	441	pastur
tos	441	tos
piknik	441	piknik,berpiknik
wisata	441	wisata,berwisata
tikung	440	tikungan,menikung
citra	440	citra,pencitraan,citranya,citramu
once	439	once
percik	439	percikan,memercikkan
vital	439	vital,vitalnya,vitalmu
kontraktor	438	kontraktor
selokan	438	selokan
kelapa	438	kelapa,kelapanya
lancang	438	lancang,kelancanganku,kelancangan
galeri	437	galeri
antuk	437	mengantuk,terantuk
simulasi	437	simulasi,mensimulasikan
jurnalis	436	jurnalis
kerdil	436	kerdil
bengkel	436	bengkel,bengkelnya
kurir	436	kurir,kurirnya
modifikasi	436	modifikasi,memodifikasi,dimodifikasi,memodifikasinya
gaib	434	gaib,gaibnya
suram	434	suram,kesuraman
tol	433	tol
trailer	433	trailer,trailernya
kompas	433	kompas,kompasnya
enkripsi	433	enkripsi,dienkripsi,terenkripsi,enkripsinya
tabib	432	tabib
investor	432	investor
atmosfer	432	atmosfer
formal	432	formal
dusta	432	dusta,pendusta,berdusta
licin	431	licin
tornado	431	tornado,tornadonya
seko	431	disekolah,kesekolah
tisu	429	tisu
bao	429	bao
sirkuit	429	sirkuit,sirkuitnya
lambung	429	lambung,melambung,melambungkan
ngeri	429	kengerian,ngeri
protein	428	protein
peluit	428	peluit,peluitnya
penjuru	427	penjuru
isu	427	isu,isunya
mampus	427	mampus,mampuslah
golong	427	golongan,tergolong,menggolongkan,digolongkan
rekayasa	427	rekayasa,merekayasa,direkayasa
kuping	427	menguping,kuping,kupingmu,kupingku,kupingnya
liang	426	liang
tablet	426	tablet,tabletnya
kancing	426	kancing,kancingnya,kancingkan,kancingmu
hun	426	hun,berpenghuni,penghuninya,sehun,hunan
mempelai	425	mempelai
bakteri	425	bakteri
asin	425	asin,asinan
cerna	425	pencernaan,mencerna,dicerna,mencernanya,pencernaanmu,pencernaanku
administrasi	424	administrasi
proposal	424	proposal,proposalmu
lila	423	lila
kappa	423	kappa
kane	423	kane
dekorasi	423	dekorasi,mendekorasi,dekorasinya
selip	423	menyelipkan,terselip,selipkan,diselipkan,selip,menyelip
profesi	422	profesi,profesimu,profesiku,profesinya
pasal	421	pasal
molekul	421	molekul
venus	420	venus
mister	420	mister,minister
minimal	419	minimal,meminimalkan
hantar	419	hantar,menghantar,dihantar,hantarkan,penghantaran,hantaran
mutlak	418	mutlak
vatikan	418	vatikan
komet	417	komet
rahmat	417	rahmat
bujang	417	bujangan,bujang,membujang
massal	416	massal
fase	416	fase
biologis	416	biologis,biologisku
benak	416	benakku,benakmu,benak,benaknya,dibenakku,dibenakmu
salem	415	salem
perompak	415	perompak
kasim	414	kasim
usang	414	usang
urai	414	menguraikan,terurai,uraian,mengurai,diuraikan,menguraikannya
vegetarian	413	vegetarian
akuntan	413	akuntan,akuntanku,akuntannya
edit	413	edit,mengedit,diedit,mengeditnya,editan
sadis	412	sadis
heboh	412	heboh,kehebohan,menghebohkan
tabur	412	taburan,menabur,menaburkan,taburkan,ditaburi,tabur
didih	411	mendidih,mendidihkan
selebriti	410	selebriti
telapak	410	telapak
baba	410	baba
rasional	410	rasional
cela	410	tercela,mencela,cela,kecelakan,celaan,dicela
tenis	409	tenis
visa	409	visa,visanya
cape	409	cape,kecapekan,kecapean
murka	409	murka,kemurkaan
nyamuk	408	nyamuk
trek	408	trek
dungu	408	dungu
kungfu	408	kungfu,kungfumu
mere	408	mere,merekah,merekan
hawa	408	hawa,hawai
sela	408	menyela,sela,menyelaku,menyelamu
eksklusif	407	eksklusif
sair	407	penyair
indra	407	indra,indramu
pidana	407	pidana,terpidana
buruh	406	buruh
teras	406	teras
garpu	406	garpu,garpunya
sperma	406	sperma,spermanya,spermaku,spermamu
dampar	405	terdampar
elu	405	elu
signifikan	405	signifikan
jorok	405	jorok
injil	405	injil,injilnya,penginjil
intim	405	intim,keintiman
karma	404	karma,karmanya
gergaji	404	gergaji,menggergaji,gergajinya
denda	404	denda,didenda,dendanya
stadion	403	stadion
gemuruh	403	gemuruh,bergemuruh
nyaring	403	nyaring,menyaring,penyaring,penyaringan,menyaringnya
maki	403	maki,memaki,makian,memakiku
gencat	402	gencatan
karate	402	karate
regang	402	peregangan,meregangkan,meregang,regangkan,regangan
intimidasi	402	mengintimidasi,terintimidasi,intimidasi,diintimidasi
andar	401	andari
berkah	401	berkah
pose	401	berpose,pose
bungkam	401	bungkam,membungkam,membungkamnya,dibungkam,membungkammu,membungkamku
unta	400	unta,untaku
uni	400	uni,keunikan
antisipasi	400	mengantisipasi,antisipasi,diantisipasi,mengantisipasinya
nik	400	niki,nik
ceramah	400	ceramah,menceramahiku,ceramahmu,ceramahi,berceramah,menceramahi
kejang	399	kejang
salmon	399	salmon
tuna	399	tuna
kurcaci	399	kurcaci
asma	399	asma,asmanya
hoki	398	hoki
kipas	398	kipas,kipasnya,mengipasi
rehabilitasi	398	rehabilitasi,direhabilitasi,merehabilitasi
kir	398	mengiris,kekiri,mengirimu,kir,mengirisnya
makmur	398	makmur,kemakmuran,persemakmuran
kapasitas	397	kapasitas,kapasitasnya
kompi	396	kompi
bantah	396	terbantahkan,membantahnya,membantahku,bantahan,bantah,membantahmu
aduk	395	aduk,mengaduk,diaduk,pengaduk,adukkan,mengaduknya
semak	394	semak
arloji	394	arloji,arlojinya,arlojimu,arlojiku
dangkal	393	dangkal
teler	393	teler
mai	393	mai
goyah	393	goyah,menggoyahkan,tergoyahkan
pusar	393	pusaran,pusar,pusarnya
gemas	392	menggemaskan
maniak	392	maniak
rani	392	rani,beranilah,beranikan
hafal	391	menghafal,hafal,menghafalnya,hafalkan
idola	391	idola,idolaku,mengidolakan,idolanya,idolamu,mengidolakanmu
hut	390	hut,dihutan,kehutan
dominasi	390	mendominasi,dominasi,didominasi
indikasi	390	indikasi,mengindikasikan
kado	389	kado,kadonya
teguh	389	teguh,keteguhan
faktor	388	faktor
efisien	388	efisien
orgasme	388	orgasme
cerewet	388	cerewet
obor	388	obor,obornya
blog	388	blog,blogmu,blognya
sampul	388	sampul,sampulnya
bekal	388	bekal,perbekalan,pembekalan,bekalan,berbekal
terorisme	387	terorisme
dagu	387	dagu,dagumu,dagunya,daguku
horor	386	horor
enggak	386	enggak
impas	386	impas
hero	386	hero
kompensasi	386	kompensasi,mengkompensasi
hirau	386	hiraukan,menghiraukan,menghiraukannya,dihiraukan
letus	386	meletus,letusan,meletuskan
cegat	386	mencegat,dicegat,cegat,mencegatnya,pencegatan
selaras	386	selaras,keselarasan,menyelaraskan,penyelaras,selaraskan,diselaraskan
supernatural	385	supernatural
bilah	385	belilah,sebilah,bilah
teguk	385	seteguk,teguk,tegukan,meneguk
edisi	384	edisi
takhta	384	takhta,takhtanya
interaksi	384	berinteraksi,interaksi
meri	383	meri
distribusi	383	distribusi,mendistribusikan,didistribusikan,mendistribusikannya
lensa	382	lensa,lensanya
toleransi	382	toleransi,ditoleransi,mentoleransi,menoleransi,bertoleransi
tahi	381	tahi
kardinal	381	kardinal
suar	381	suar,suarnya
agenda	381	agenda,agendanya,agendamu
cemar	381	tercemar,pencemaran,mencemarkan
loki	379	loki
tante	379	tante,tanteku
minus	379	minus,terminus
modal	379	modal,pemodal,modalnya
kumbang	378	kumbang
mel	378	mel
lusa	377	lusa
basis	377	basis
arsitek	377	arsitek
kol	377	kol
koroner	377	koroner
restu	377	restu,restumu,merestui,restuku,restunya,restuilah
wortel	376	wortel,wortelnya
kocok	376	kocok,mengocok,dikocok,kocokan,pengocok
kelabu	376	mengelabui,kelabu,mengelabuiku,mengelabuimu
rendam	376	terendam,berendam,direndam,merendam,rendam
start	375	start
balet	375	balet
provinsi	375	provinsi
sebelas	374	sebelas
dal	374	dal,dalan,dali
dahi	374	dahi,dahimu,dahinya,dahiku
parlemen	373	parlemen
unsur	373	unsur
kenan	373	berkenan,perkenankan,diperkenankan,kenan
manusiawi	372	manusiawi
mulus	372	mulus,semulus
kategori	372	kategori,dikategorikan
sukar	371	sukar,kesukaran
dadu	371	dadu,dadunya
munafik	371	munafik,kemunafikan
gorok	371	menggorok,gorok,digorok,kugorok
tobat	371	bertobat,tobat,pertobatan,bertobatlah
kolektor	370	kolektor
optimis	370	optimis
perabot	370	perabotan,perabot,perabotannya
giring	370	menggiring,giring,digiring,menggiringnya
kartun	369	kartun
legendaris	369	legendaris
dengkur	369	mendengkur,dengkur,dengkuran
jerat	369	terjerat,jerat,menjerat,jeratan,dijerat
stroke	368	stroke
parit	368	parit
tunawisma	368	tunawisma
elegan	368	elegan
gerhana	368	gerhana
bankir	368	bankir
lobster	368	lobster
panci	367	panci
kolom	367	kolom
asteroid	366	asteroid
sol	366	sol
skema	366	skema,skemanya
alis	366	alis,alismu,alisnya,alisku
juan	365	juan
bangkai	365	bangkai,bangkainya
hormon	365	hormon,hormonmu
setrum	365	setrum,menyetrum,kesetrum,disetrum,tersetrum,menyetrumku
ala	364	ala
kafir	364	kafir
permaisuri	364	permaisuri,permaisuriku
biola	364	biola,biolanya
komersial	363	komersial
cerutu	363	cerutu,cerutunya
siul	363	bersiul,siulan
teleskop	362	teleskop
altar	362	altar
demonstrasi	362	demonstrasi,mendemonstrasikan
telefon	362	telefon,menelefon
risau	362	risau,risaukan,merisaukan,dirisaukan
rias	362	riasan,rias,merias,riasanmu
sastra	361	sastra
belaka	361	belaka
kaliber	361	kaliber,berkaliber,sekaliber
tonjol	361	menonjol,tonjolan,menonjolkan
sabotase	361	sabotase,menyabotase,mensabotase,disabotase
tenggara	360	tenggara
tarzan	360	tarzan
wing	360	wing
lori	360	lori
garuk	360	menggaruk,garuk,digaruk,menggaruknya,penggaruk
tertib	360	ketertiban,tertib
oper	360	oper,mengoper,operan,operkan
bot	359	bot,botnya
antena	359	antena,antenanya
mineral	358	mineral
paranormal	358	paranormal
klakson	358	klakson,klaksonnya
angkuh	358	angkuh,keangkuhan,keangkuhanmu
almarhum	357	almarhum
pentagon	357	pentagon
instrumen	357	instrumen
admiral	357	admiral
ciri	357	ciri,cirinya
kasir	357	kasir,kasirnya
nafkah	357	nafkah,menafkahi
sumbat	356	tersumbat,menyumbat,penyumbat,sumbat,penyumbatan
lengah	355	lengah
serasa	355	serasa
dam	355	dam
veteran	355	veteran
jelang	355	menjelang
netral	355	netral,menetralkan,dinetralkan
renovasi	355	renovasi,merenovasi,direnovasi,merenovasinya
khotbah	355	khotbah,berkhotbah,pengkhotbah
mentah	354	mentah
kalender	354	kalender,kalenderku
gerbong	353	gerbong,gerbongnya
loyalitas	353	loyalitas,loyalitasmu,loyalitasku
subur	353	subur,kesuburan
bumbu	353	bumbu,bumbunya,dibumbui,membumbui
lucut	353	melucuti,dilucuti,lucuti
kontaminasi	353	terkontaminasi,kontaminasi,mengkontaminasi
psikologis	352	psikologis
mandiri	352	mandiri,kemandirian
busana	352	busana,berbusana,busananya
duel	352	duel,berduel
gembala	352	gembala,penggembala,gembalaku
sembur	351	semburan,menyemburkan,penyembur,menyembur,semburkan
kerbau	350	kerbau
dik	350	dik,didikan
gumam	350	bergumam,menggumam,menggumamkan
keburu	350	keburukan,keburu,keburukannya
bentang	350	terbentang,membentang,membentangkan,bentangan
paskah	349	paskah
aspek	349	aspek
maksimum	349	maksimum
rombong	349	rombongan,rombongannya
capa	349	mencapainya,capa,kucapai
kelana	349	berkelana,pengelana
order	348	order
norma	348	norma,normai
harum	348	harum,keharuman,mengharumkan,pengharum
kesatria	347	kesatria
aurora	347	aurora
kumuh	347	kumuh
metro	347	metro
rileks	347	rileks
hamburger	347	hamburger
rayap	347	merayap,rayap
lai	347	lai,lainya
fitnah	347	fitnah,memfitnah,difitnah,memfitnahku
pesisir	345	pesisir
jatah	345	jatah,jatahku,jatahmu,penjatahan
butir	345	butir,sebutir,butiran
mud	345	pengemudinya,mud,mengemudilah,mengemudinya,mudi,mengemudimu
merinding	344	merinding
landa	344	melanda,dilanda
konsisten	343	konsisten
taring	343	taring,taringnya,bertaring
komplot	343	komplotan,berkomplot,komplotannya
item	342	item
terompet	342	terompet,terompetnya
sorang	342	sesorang,sorang
pirsa	341	pemirsa
supermarket	341	supermarket
lara	341	lara
gagap	341	gagap,tergagap
sundal	340	sundal
duh	340	duh
rangkul	340	merangkul,rangkul,merangkulnya,merangkulmu,rangkullah
radikal	339	radikal
ekspedisi	339	ekspedisi
provokasi	339	memprovokasi,provokasi,memprovokasinya,memprovokasiku,diprovokasi
balkon	338	balkon
cengeng	338	cengeng
malik	338	malik
saw	338	saw
resimen	337	resimen
loh	337	loh,lohan
tangkal	337	penangkal,menangkal,penangkalnya
tuk	336	tuk
lamban	336	lamban
kolega	336	kolega,kolegaku,kolegamu,koleganya
verifikasi	336	memverifikasi,verifikasi,diverifikasi,memverifikasinya
sembrono	335	sembrono,kesembronoan
unggah	335	mengunggah,unggah,diunggah,mengunggahnya
pundak	335	pundak,pundakku,pundakmu,pundaknya
lambang	334	lambang
volume	334	volume,volumenya
kabung	333	berkabung
redam	333	peredam,meredam,teredam
basi	332	basi
perspektif	332	perspektif
bangsal	331	bangsal
spektakuler	331	spektakuler
open	331	open
lumur	331	berlumuran,dilumuri,melumuri,berlumur
adakan	330	adakan
paramedis	330	paramedis
patriot	330	patriot
organisme	329	organisme
anjal	329	anjali
anjak	329	beranjak
peser	329	sepeser,sepeserpun
galang	329	penggalangan,galangan,menggalang
curah	329	mencurahkan,curah,curahkan,tercurah,curahan,dicurahkan
asai	328	dikuasai
duri	328	duri,durinya
gigih	328	gigih,kegigihan,kegigihanmu
ratap	328	meratap,meratapi,ratapan
kantin	327	kantin
tempa	327	ditempa,menempa,tempa,penempa
buyut	327	buyut,buyutku,buyutmu,buyutnya
oven	326	oven
kebaji	326	kebajikan,kebajikanmu
sakura	326	sakura,sakurai
elevator	326	elevator,elevatornya
ganjil	326	ganjil,keganjilan
sobek	326	sobek,menyobek,sobekan,menyobeknya
kawal	326	kawal,dikawal,kawalan
maestro	325	maestro
primitif	325	primitif
navigasi	325	navigasi,menavigasi
kloning	325	kloning,mengkloning,kloningan
hangus	325	hangus,menghanguskan,hanguskan
lahap	325	melahap,lahap,pelahap,melahapnya,dilahap
pit	324	pit
rim	324	rim,terim
gegabah	323	gegabah
astronomi	323	astronomi
lotus	323	lotus
relatif	323	relatif
hama	322	hama
sekadar	322	sekadar
plaza	322	plaza
pincang	322	pincang
nyeri	322	nyeri
acar	322	acar,acarnya
grafik	322	grafik,grafiknya
federasi	321	federasi
kerangka	321	kerangka,kerangkanya
organisir	321	terorganisir,mengorganisir
ungkit	321	mengungkit,mengungkitnya,ungkit,pengungkit,diungkit
ambisius	320	ambisius
katup	320	katup,katupnya
lemas	320	lemas,lemaskan,melemaskan
kerut	320	kerutan,berkerut,mengerut,mengerutkan,kerut,mengkerut
murung	319	murung,pemurung
ulas	319	ulasan,mengulas,ulasannya
gadai	319	gadai,menggadaikan,pegadaian,menggadaikannya,gadaikan,digadaikan
statistik	318	statistik
biadab	318	biadab,kebiadaban
bingkai	318	bingkai,dibingkai,membingkai,bingkainya
frustrasi	317	frustrasi
persik	317	persik
pesiar	317	pesiar
memo	317	memo,memonya
pangku	317	pangkuan,pangkuanku,pangkuanmu,pangkuannya,berpangku
desainer	316	desainer
koktail	316	koktail
bordil	315	bordil
realistis	315	realistis
etika	314	etika
lubuk	314	lubuk
semen	314	semen,semennya
sandal	314	sandal,sandalku,sandalmu,sandalnya
lampias	314	melampiaskan,melampiaskannya,pelampiasan,lampiaskan
tebang	314	menebang,penebang,ditebang,penebangan,tebang,menebangnya
rum	313	rum
mikrofon	313	mikrofon,mikrofonnya
pes	313	dipesan,kupesan,pes
wol	312	wol
adrenalin	312	adrenalin
kodok	312	kodok
bina	312	membina,bina,pembinaan,dibina,pembina
cenayang	311	cenayang
laga	311	laga,berlaga
bengkok	311	bengkok,membengkokkan
pergok	311	memergoki,memergokinya,memergokimu,memergokiku,kepergok
sugar	310	sugar
barak	310	barak
sirene	310	sirene
kanselir	309	kanselir
non	309	non
akur	309	akur
ilahi	309	ilahi,keilahian
komponen	309	komponen,komponennya
remas	309	meremas,remas,meremasnya,diremas
gail	308	gail
dokumentasi	308	dokumentasi,mendokumentasikan,didokumentasikan,dokumentasikan
tembaga	307	tembaga
vitamin	307	vitamin
biak	307	biak,pembiakan,dibiakkan
perjaka	307	perjaka,keperjakaan,keperjakaanku
sejajar	307	sejajar,sejajarkan,kesejajaran
meditasi	307	meditasi,bermeditasi
jeda	306	jeda
union	306	union
cermat	306	cermat,mencermati
batin	306	batin,batinku,batinmu
sindir	306	sindiran,menyindir,menyindirku
komedi	305	komedi
asmara	305	asmara,berasmara
laden	305	laden,meladeni
gumpal	305	gumpalan,segumpal,menggumpal
sayat	305	sayatan,menyayat,disayat,tersayat,sayat
aib	304	aib
bea	304	bea
senyawa	304	senyawa
tin	304	tin
serpih	304	serpihan,serpihannya
kalang	304	kalangan,dikalangan
adon	304	adonan,adonis,adonannya
dengung	304	berdengung,dengungan,dengung,mendengung
den	304	den,denis,deni
ente	303	ente
serba	303	serba
serial	303	serial,serialnya
opini	303	opini,opinimu,opiniku
lonjak	303	lonjakan,melonjak
dahsyat	302	dahsyat
kalaupun	302	kalaupun
siput	302	siput
mad	302	mad,madis
liontin	302	liontin,liontinnya
belot	302	membelot,pembelot
obligasi	301	obligasi
upa	301	berupa
unggun	301	unggun
guntur	301	guntur
rujuk	301	merujuk,rujuk,rujukan,dirujuk
copot	301	copot,mencopot,dicopot
misa	300	misa
bunda	300	bunda
musang	300	musang
akbar	300	akbar,akbari
terpa	300	terpaku,menerpa
maklum	300	maklum,memaklumi,dimaklumi,maklumi,memakluminya
artefak	299	artefak
artileri	299	artileri
wasit	299	wasit,wasitnya
busa	299	busa,berbusa,busanya
malapetaka	298	malapetaka
superstar	298	superstar
hulu	298	hulu
beton	298	beton
ketu	298	ketukan
mukjizat	298	mukjizat
instruktur	298	instruktur
mekanisme	298	mekanisme
gerutu	298	menggerutu,penggerutu
rentang	298	rentang,rentangkan,merentangkan
pahat	298	pahat,memahat,pemahat,pahatan,dipahat
gelanggang	297	gelanggang
jamal	297	jamal
deposit	297	deposit,depositnya
raung	297	meraung,raungan
wafat	296	wafat
keripik	296	keripik
antusias	296	antusias
subuh	296	subuh
jab	296	jab,sekejab
tunjang	296	tunjangan,penunjang
lengkung	296	melengkung,lengkungan,lengkung
improvisasi	296	berimprovisasi,improvisasi
puding	295	puding
angus	295	angus
mukim	295	pemukiman,pemukim,permukiman
rintih	295	merintih,rintihan
lengket	294	lengket
kas	294	kas,kasnya
manuver	294	manuver,bermanuver
ongkos	294	ongkos,ongkosnya
telantar	294	menelantarkan,ditelantarkan,menelantarkanmu,menelantarkanku,menelantarkannya
cebol	293	cebol
sengit	293	sengit
gladiator	293	gladiator
senja	293	senja
seleksi	293	seleksi,menyeleksi
jangkar	293	jangkar,jangkarnya
janggut	293	janggut,berjanggut,janggutmu,janggutnya
riak	293	meneriaki,berteriaklah,riak,teriaki,diteriaki
kuantum	292	kuantum
independen	292	independen
skors	292	diskors,skors,menskors
awet	292	awet,diawetkan,pengawet,mengawetkan,pengawetan
balok	291	balok
omel	291	mengomel,omelan,mengomeliku,mengomeli,diomeli
selenggara	291	diselenggarakan,menyelenggarakan,penyelenggara
usak	290	perusak
gorila	290	gorila
fosil	290	fosil
elektromagnetik	290	elektromagnetik
gurita	289	gurita
audio	289	audio,audionya
jagal	289	jagal,penjagal,penjagalan
coret	289	coretan,mencoret,coret,dicoret
pajang	289	dipajang,pajangan,pajang,memajang,memajangnya,terpajang
nazir	288	nazir
revolusioner	288	revolusioner
fanatik	288	fanatik
serasi	288	serasi
lipstik	288	lipstik,lipstikmu
pulpen	288	pulpen,pulpennya,pulpenmu
lawak	288	pelawak,melawak,lawak
orion	287	orion
ayat	287	ayat
trotoar	287	trotoar
firman	287	firman,berfirman
tegar	287	tegar,tegarlah
pelit	286	pelit
tepung	286	tepung
hidrogen	286	hidrogen
mam	286	mam,minami
selubung	286	terselubung,selubung,penyelubung,menyelubungi,berselubung
talk	285	talk
syal	285	syal,syalnya
bibit	285	bibit,pembibitan,bibitnya
rama	284	rama
sonar	284	sonar
flat	284	flat,flatnya
tumit	284	tumit,tumitnya,tumitku
imigran	283	imigran
metal	283	metal
serat	283	serat
konvoi	283	konvoi,konvoinya
sejuk	283	sejuk,menyejukkan,kesejukan
undi	283	undian,undi,mengundi
oles	283	oleskan,mengoleskan,mengolesi,olesi,mengoles,dioleskan
mate	282	mate
nekat	282	nekat
anggun	282	anggun,keanggunan
gelitik	282	menggelitik,gelitik,tergelitik,menggelitikku
suplai	282	suplai,menyuplai,penyuplai
tuntas	282	tuntas,menuntaskan,tuntaskan
keran	281	keran,pengeran,kerannya
disko	281	disko,berdisko
bangkang	281	pembangkang,membangkang,pembangkangan
giling	281	menggiling,penggilingan,penggiling,giling
potensial	280	potensial
farmasi	280	farmasi
kap	280	kap,kapnya
acu	280	mengacu,acuan
telan	280	telan,bersetelan,telanlah
pramugari	279	pramugari
bajar	279	belajarlah
martini	279	martini
mungil	279	mungil,mungilku
knot	278	knot
laba	278	laba
integritas	278	integritas
santo	278	santo
opium	278	opium
aspirin	277	aspirin
kek	277	kek
inisiatif	277	inisiatif,berinisiatif
kunyuk	276	kunyuk
uras	276	menguras
barbar	276	barbar
firma	276	firma
jahanam	276	jahanam
fana	276	fana,kefanaan
timah	275	timah
goblok	275	goblok
orkestra	275	orkestra
kadar	275	kadar
dol	275	dol,demerol
cemooh	275	mencemooh,cemoohan,dicemooh,cemooh
absen	274	absen
tango	274	tango
intelektual	274	intelektual
taktis	274	taktis
drastis	274	drastis
spontan	274	spontan
konduktor	273	konduktor
morfin	273	morfin
tuas	273	tuas,tuasnya
siku	273	siku,sikumu,sikunya
nobat	273	penobatan,dinobatkan,menobatkan
sekrup	272	sekrup
mentari	272	mentari
demon	272	demon
lalai	272	lalai,kelalaian,melalaikan
tekuk	272	bertekuk,menekuk,tekuk
migrasi	271	migrasi,bermigrasi
usik	271	mengusik,terusik,mengusikku,mengusikmu,mengusiknya,usik
strip	270	strip
geletak	270	tergeletak
finansial	270	finansial
jeruji	270	jeruji,jerujinya
janggal	270	janggal,kejanggalan
variasi	270	variasi,bervariasi
epak	270	mengepak,mengepakkan,pengepakan
sekte	269	sekte
kapas	269	kapas
transplantasi	269	transplantasi
muslihat	269	muslihat
desis	269	mendesis,berdesis,desis,desisan
ingkar	269	mengingkari,ingkar,mengingkarinya
kupas	269	mengupas,kupas,dikupas,mengupasnya,pengupas
eksploitasi	269	mengeksploitasi,eksploitasi,dieksploitasi
konvensi	268	konvensi
peleset	268	terpeleset
lebat	268	lebat
bimbang	268	bimbang,kebimbangan
alur	268	alur,alurnya
selir	268	selir,selirnya
cincang	268	cincang,mencincang,dicincang,mencincangmu,kucincang
tafsir	268	menafsirkan,penafsiran,ditafsirkan,menafsirkannya
deras	267	deras
sakti	267	sakti
oranye	267	oranye
regional	267	regional
sulung	267	sulung,sulungku
tik	267	tik,tiki
angguk	267	mengangguk,anggukan,menganggukkan,anggukkan
konstan	266	konstan
korps	266	korps
arteri	266	arteri,arterinya
tolerir	266	mentolerir,ditolerir
serbuk	265	serbuk
mani	265	mani
aura	265	aura,auranya
imigrasi	265	imigrasi,berimigrasi
enggan	265	enggan,keengganan
koordinasi	265	koordinasi,berkoordinasi,terkoordinasi,mengkoordinasikan
tembakau	264	tembakau
gubuk	264	gubuk
segenap	263	segenap
konstitusi	263	konstitusi
amnesia	263	amnesia
tsunami	263	tsunami
peleton	263	peleton
surut	263	surut,menyurutkan
kitar	263	mengitari,mengitarinya
kepal	263	kepalan,mengepalkan,kepalkan
diagnosis	263	diagnosis,didiagnosis,mendiagnosis
eksplorasi	263	mengeksplorasi,eksplorasi,dieksplorasi
front	262	front
overdosis	262	overdosis
intens	262	intens
material	262	material,materialnya
mending	262	mending,mendingan
tum	261	tum
lugu	261	lugu
satpam	261	satpam,satpamnya
hop	261	hop,hopi
nisan	261	nisan,nisannya,nisanmu
talib	260	taliban
psikis	260	psikis
diabetes	260	diabetes
stiker	260	stiker,stikernya
gulir	260	bergulir,gulir
jemur	260	berjemur,jemuran,menjemur
gaduh	260	kegaduhan,gaduh,bergaduh
arya	259	arya
lembek	259	lembek
dekan	259	dekan
belalang	259	belalang
lentera	259	lentera,lenteranya
traktor	259	traktor,traktornya
kualifikasi	259	kualifikasi,berkualifikasi
balut	259	pembalut,membalut,balutan,balut,dibalut,membalutnya
institusi	258	institusi
wanda	258	wanda
sinis	258	sinis
bahtera	258	bahtera
diskus	257	berdiskusi
hindi	257	hindi
ilah	257	berilah
demo	257	demo
dokumenter	257	dokumenter
adat	257	adat
galon	257	galon,segalon
endus	257	mengendus,mengendusnya,endus
prasangka	257	prasangka,berprasangka
lowong	256	lowongan,lowong
tumbang	256	tumbang,menumbangkan,tumbangkan
kana	256	kana,kekanakan,kanakan
pendam	256	terpendam,memendam,pendam,memendamnya
sungkan	255	sungkan
pub	255	pub
baharu	255	memperbaharui,pembaharuan,diperbaharui
pakar	254	pakar
tian	254	tian
tabel	254	tabel
bikini	254	bikini
bersin	254	bersin
antibiotik	254	antibiotik
baut	254	baut,bautnya
anting	254	anting,antingnya,antingmu,antingku
gapai	254	menggapai,menggapainya,gapai,menggapaimu
dai	253	dai
wahyu	253	wahyu
kosmos	253	kosmos
ketik	253	ketik,diketik
peka	253	peka,kepekaan
unduh	253	mengunduh,unduh,mengunduhnya,diunduh
impor	253	impor,mengimpor,diimpor
meta	253	memetakan,pemetaan,meta
genetika	252	genetika
kompeten	252	kompeten,berkompeten
mesan	252	pemesanan,memesankan
anjung	251	anjungan
karnaval	251	karnaval
kompor	251	kompor,kompornya
paten	251	paten,dipatenkan
proyeksi	251	proyeksi,memproyeksikan,diproyeksikan
mendiang	250	mendiang
prototipe	250	prototipe
identik	250	identik
kuyup	250	kuyup
tengik	250	tengik
deklarasi	250	deklarasi,mendeklarasikan
hipotek	249	hipotek
kokoh	249	kokoh
pion	249	pion
histeris	249	histeris
sawah	249	sawah
kelam	249	kelam,kekelaman
dur	249	berduri,duran
batalion	248	batalion
mahasiswi	248	mahasiswi
ares	248	ares
empuk	248	empuk
monumen	248	monumen
dinamit	248	dinamit
logo	248	logo,logonya
rumus	248	rumus,rumusnya,merumuskan
rat	248	rat,ratan,berkeberatan
kayuh	248	kayuh,mengayuh
teladan	247	teladan
mace	247	mace
platform	247	platform
mika	247	mika
blues	247	blues
badak	247	badak
eksotis	247	eksotis
modus	247	modus,modusnya
mentor	247	mentor,mentorku,mentormu
kalori	246	kalori
genius	246	genius
papi	246	papi
lam	246	lam,menyelami
mesiu	246	mesiu,mesiunya
ziarah	246	peziarah,ziarah,berziarah
resah	246	resah,meresahkan,keresahan
tudung	246	tudung,bertudung
puan	245	puan
gegar	245	gegar
sindrom	245	sindrom
stok	245	stok,stoknya
heroik	244	heroik
petak	244	petak
susut	244	menyusut,penyusutan
pentas	244	pentas,dipentaskan
debut	244	debut,debutnya,debutmu
kicau	244	berkicau,kicau,kicauan
sentimental	243	sentimental
personal	243	personal
letih	243	letih,keletihan
papar	243	terpapar,paparan,memaparkan,pemaparan
lontar	243	pelontar,melontarkan,lontarkan,dilontarkan,terlontar,melontar
bah	242	bah
poros	242	poros,porosnya
jongkok	242	jongkok,berjongkok
hasut	242	menghasut,penghasut,hasutan
boros	242	boros,pemborosan,pemboros,memboroskan
tutul	241	tutul
timpal	241	setimpal
ranting	241	ranting
operasional	241	operasional
guci	241	guci,gucinya
cik	240	cik
nihil	240	nihil
kelopak	240	kelopak
instan	240	instan
mamah	240	mamah
kedok	240	kedok,kedoknya,berkedok,kedokmu
kerudung	240	kerudung,berkerudung,kerudungnya
gram	239	gram
magis	239	magis
kapur	239	kapur
stroberi	239	stroberi
bego	239	bego
tarif	239	tarif,tarifnya,tarifmu
ekstrak	239	mengekstrak,ekstrak,diekstrak
diplomatik	238	diplomatik
sajak	238	sajak
akhirat	238	akhirat
bahuku	238	bahuku
amen	238	amen,mengamen
bungsu	238	bungsu,bungsuku,bungsunya
pribumi	237	pribumi
klise	237	klise
oli	237	oli,olinya
testis	237	testis,testismu,testisku,testisnya
germo	236	germo
sake	236	sake
liter	236	liter
cerobong	236	cerobong
celup	236	mencelupkan,dicelupkan,celupkan,celup,dicelup,mencelupkannya
omega	235	omega
sekoci	235	sekoci
marina	235	marina
karaoke	235	karaoke
hart	235	hart
zaitun	235	zaitun
maling	235	maling,memalingkan
tetas	234	menetas
hip	234	hip
geologi	234	geologi
bandel	234	bandel
sudi	234	sudi,sudikah
fit	234	fit,fiti
eliminasi	234	dieliminasi,eliminasi,tereliminasi,mengeliminasi
cakrawala	232	cakrawala
nahi	232	nahi
telegram	232	telegram
kamerad	232	kamerad
tandu	232	tandu,tandunya
receh	232	receh,recehan
bakti	232	berbakti,kebaktian,bakti,membaktikan
sisih	232	menyisihkan,penyisihan,sisihkan,disisihkan
fotografi	231	fotografi
politikus	231	politikus
toleh	231	menoleh
teropong	231	teropong,teropongnya
tabah	231	tabah,ketabahan,tabahlah
gandeng	231	bergandengan,menggandeng,gandeng,gandengan
astronom	230	astronom
nova	230	nova
kupon	230	kupon
sahaja	230	sahaja,bersahaja
diktator	230	diktator,kediktatoran
tilang	230	tilang,ditilang,menilang
bugar	230	kebugaran,bugar
minimum	229	minimum
kincir	229	kincir
haluan	229	haluan
riang	229	riang
serbet	229	serbet,serbetnya
puruk	229	terpuruk,keterpurukan
kremasi	229	dikremasi,kremasi,mengkremasi
anomali	228	anomali
klip	228	klip
helium	228	helium
barel	228	barel,barelnya
dang	228	dang,dangan
pedih	228	kepedihan,pedih
mutilasi	228	mutilasi,dimutilasi,memutilasi
mumi	227	mumi
seminar	227	seminar
pilar	227	pilar
dadah	227	dadah
simpat	227	bersimpati
ceri	227	ceri
iseng	227	iseng,keisengan
kamus	227	kamus,kamusku
liur	227	liur,berliur,liurnya
hanyut	227	hanyut,terhanyut,menghanyutkan
dot	226	dot
oral	226	oral
direksi	226	direksi
religius	226	religius
lot	226	lot
kavaleri	226	kavaleri
interior	226	interior,interiornya
triliun	226	triliun,triliunan
ibadah	226	ibadah,beribadah
remuk	226	remuk,meremukkan,remukkan
broker	225	broker
raka	225	meraka,raka
kobar	225	kobaran,berkobar,kobarkan
mesra	225	mesra,bermesraan
bentak	225	membentak,membentakku,bentak,membentakmu,membentaknya
pen	224	pen,berpenis
rena	224	kerena,serena,rena
sit	223	sit
warung	223	warung
plasma	223	plasma
kiran	223	kiran
arsitektur	223	arsitektur
hindu	223	hindu
resepsionis	223	resepsionis
ulit	223	menguliti,mengulitimu,mengulitinya
timbun	223	menimbun,timbunan,tertimbun,penimbunan,penimbun
produktif	222	produktif
suh	222	suh,suhan
vonis	222	vonis,divonis,memvonis,vonisnya
mayoritas	221	mayoritas
kidal	221	kidal
lobak	221	lobak
kev	221	kev
poni	221	poni
cacar	221	cacar
kalajengking	221	kalajengking
surgawi	221	surgawi
ter	221	ter,diter
legiun	220	legiun
alangkah	220	alangkah
psikolog	220	psikolog
kari	220	kari
wig	220	wig
sirat	220	menyiratkan,tersirat
publisitas	219	publisitas
sirup	219	sirup
alaikum	219	alaikum
tumpul	219	tumpul,menumpulkan
transisi	219	transisi,transisinya
ekstraksi	219	ekstraksi,diekstraksi
sendi	219	sendi,persendian
pupuk	219	pupuk,memupuk
sendawa	219	bersendawa,sendawa
damba	219	mendambakan,dambakan,didambakan
bentar	218	bentar
lintah	218	lintah
kias	218	kiasan
ereksi	218	ereksi
lung	218	lung
masjid	218	masjid
teruk	218	teruk
ajal	218	ajal,ajalnya,ajalmu
tambal	218	menambal,tambalan,tambal,ditambal,menambalnya
pejal	217	pejalan
mamalia	217	mamalia
kura	217	kura
rongga	217	rongga,berongga
arak	216	arak
polo	216	polo
kewalahan	216	kewalahan
kabinet	216	kabinet
stempel	216	stempel
sangkar	216	sangkar,sangkarnya
ketes	216	mengetes,mengetesnya,pengetesan,mengetesmu
ons	215	ons
pinus	215	pinus
takhayul	215	takhayul
kapel	215	kapel
dobel	215	dobel
persepsi	215	persepsi,persepsimu
gizi	215	gizi,bergizi
norak	214	norak
tiram	214	tiram
spring	214	spring
petinggi	214	petinggi
cekikik	214	cekikikan
kilap	214	mengkilap
janin	214	janin,janinnya
karier	214	karier,kariermu,karierku,kariernya
pijak	214	pijakan,berpijak,pijak
reproduksi	214	reproduksi,mereproduksi,bereproduksi
syok	213	syok
mina	213	mina
mercusuar	213	mercusuar
strategis	213	strategis
resepsi	213	resepsi
kontestan	213	kontestan
kambuh	212	kambuh
topan	212	topan
antem	212	berantem
radioaktif	212	radioaktif
keriting	212	keriting,pengeriting
bal	212	bali,balkan,bal
cece	211	cece
petang	211	petang
salut	211	salut
tropis	211	tropis
skip	211	skip
radang	211	radang,meradang
tegur	211	teguran,menegur,ditegur,menegurku,menegurnya
kanibal	210	kanibal
anonim	210	anonim
observasi	210	observasi,mengobservasi
siasat	210	siasat,siasatan,penyiasat,menyiasat
sekap	210	menyekap,disekap,menyekapnya
metafora	209	metafora
formalitas	209	formalitas
kuartal	209	kuartal
stadium	209	stadium
gigil	209	menggigil
adapun	209	adapun
musikal	209	musikal
inisial	209	inisial,inisialnya
wawas	209	wawasan,berwawasan,wawasanmu
laris	209	laris,terlaris
barikade	208	barikade
kubis	208	kubis
cukai	208	cukai
babu	208	babu
cup	208	cup
beber	208	membeberkan,membeberkannya,beber
detonator	208	detonator,detonatornya
ketawa	207	ketawa
skuadron	207	skuadron
arkeolog	207	arkeolog
reptil	207	reptil
kedap	207	kedap
martir	207	martir
implan	207	implan
luput	207	luput
stik	207	stik
cemberut	207	cemberut
duniawi	207	duniawi,keduniawian
tapak	207	tapak,menapaki,menapak
limut	207	menyelimuti,diselimuti
mancur	206	mancur
hipotesis	206	hipotesis
samudra	206	samudra
iga	206	iga
modul	206	modul
encik	206	encik
seka	206	menyeka,sekai,seka,penyeka
deportasi	206	dideportasi,deportasi,mendeportasi
anjur	206	menganjurkan,dianjurkan,anjurkan,anjuran
arogan	205	arogan
salim	205	salim
hektar	205	hektar
maraton	205	maraton
polong	205	polong,polongnya
spesifikasi	205	spesifikasi,spesifikasinya
lincah	205	lincah,kelincahan
sai	205	sai,sinai
tamak	205	tamak,ketamakan
kedelai	204	kedelai
kawah	204	kawah
akuarium	204	akuarium
mega	204	mega
slogan	204	slogan,slogannya
orientasi	204	orientasi,berorientasi
pukau	204	memukau,terpukau
porsi	203	porsi
lanjur	203	terlanjur
saru	203	saru
perunggu	203	perunggu
kecap	203	kecap,mengecap
jangkit	203	terjangkit,menjangkiti,dijangkiti
puasa	203	puasa,berpuasa
daur	203	daur,mendaur,didaur
ganjar	203	ganjaran,ganjarannya,diganjar
cantum	203	tercantum,mencantumkan,dicantumkan,cantumkan
kibar	203	berkibar,mengibarkan,kibarkan,dikibarkan
bambu	202	bambu
detektor	202	detektor
zen	202	zen
lamun	202	melamun
trip	202	trip
kudeta	202	kudeta
kesitu	202	kesitu
obyek	202	obyek
fakultas	202	fakultas
semangkuk	202	semangkuk
benjol	202	benjolan,benjol
lumbung	202	lumbung,lumbungnya
kental	202	kental,mengental
gagang	202	gagang,gagangnya
asah	202	mengasah,diasah,asah,mengasahnya
konselor	201	konselor
filosofi	201	filosofi
aborsi	201	aborsi
bidadari	201	bidadari,bidadariku
melodi	201	melodi,melodinya
otorisasi	201	otorisasi,mengotorisasi
talon	200	talon
statis	200	statis
filsafat	200	filsafat
dum	200	dum
siuman	200	siuman
makalah	200	makalah,makalahmu
klasifikasi	200	diklasifikasikan,klasifikasi
kamal	200	kamali,kamal
santap	200	santapan,menyantap,santap
solid	199	solid
voting	199	voting
institut	199	institut
ama	199	ama
dadar	199	dadar
rakus	199	rakus,kerakusan
lendir	199	lendir,berlendir
konversi	199	mengkonversi,konversi,dikonversi
cawan	198	cawan
pike	198	pike
aziz	198	aziz
feri	198	feri
temperatur	198	temperatur,temperaturnya
refleksi	198	refleksi,merefleksikan
belai	198	membelai,belaian,belai
cabik	198	mencabik,cabik,tercabik,pencabik,mencabikmu
konsulat	197	konsulat
mangga	197	mangga
wastafel	197	wastafel
kilang	197	kilang
plot	197	plot,diplot
komposisi	197	komposisi,komposisinya
pedal	197	pedal,pedalnya
adi	197	adi,adiku
ibarat	197	ibarat,ibaratnya
aram	197	aram,aramis
cengkeram	197	mencengkeram,cengkeraman,cengkeramannya
komplikasi	196	komplikasi
samir	196	samir
step	196	step,stepan
longsor	196	longsor,longsoran
katalog	195	katalog
rewel	195	rewel
pelik	195	pelik
mahkamah	195	mahkamah
bugil	195	bugil
kuman	195	kuman
palang	195	palang,palangnya
amar	195	amar,amaran
kisar	195	kisaran,berkisar
teduh	195	teduh,berteduh
rektor	195	rektor,direktori,direktor
survei	194	survei
inspeksi	194	inspeksi
musibah	194	musibah
kokpit	194	kokpit
sri	194	sri
jeli	194	jeli
lolong	194	melolong,lolongan
ringkas	194	ringkas,ringkasan,meringkas
mempan	193	mempan
gletser	193	gletser
selebaran	193	selebaran
lus	193	linus
lada	193	lada
ironi	193	ironi,ironinya
terjang	193	menerjang,terjang
kecoh	193	mengecoh,terkecoh,mengecohku,pengecoh
sujud	193	bersujud,sujud
tebar	193	menebar,bertebaran,menebarkan,tebarkan
halte	192	halte
pelat	192	pelat
maskapai	192	maskapai
telak	192	telak
erotis	192	erotis
forum	192	forum
pesat	192	pesat
sirip	192	sirip
lengking	192	melengking
jip	192	jip,jipnya
makelar	192	makelar,makelarnya
betah	191	betah
kesah	191	mengesahkan,pengesahan,kesah
kerikil	190	kerikil
personel	190	personel
dosen	190	dosen,dosennya
onar	190	onar,keonaran
rajut	190	merajut,rajutan
sera	190	berserakan,sera
tekun	190	ketekunan,tekun
dehidrasi	189	dehidrasi
universal	189	universal
kanal	189	kanal
bursa	189	bursa
layu	189	layu
jahe	189	jahe
donasi	189	donasi,mendonasikan
topang	189	menopang,penopang
steril	189	steril,mensterilkan,disterilkan,sterilkan
petisi	188	petisi
montir	188	montir
natural	188	natural
harmoni	188	harmoni
mikro	188	mikro
pines	188	pines
pikul	188	memikul,pikul
diskualifikasi	188	didiskualifikasi,diskualifikasi,mendiskualifikasi
zebra	187	zebra
nanas	187	nanas
kram	187	kram
semata	187	semata
nas	187	nas
bakso	187	bakso
umpat	187	mengumpat,umpatan
sum	187	sum,suman,sumi
usap	187	mengusap,usap,mengusapnya,usapkan
sembelih	187	menyembelih,disembelih,penyembelihan
magnetik	186	magnetik
opsi	186	opsi
akut	186	akut
mitologi	186	mitologi
ramping	186	ramping,perampingan
kuis	186	kuis,kuisi
logat	186	logat,logatmu,logatnya
lestari	186	melestarikan,pelestarian
apotek	185	apotek
refleks	185	refleks
lil	185	lil
lose	185	lose
umpet	185	umpet
batalyon	185	batalyon
slip	185	slip
brosur	185	brosur,brosurnya
anut	185	penganut,menganut
senam	185	senam,pesenam
selangkang	185	selangkangan,selangkanganku,selangkanganmu,selangkangannya
wai	184	wai
sarana	184	sarana
plankton	184	plankton
galak	184	galak
raut	184	raut
vas	184	vas
duane	183	duane
akselerator	183	akselerator
ulat	183	ulat
bolong	183	bolong
kubus	183	kubus
seruling	183	seruling,serulingnya
selongsong	183	selongsong,selongsongnya
tumbuk	183	tumbuk,menumbuk,ditumbuk
dominan	182	dominan
sekering	182	sekering,sekeringnya
ledeng	181	ledeng
jangkrik	181	jangkrik
gipsi	181	gipsi
psi	181	pepsi,psi
zakar	181	zakar,zakarmu,zakarnya,zakarku
hempas	181	terhempas,menghempaskan,menghempas,hempasan,hempaskan
diplomat	180	diplomat
hail	180	hail
intervensi	180	intervensi
elektrik	180	elektrik
resolusi	180	resolusi
dami	180	damian
begadang	180	begadang
resume	180	resume,resumenya,resumeku
sumbu	180	sumbu,sumbunya
mandarin	179	mandarin
aki	179	aki
ngebut	179	ngebut
mistis	179	mistis
puitis	179	puitis
figur	179	figur
kompetitif	179	kompetitif
lava	179	lava
mami	179	mami
tap	179	tap
popularitas	179	popularitas,popularitasmu
reinkarnasi	179	reinkarnasi,bereinkarnasi
redup	179	redup,meredup
cubit	179	mencubit,cubit,cubitan,mencubitku
sauna	178	sauna
kabupaten	178	kabupaten
konseling	178	konseling
geladak	178	geladak
jajar	178	jajaran,berjajar,penjajaran
balistik	177	balistik
spesimen	177	spesimen
gesek	177	gesekan,gesek,menggesek
rehat	177	rehat,berehat
lelap	177	lelap,terlelap
pel	176	pel
konsul	176	konsul
asasi	176	asasi
agam	176	beragam
bur	176	belur
kardus	176	kardus
keramat	176	keramat
prostitusi	176	prostitusi
antartika	176	antartika
garda	176	garda
seluler	176	seluler,selulernya
laras	176	laras,larasnya
pelana	176	pelana,pelananya
arung	176	mengarungi,arung
duet	176	duet,berduet
semu	176	semu,semunya,semuannya
sabit	175	sabit
pakat	175	disepakati,menyepakati
sar	175	sar,bersinarlah,kesar
seluncur	175	seluncur,berseluncur,seluncuran
jeblos	175	dijebloskan,menjebloskan,jebloskan,menjebloskannya,menjebloskanmu
siswi	174	siswi
miliarder	174	miliarder
dilema	174	dilema
tungku	174	tungku
gamma	174	gamma
esai	174	esai
milisi	174	milisi
cilik	174	cilik
genang	174	genangan,tergenang
pusaka	173	pusaka
gigolo	173	gigolo
jompo	173	jompo
via	173	via
senandung	173	bersenandung
tren	173	tren
bundar	173	bundar,bundaran
pekik	173	memekik,pekikan
belenggu	173	belenggu,terbelenggu,dibelenggu
ingus	173	ingusan,ingus
lempari	173	melempari,dilempari,lempari
gawang	172	gawang
diesel	172	diesel
morse	172	morse
konsumen	172	konsumen
seronok	172	seronok,berseronok,menyeronokkan
gim	171	gim
pelampung	171	pelampung
kusut	171	kusut
klinis	171	klinis
cupu	171	cupu
spirit	171	spirit
plester	171	plester,diplester
pikat	171	terpikat,pikat
akomodasi	171	akomodasi,mengakomodasi
edan	170	edan
haleluya	170	haleluya
fasis	170	fasis
cuplik	170	cuplikan
pakan	170	pakan,kepakan
silau	170	menyilaukan,silau
lempeng	170	lempeng,lempengan
camil	169	camilan
domestik	169	domestik
arkeologi	169	arkeologi
sip	169	sip
hoi	169	hoi
regan	169	regan
digit	169	digit
fragmen	169	fragmen
infus	169	infus,infusnya
baya	169	baya,sebaya
dubes	169	dubes,kedubes
skeptis	168	skeptis
telepati	168	telepati
tirani	168	tirani
tunas	168	tunas
nirkabel	168	nirkabel
bintik	168	bintik,berbintik
hologram	168	hologram,hologramnya
akuisisi	168	akuisisi,mengakuisisi
talenta	168	talenta,bertalenta
deru	168	menderu,deru
spesialisasi	168	spesialisasi,spesialisasiku,spesialisasinya,spesialisasimu
keriput	167	keriput
kilir	167	terkilir
empati	167	empati
prospek	167	prospek
kelenjar	167	kelenjar
jepun	167	jepun
urat	167	urat
piara	167	piaraan,piaraanku,piaraannya,piaraanmu
kanji	166	kanji
segi	166	segi
muram	166	muram,bermuram
silap	166	silap,kesilapan
gejolak	166	bergejolak,gejolak
kontol	165	kontol
sekuriti	165	sekuriti
pamrih	165	pamrih
lecet	165	lecet
komplain	165	komplain
reta	165	retakan
produsen	165	produsen
paralel	165	paralel
harmonis	165	harmonis,keharmonisan
cakep	164	cakep
nutrisi	164	nutrisi
ringkuk	164	meringkuk
mong	164	mong
rekreasi	164	rekreasi
ancang	164	perancang
delegasi	164	delegasi
kios	164	kios
paro	164	paro,separo
lingkup	164	lingkup,melingkupi
cangkang	164	cangkang,cangkangnya
bobot	164	bobot,berbobot,bobotnya
awam	163	awam
zulu	163	zulu
prima	163	prima
limun	163	limun
unjuk	163	unjuk,pengunjuk
seteru	163	perseteruan,berseteru
idam	163	idaman,idamkan,idamanku,idamanmu
atletik	162	atletik
dara	162	dara
lereng	162	lereng
sentiasa	162	sentiasa
resor	162	resor
amir	162	amir
enzim	162	enzim
virtual	162	virtual
sedap	162	sedap,penyedap
derit	162	berderit,derit
belasungkawa	162	belasungkawa,berbelasungkawa
gembok	162	gembok,gemboknya
luap	162	meluap,luapan,meluapkan
steroid	161	steroid
kenari	161	kenari
obeng	161	obeng
untun	161	beruntun
atraksi	161	atraksi
bait	161	bait
emir	161	emir,emiri
lebur	161	lebur,melebur,peleburan
aga	161	peraga,peragaan,peragakan,memperagakan
aum	160	mengaum
sejarawan	160	sejarawan
sindikat	160	sindikat
kelab	160	kelab
diare	160	diare
pus	160	pus,perpus
lumas	160	pelumas,melumasi
aries	160	diaries,aries
semangka	159	semangka
lambert	159	lambert
penyu	159	penyu
genit	159	genit
moto	159	moto
lihai	159	lihai
kasi	159	kasi,kasian
nostalgia	159	nostalgia,bernostalgia
copet	159	pencopet,mencopet,copet
lampir	159	lampiran,melampirkan,terlampir
inferno	158	inferno
soren	158	soren
haji	158	haji
pantang	158	pantang,pantangan
majelis	157	majelis
titanium	157	titanium
vulgar	157	vulgar
jerapah	157	jerapah
vila	157	vila
until	157	until
ampuh	157	ampuh
vertikal	157	vertikal
alumni	157	alumni
homoseksual	156	homoseksual
kanvas	156	kanvas
ejakulasi	156	ejakulasi
propaganda	156	propaganda
sianida	156	sianida
oposisi	156	oposisi
konglomerat	156	konglomerat
belatung	155	belatung
tabir	155	tabir
pornografi	155	pornografi
memorial	155	memorial
melambang	155	melambangkan
nyang	155	nyang
perihal	155	perihal
renyah	155	renyah
camar	155	camar
mbak	155	mbak
upeti	155	upeti
klon	155	klon
selada	155	selada
transit	155	transit
palka	155	palka,palkanya
merosot	155	merosot,kemerosotan
revisi	155	revisi,merevisi,direvisi
tenun	155	tenun,menenun,tenunan,penenun
genting	154	genting
amandemen	154	amandemen
epik	154	epik
delusi	154	delusi
panitia	154	panitia
servis	154	servis
kobra	154	kobra
bangau	154	bangau
lantang	154	lantang
intensif	154	intensif,mengintensifkan
pancang	154	pancang,pancangnya
tapa	154	pertapa,bertapa
tesis	154	tesis,tesisku,tesisnya
basuh	154	membasuh,basuh
hambur	154	berhamburan,menghamburkan
hujat	154	penghujatan,menghujat,penghujat
denting	154	denting,berdenting,dentingan
dikit	153	dikit
siam	153	siam
sosiopat	153	sosiopat
rabies	153	rabies
rezim	153	rezim
leng	153	leng
jihad	153	jihad
auto	153	auto
merak	153	merak
baka	153	baka
imperial	153	imperial
milimeter	153	milimeter
mangkas	153	memangkas,pemangkasan
stereo	152	stereo
tenggat	152	tenggat
pedoman	152	pedoman
biarpun	152	biarpun
bangka	152	bangka
das	152	das,berdasi
mutih	152	pemutih,memutih,memutihkan
gerebek	152	penggerebekan,menggerebek,digerebek
sokong	152	menyokong,penyokong,sokongan
hana	151	hana
birokrasi	151	birokrasi
kuningan	151	kuningan
privat	151	privat
nampan	151	nampan
sedan	151	sedan
dupa	151	dupa
papah	151	papah
lintang	151	lintang,melintang
reformasi	151	reformasi,mereformasi,direformasi
pek	151	sepekan,sepeki,pek
embun	150	embun
rehab	150	rehab
yurisdiksi	150	yurisdiksi
sensasional	150	sensasional
cabai	150	cabai
saturnus	150	saturnus
purba	150	purba
teratai	150	teratai
konservatif	150	konservatif
ketiak	150	ketiak,ketiakku,ketiakmu,ketiaknya
gar	150	bergaris,gar,digaris
sintetis	149	sintetis
curam	149	curam
filter	149	filter
lotre	149	lotre
okok	149	perokok
spiral	149	spiral
transformasi	149	transformasi
zone	149	zone
aspal	149	aspal,beraspal
lantar	149	terlantar,lantaran
etis	148	etis
kritikus	148	kritikus
polusi	148	polusi
suvenir	148	suvenir
nitrogen	148	nitrogen
plan	148	plan
ruam	148	ruam
pikun	148	pikun
mara	148	mara
variabel	148	variabel,variabelnya
rekonstruksi	148	rekonstruksi,merekonstruksi
berantas	148	memberantas,diberantas,pemberantasan
mustang	147	mustang
sumpit	147	sumpit
sepet	147	sepeti,sepetinya
ekstradisi	147	ekstradisi,diekstradisi
silat	147	persilatan,silat
kekang	147	kekang,terkekang,dikekang,kekangnya
bedak	146	bedak
melon	146	melon
bule	146	bule
ayahanda	146	ayahanda
minoritas	146	minoritas
lazim	146	lazim
merkuri	146	merkuri
anatomi	146	anatomi
sinkron	146	disinkronkan,sinkron
inovasi	146	inovasi,berinovasi
nominasi	146	nominasi,dinominasikan
distorsi	146	distorsi,terdistorsi
setrika	146	menyetrika,setrika,disetrika
kendur	146	kendur,mengendurkan,kendurkan,mengendur
trim	145	trim
gemini	145	gemini
nebula	145	nebula
hospital	145	hospital
tatanan	145	tatanan
petas	145	petasan
binatu	145	binatu
buster	145	buster
medusa	145	medusa
net	145	net
lars	145	lars
honor	145	honor
silinder	145	silinder,silindernya
audit	145	audit,diaudit,mengaudit
pencet	145	pencet,memencet
totem	144	totem
anggrek	144	anggrek
sumsum	144	sumsum
loyal	144	loyal
sport	144	sport
furnitur	144	furnitur
ning	144	ning
kerak	144	kerak
belerang	144	belerang
terik	144	terik
lembu	144	lembu
marga	144	marga
berak	144	berak
lian	144	lian
fleksibel	144	fleksibel
gendang	144	gendang,gendangnya
pejam	144	pejamkan,terpejam
simak	144	menyimak,simak
ringkus	144	meringkus,ringkus,meringkusnya,diringkus
amputasi	144	diamputasi,amputasi,mengamputasi
vokal	143	vokal
suit	143	suit
optik	143	optik
igau	143	mengigau
isis	143	isis
tender	143	tender
saleh	143	saleh
kondominium	143	kondominium
sarden	143	sarden
gulma	143	gulma
tameng	143	tameng
lesat	143	melesat
parameter	143	parameter,parameternya
theta	142	theta
ngengat	142	ngengat
moralitas	142	moralitas
konteks	142	konteks
fusi	142	fusi
banda	142	banda
pawai	142	pawai
hambar	142	hambar
fasih	142	fasih
gerangan	142	gerangan
rohani	142	rohani
ekstasi	142	ekstasi
geografi	142	geografi
salip	142	menyalip,menyalipnya,salip
puri	141	puri
johan	141	johan
perkakas	141	perkakas
kamuflase	141	kamuflase
runcing	141	runcing
lentur	141	lentur,melenturkan
blokade	141	blokade,memblokade
hibernasi	141	hibernasi,berhibernasi
sano	141	sano,kusano
ritme	140	ritme
alamiah	140	alamiah
algojo	140	algojo
perseus	140	perseus
aur	140	aur
singgasana	140	singgasana
regenerasi	140	regenerasi,beregenerasi
rontok	140	rontok,merontokkan
karakteristik	139	karakteristik
rubin	139	rubin
kilogram	139	kilogram
gel	139	gel
mok	139	mok
ompol	139	mengompol
anus	139	anus,anusnya
acung	139	mengacungkan,acungkan
gengsi	139	bergengsi,gengsi
kontra	139	kontra,kontrakan
monopoli	139	monopoli,memonopoli
celoteh	138	berceloteh
katedral	138	katedral
kui	138	kui,kuii
tebas	138	menebas,tebasan,tebas
persentase	137	persentase
doang	137	doang
penalti	137	penalti
transfusi	137	transfusi
galau	137	galau
nubuat	137	nubuat,nubuatan
nota	137	nota,notanya
tal	137	talan,bertali,tal
langsing	136	langsing
brigade	136	brigade
bandung	136	bandung
kecoak	136	kecoak
hibrida	136	hibrida
jerawat	136	jerawat
gempar	136	menggemparkan,gempar,kegemparan
kebiri	136	dikebiri,mengebiri,kebiri
tandus	135	tandus
meteorit	135	meteorit
udik	135	udik
alif	135	alif
wisuda	135	wisuda
agresi	135	agresi
mimi	135	mimi
reguler	135	reguler
mumpung	135	mumpung
papas	135	berpapasan
sentak	135	tersentak,menyentak
skuter	134	skuter
gaga	134	gaga
intuisi	134	intuisi
delap	134	kedelapan
hara	134	hara
alamak	134	alamak
kakap	134	kakap
entri	134	entri
auditorium	134	auditorium
presisi	134	presisi
malaria	134	malaria
pupil	134	pupil,pupilnya,pupilmu
sogok	134	menyogok,sogok,menyogokku
ami	134	mendiami,ami,didiami
letup	134	letupan,meletup,letupkan
ijazah	133	ijazah
pulsa	133	pulsa
kompartemen	133	kompartemen
pilek	133	pilek
sangga	133	penyangga
duk	133	duk
sanksi	133	sanksi
pagan	133	pagan
aron	133	aron
sentimen	133	sentimen
sad	133	sad
raba	133	meraba,raba
gugus	133	gugus,gugusan
kompresi	133	kompresi,dikompresi,terkompresi
asi	133	asi,asian
kosmetik	132	kosmetik
keluyur	132	keluyuran
betis	132	betis
beranda	132	beranda
uranium	132	uranium
geraman	132	geraman
pasif	132	pasif
duplikat	132	duplikat,duplikatnya
tangkas	132	tangkas,ketangkasan
kepompong	131	kepompong
sekunder	131	sekunder
pasrah	131	pasrah
prof	131	prof
katering	131	katering
puing	131	puing
forte	131	forte
kontroversial	131	kontroversial
kredibilitas	131	kredibilitas,kredibilitasmu
simpel	131	simpel,sesimpel
minor	131	minor,minori
decit	131	berdecit,decitan,mendecit
neng	131	seneng,neng
infrastruktur	130	infrastruktur
jumbo	130	jumbo
horizon	130	horizon
eta	130	eta
din	130	din
pah	130	pah
lavender	130	lavender
inframerah	130	inframerah
marsekal	130	marsekal
belut	130	belut
human	130	human
kucur	130	kucuri,mengucur,mengucurkan
tangkis	130	menangkis,tangkis
sakral	129	sakral
lala	129	lala
antariksa	129	antariksa
rasi	129	rasi
paru	129	paru
ikon	129	ikon
infanteri	129	infanteri
getah	129	getah,getahnya
kucil	129	dikucilkan,mengucilkan
girang	129	kegirangan,girang
cengang	129	mencengangkan,tercengang
benah	129	membenahi,berbenah,benahi
ape	128	ape
aparat	128	aparat
gembel	128	gembel
aktivis	128	aktivis
salep	128	salep
dinamis	128	dinamis
kenya	128	kenya
lenceng	128	melenceng
faks	128	faks
som	128	som
moneter	128	moneter
kendi	128	kendi
impoten	128	impoten
krama	128	krama
dame	128	dame
bejat	128	bejat,kebejatan
cicit	128	mencicit,cicit
nini	128	nini,bernini
sinterklas	127	sinterklas
filsuf	127	filsuf
tikar	127	tikar
panutan	127	panutan
peron	127	peron
beo	127	beo
rasio	127	rasio
menstruasi	127	menstruasi
bet	127	bet
stabilitas	127	stabilitas
melotot	127	melotot,memelototi,memelototiku
kebut	127	mengebut,kebut
maklumat	126	maklumat
konvensional	126	konvensional
gede	126	gede
deposito	126	deposito
kurva	126	kurva
picik	126	picik
autopsi	126	autopsi
semir	126	semir,menyemir
kalibrasi	126	kalibrasi,mengkalibrasi,dikalibrasi
tindik	126	tindikan,tindik,ditindik,menindik
aren	125	aren
kolot	125	kolot
basa	125	basa
aulia	125	aulia
gundu	125	gundukan
durasi	125	durasi
allahu	125	allahu
liberal	125	liberal
abis	125	abis
suaka	125	suaka
tonik	125	tonik
yogi	125	yogi
nuansa	125	nuansa,bernuansa
kopling	125	kopling,koplingnya
mem	125	memilah,mem
pungut	125	pungut,dipungut,pungutan,memunguti
dioksida	124	dioksida
granit	124	granit
pancur	124	pancuran
demokrat	124	demokrat
menep	124	menepilah
bison	124	bison
drakula	124	drakula
maskot	124	maskot
klimaks	124	klimaks
yakni	124	yakni
impuls	124	impuls
waduh	124	waduh
kriteria	124	kriteria
pasak	124	pasak,pasaknya
karbohidrat	123	karbohidrat
epilepsi	123	epilepsi
keramik	123	keramik
candi	123	candi
volt	123	volt
proton	123	proton
tepu	123	tepukan
asbak	123	asbak
bilal	123	bilal
astrologi	123	astrologi
gerogot	123	menggerogoti,menggerogotimu
gembong	123	gembong,gembongnya
perinci	123	terperinci,perincian
dalih	123	dalih,berdalih
sampa	123	sesampainya,sampa,sesampai
mat	122	mat
puak	122	puak
eksternal	122	eksternal
viola	122	viola
mob	122	mob
injeksi	122	injeksi
observatorium	122	observatorium
konstelasi	122	konstelasi
mangkok	122	mangkok
royalti	122	royalti
samba	122	samba
sirna	122	sirna
wagon	122	wagon
geliat	122	menggeliat
residu	122	residu
dentang	122	berdentang,dentang
senar	122	senar,senarnya
karcis	122	karcis,karcisnya
spektrum	121	spektrum
anal	121	anal
ketel	121	ketel
problem	121	problem
senjang	121	kesenjangan
belang	121	belang
kendala	121	kendala
hasan	121	hasan
pangsit	121	pangsit
dahan	121	dahan
kekar	121	kekar
elite	121	elite
insulin	121	insulin
barter	121	barter
epidemi	121	epidemi
sandang	121	penyandang,menyandang
ekang	121	mengekang,pengekangan,pengekang
gusar	120	gusar
ohm	120	ohm
mirai	120	mirai
eksentrik	120	eksentrik
keseleo	120	keseleo
esensi	120	esensi
jaguar	120	jaguar
ida	120	ida
berhala	120	berhala
podium	120	podium
diagram	120	diagram
artistik	120	artistik
tuksedo	120	tuksedo
habitat	120	habitat,habitatnya
kecup	120	kecupan,kecup
prasasti	120	prasasti,prasastinya
jem	120	jem,diterjem
cor	120	cor,pengecoran
bangan	120	beterbangan,berterbangan
respons	120	respons,merespons
faksi	119	faksi
merica	119	merica
kece	119	pengecekan
manjur	119	manjur
ester	119	ester
navigator	119	navigator
usil	119	usil
selendang	119	selendang
kadet	119	kadet
manggung	119	manggung
jelata	119	jelata
karam	119	karam
koyak	119	terkoyak,koyak
apresiasi	119	apresiasi,mengapresiasi
ilham	119	mengilhami,ilham
mendung	118	mendung
supervisor	118	supervisor
akta	118	akta
orde	118	orde
biokimia	118	biokimia
jemaat	118	jemaat
teko	118	teko
karavan	118	karavan
bumerang	118	bumerang
ikhlas	118	ikhlas,mengikhlaskannya
kuas	118	kuas,kekuasan
blaster	118	blaster,blasteran
simpanse	117	simpanse
efisiensi	117	efisiensi
eon	117	eon
koalisi	117	koalisi
anestesi	117	anestesi
lele	117	lele
konfrontasi	117	konfrontasi
paprika	117	paprika
ulung	117	ulung
paradoks	117	paradoks
propinsi	117	propinsi
cuka	117	cuka
replika	117	replika
manset	117	manset
padi	117	padi
lili	117	lili
rotasi	117	rotasi,berotasi
bias	117	bias,kebiasan
sodok	117	menyodok,sodok
olok	117	mengolok,olok,mengolokku,olokan
silam	116	silam
jahan	116	jahan
antusiasme	116	antusiasme
sidi	116	penyidikan
aluminium	116	aluminium
glamor	116	glamor
folder	116	folder
making	116	making
gita	116	gita
pangan	116	pangan
skizofrenia	116	skizofrenia
diameter	116	diameter,diameternya
tamasya	116	tamasya,bertamasya
hujung	116	penghujung,hujung
frase	115	frase
becus	115	becus
ubi	115	ubi
tra	115	petra
jok	115	jok
setapak	115	setapak
birokrat	115	birokrat
merana	115	merana
meong	115	meong
masehi	115	masehi
mucikari	115	mucikari,mucikarinya
deret	115	deretan,deret
mutu	115	bermutu,mutu
kelupas	115	mengelupas,terkelupas
julur	115	julurkan,menjulurkan,menjulur
ampas	115	perampasan,perampas,ampas
jahil	115	jahil,menjahili,kejahilan
tung	114	tung
insomnia	114	insomnia
sembari	114	sembari
superior	114	superior
merger	114	merger
sentral	114	sentral
derak	114	berderak
mahakuasa	114	mahakuasa
tam	114	tam,ditaman
terka	114	menerka,terka,terkaan
kesiap	114	terkesiap,kesiapan
kutil	114	kutil,mengutil
valid	113	valid
buram	113	buram
blus	113	blus
mistik	113	mistik
teka	113	teka
vista	113	vista
cemara	113	cemara
mariyuana	113	mariyuana
seksualitas	113	seksualitas,seksualitasnya
denah	113	denah,denahnya
selat	112	selat
rival	112	rival
kikuk	112	kikuk
dayang	112	dayang
mandor	112	mandor
saldo	112	saldo
pluto	112	pluto
keng	112	keng
rentenir	112	rentenir
gentar	112	gentar
senonoh	112	senonoh
seprai	112	seprai,seprainya
jalar	112	menjalar,jalar
himpun	112	perhimpunan,menghimpun,himpunan
oasis	111	oasis
mikroskop	111	mikroskop
konon	111	konon
abnormal	111	abnormal
gelintir	111	segelintir
mek	111	mekkah
marmer	111	marmer
vakum	111	vakum
sikit	111	sikit
andil	111	andil
kaktus	111	kaktus
ceguk	111	cegukan
fon	111	fon
lisan	111	lisan
enteng	111	enteng
moncong	111	moncong,moncongnya
cecer	111	berceceran,tercecer
rapal	111	merapal,merapalkan
kaji	111	kajian,mengkaji,kaji
kening	111	kening,keningnya,keningku,keningmu
spionase	110	spionase
rurut	110	berurutan
sarkasme	110	sarkasme
kronis	110	kronis
kuadrat	110	kuadrat
antibodi	110	antibodi
domino	110	domino
penyok	110	penyok
tania	110	tania
fobia	110	fobia
lei	110	lei
supernova	110	supernova
globe	110	globe
turbin	110	turbin
bruder	110	bruder
kerucut	110	kerucut
sinkronisasi	110	sinkronisasi
otentik	110	otentik
kultus	110	kultus
bebe	110	bebe
cop	110	cop
periang	110	periang
diskriminasi	110	diskriminasi,mendiskriminasi
eter	110	dieter,eter
vaksinasi	110	vaksinasi,divaksinasi
bengal	110	bengali,bengal
sahib	109	sahib
wahana	109	wahana
temporal	109	temporal
akuntansi	109	akuntansi
kasta	109	kasta
humas	109	humas
transparan	109	transparan
tuah	109	bertuah,tuah
halal	109	halal,menghalalkan
watak	109	watak,berwatak
bendahara	109	bendahara,perbendaharaan
jejal	109	menjejalkan,kujejalkan,jejalkan
narkotik	108	narkotik
feminin	108	feminin
kompak	108	kompak
titah	108	titah
ekstrem	108	ekstrem
larva	108	larva
garang	108	garang
kelontong	108	kelontong
prasejarah	108	prasejarah
mekanika	108	mekanika
akademik	108	akademik
kontraksi	108	kontraksi
tindih	108	tindih,menindih
karut	108	mengarut,karut
kia	107	kia
hanggar	107	hanggar
primata	107	primata
sirkulasi	107	sirkulasi
momentum	107	momentum
rahib	107	rahib
tuai	107	menuai
congkel	107	mencongkel
kontroversi	107	kontroversi
piramid	107	piramid
linggis	107	linggis
informal	107	informal
konfederasi	107	konfederasi
permadani	107	permadani
gosong	107	gosong
enas	107	mengenaskan
logistik	107	logistik
ekspor	107	ekspor,mengekspor
jenayah	107	jenayah,penjenayah
halau	107	menghalau,halau
kubang	107	kubangan,berkubang
jelma	107	menjelma,jelmaan,penjelmaan
burit	106	buritan
map	106	map
atlas	106	atlas
korporasi	106	korporasi
senyap	106	senyap
temperamen	106	temperamen
impulsif	106	impulsif
timbal	106	timbal
kano	106	kano
tanjak	106	menanjak,tanjakan
klarifikasi	106	mengklarifikasi,klarifikasi
gedor	105	menggedor
tebu	105	tebu
rabi	105	rabi
toro	105	toro
pir	105	pir
objektif	105	objektif
waria	105	waria
par	105	par
endap	105	mengendap
bumper	105	bumper
arun	105	arun
opal	105	opal
silikon	105	silikon
giur	105	menggiurkan,tergiur
kha	105	kha,khai,dikha
rasul	104	rasul
pet	104	pet
obsesif	104	obsesif
prosesi	104	prosesi
mekanis	104	mekanis
reserve	104	reserve
rembulan	104	rembulan
silsilah	104	silsilah
neon	104	neon
ananda	104	ananda
nikel	104	nikel
kemoterapi	104	kemoterapi
renda	104	renda,berenda
hayat	104	hayat,hayatnya,hayatku
instalasi	103	instalasi
kerupuk	103	kerupuk
sentimentil	103	sentimentil
jikalau	103	jikalau
antek	103	antek
ngarai	103	ngarai
herpes	103	herpes
terumbu	103	terumbu
kiara	103	kiara
ara	103	ara
sahara	103	sahara
paragraf	103	paragraf
entitas	103	entitas
gading	103	gading
stamina	103	stamina
bengkalai	103	terbengkalai
rimba	103	rimba
ekspres	103	ekspres,berekspresi
tangkai	103	tangkai,setangkai
ganjal	103	mengganjal,ganjalan,ganjal
hikmah	103	hikmahnya,hikmah
semenanjung	102	semenanjung
mahakarya	102	mahakarya
ubin	102	ubin
bodhi	102	bodhi
indeks	102	indeks
waralaba	102	waralaba
plutonium	102	plutonium
suspensi	102	suspensi
joki	102	joki
karamel	102	karamel
kail	102	kail
embus	102	mengembuskan,embusan
jebol	102	menjebol,jebol
isak	102	terisak,isak
saka	102	saka,kusaka
lebam	101	lebam
geometri	101	geometri
melur	101	melur
limpa	101	limpa
medik	101	medik
rentet	101	rentetan
tumbal	101	tumbal
segan	101	segan
insya	101	insya
nitrat	101	nitrat
amit	101	amit
pelopor	101	pelopor
demokratis	101	demokratis
cekat	101	cekatan
registrasi	101	registrasi,registrasinya
terkam	101	menerkam,diterkam
bilas	101	bilas,membilas,pembilasan
elektron	100	elektron
paranoia	100	paranoia
makcik	100	makcik
segmen	100	segmen
kerumit	100	kerumitan
syair	100	syair
kempes	100	kempes
proyektor	100	proyektor
kurator	100	kurator
tabloid	100	tabloid
mandat	100	mandat
mosi	100	mosi
individual	100	individual
metropolitan	100	metropolitan
nia	100	nia
judo	100	judo
defensif	100	defensif
voli	100	voli
pesimis	100	pesimis
pol	100	pol,poli
seringai	100	menyeringai,seringai
jaha	100	jahaan,jaha
relokasi	100	relokasi,merelokasi,direlokasi
luluh	100	luluh,meluluhkan
bentrok	100	bentrokan,bentrok
terawang	100	penerawang,menerawang,penerawangan
protektif	99	protektif
bayam	99	bayam
spons	99	spons
iba	99	iba
manila	99	manila
alfabet	99	alfabet
miniatur	99	miniatur
duda	99	duda
aljabar	99	aljabar
bongkah	99	bongkahan
militan	99	militan
mortir	99	mortir
tenggak	99	menenggak,tenggak
ubat	99	ubat,perubatan
suling	99	suling,penyulingan
kikis	99	mengikis,terkikis
lesbi	98	lesbi
sahir	98	sahir
holi	98	holi
rekat	98	perekat
flora	98	flora
vektor	98	vektor
degup	98	berdegup
pneumonia	98	pneumonia
salak	98	menyalak
alfa	98	alfa
solek	98	pesolek
wisma	98	wisma
tengger	98	bertengger,tengger
aba	98	aba,abaku
inang	98	inang,inangnya
kolektif	97	kolektif
kismis	97	kismis
serdadu	97	serdadu
ion	97	ion
traumatis	97	traumatis
praktik	97	praktik
ginseng	97	ginseng
balau	97	balau
kepel	97	mengepel
abstrak	97	abstrak
puntianak	97	puntianak
spora	97	spora
tegap	97	tegap
valium	97	valium
kuah	97	kuah,kuahnya
tanggulang	97	penanggulangan,menanggulangi
naung	97	naungan,bernaung
timun	97	timun,ketimun
platinum	96	platinum
rai	96	rai
golok	96	golok
probabilitas	96	probabilitas
lesu	96	lesu
sop	96	sop
obelisk	96	obelisk
siau	96	siau
emisi	96	emisi
bora	96	bora
patriotik	96	patriotik
pestisida	96	pestisida
dialek	96	dialek
postur	96	postur
seti	96	seti,kesetian
tekstur	96	tekstur,teksturnya
keong	96	mengeong,keong
dian	96	dian,persedian
senta	96	sentai,sentakan
induksi	96	induksi,menginduksi
gemerlap	96	gemerlap,gemerlapan
rian	96	rian,berpendirian,kurian,riani
krista	95	krista
fundamental	95	fundamental
komoditas	95	komoditas
versus	95	versus
neutron	95	neutron
pulas	95	pulas
pulung	95	pemulung
artifak	95	artifak
grafis	95	grafis
kiper	95	kiper
bintara	95	bintara
sedekah	95	sedekah
minggat	95	minggat
oval	95	oval
nestor	95	nestor
transkrip	95	transkrip
dikte	95	mendikte
bidak	95	bidak
jala	95	jala,jalanya
narasi	95	narasi,bernarasi
sodomi	95	sodomi,menyodomi
leluasa	95	leluasa,keleluasaan
bol	95	bol,bolan
interupsi	95	interupsi,menginterupsi
sintesis	95	sintesis,mensintesis,disintesis
gam	94	gam
etnis	94	etnis
onani	94	onani
kujur	94	sekujur
perih	94	perih
hangar	94	hangar
inovatif	94	inovatif
metana	94	metana
fenomenal	94	fenomenal
bros	94	bros
zodiak	94	zodiak
struktural	94	struktural
skrip	94	skrip,skripnya
hibah	93	hibah
varietas	93	varietas
nandu	93	nandu
buncis	93	buncis
ayan	93	ayan
cuat	93	mencuat
animasi	93	animasi
gah	93	gah
yoghurt	93	yoghurt
raket	93	raket
leonid	93	leonid
relativitas	93	relativitas
saring	93	saringan,disaring
buai	93	terbuai,buaian
tunggak	93	tunggakan,menunggak
lantik	93	pelantikan,dilantik
marine	92	marine
bada	92	bada
diplomasi	92	diplomasi
genesis	92	genesis
wijen	92	wijen
sistematis	92	sistematis
hipotetis	92	hipotetis
gelegar	92	menggelegar
jenuh	92	jenuh
akademis	92	akademis
tempurung	92	tempurung
konfigurasi	92	konfigurasi,mengkonfigurasi
jerumus	92	terjerumus,menjerumuskan
tumpas	92	menumpas,penumpas
integrasi	92	integrasi,terintegrasi,mengintegrasikan
kelar	91	kelar
ganggang	91	ganggang
ringkik	91	meringkik
gul	91	gul
resesi	91	resesi
ideologi	91	ideologi
konten	91	konten
turbulensi	91	turbulensi
ajang	91	ajang
ambar	91	ambar
eks	91	eksis
daulat	91	kedaulatan,berdaulat
kolaborasi	91	kolaborasi,berkolaborasi
patok	91	patokan,mematok,dipatok,patok
pubertas	90	pubertas
interpretasi	90	interpretasi
jungkir	90	jungkir
unggas	90	unggas
watt	90	watt
rajuk	90	merajuk
rabun	90	rabun
kloset	90	kloset
biang	90	biang
karuan	90	karuan
pamflet	90	pamflet
rafe	90	rafe
kerepot	90	kerepotan
sepuh	90	sesepuh
insentif	90	insentif
culun	90	culun
sekira	90	sekiranya
kuadran	90	kuadran
lusuh	90	lusuh
manik	90	manik
tawon	90	tawon
bujur	90	bujur
dim	90	dim,diman
belulang	90	belulang,belulangnya
jaja	90	penjaja,menjajakan
tambat	90	tambatan,menambatkan,tertambat,penambat
abur	89	mengaburkan
saking	89	saking
striptis	89	striptis
tentakel	89	tentakel
tukik	89	menukik
milenium	89	milenium
termal	89	termal
mediterania	89	mediterania
imun	89	imun
kecapi	89	kecapi
khalifah	89	khalifah
grogi	89	grogi
merdu	89	merdu
preview	89	preview
pengap	89	pengap
sedingin	89	sedingin
empedu	89	empedu
taurus	89	taurus
kebab	89	kebab
gemilang	89	gemilang
maharaja	89	maharaja
idealis	89	idealis
masinis	89	masinis,masinisnya
lilit	89	melilit,terlilit
nanah	89	nanah,bernanah
puntung	88	puntung
plato	88	plato
puyuh	88	puyuh
simfoni	88	simfoni
jagat	88	jagat
sodium	88	sodium
laos	88	laos
kasut	88	kasut
termos	88	termos
progresif	88	progresif
elok	88	elok
juragan	88	juragan
luhur	88	luhur
firdaus	88	firdaus
landak	88	landak
prasmanan	88	prasmanan
remi	88	remi
pialang	88	pialang
gesit	88	gesit
karim	88	karim
bomber	88	bomber
nazar	88	nazar,nazari
gentayang	88	gentayangan,bergentayangan
gumul	88	bergumul,pergumulan
wibawa	88	berwibawa,wibawa
silet	87	silet
helah	87	helah
umpama	87	perumpamaan
diagnostik	87	diagnostik
mujarab	87	mujarab
alto	87	alto
antarmuka	87	antarmuka
lancong	87	pelancong
trem	87	trem
mala	87	mala
kubu	87	kubu
urban	87	urban
misionaris	87	misionaris
pekat	87	pekat
engsel	87	engsel,engselnya
hajat	86	hajat
rukun	86	rukun
uri	86	uri
butik	86	butik
gombal	86	gombal
angker	86	angker
persuasif	86	persuasif
prosesor	86	prosesor
tabut	86	tabut
daro	86	daro
mantik	86	pemantik
geming	86	bergeming
narsis	86	narsis
biliar	86	biliar
salto	86	salto
ekosistem	86	ekosistem
negosiator	86	negosiator
kuncup	86	kuncup,kuncupnya
ato	86	ato,kuato
karib	86	karib,karibku
muara	86	muara,bermuara
titit	86	titit,tititku,tititnya
jambu	85	jambu
penetrasi	85	penetrasi
miligram	85	miligram
mubarak	85	mubarak
suplemen	85	suplemen
koreografi	85	koreografi
musafir	85	musafir
kalkulator	85	kalkulator
starter	85	starter
mejam	85	memejamkan
sosialis	85	sosialis
mole	85	mole
psikiatri	85	psikiatri
padma	85	padma
verbal	85	verbal
setebal	85	setebal
feromon	85	feromon
panggul	85	panggul,memanggul
lahar	85	lahar,lahari
sunat	85	disunat,sunat
finis	85	finis,feminis
caci	85	mencaci,caci,cacian
cercah	84	secercah
ekspansi	84	ekspansi
senantiasa	84	senantiasa
bercak	84	bercak
kontemporer	84	kontemporer
mentimun	84	mentimun
fotokopi	84	fotokopi
wajan	84	wajan
ultraviolet	84	ultraviolet
sipu	84	tersipu
razia	84	razia
anarkis	84	anarkis
koordinator	84	koordinator
inflasi	84	inflasi
cas	84	cas
patologi	84	patologi
fosfor	84	fosfor
romansa	84	romansa
korset	84	korset
proporsi	84	proporsi
seismik	84	seismik
panting	84	panting
gulita	84	gulita
sunting	84	penyunting,disunting
untai	84	untaian,untai
kukus	84	kukus,dikukus
jampi	83	jampi
akurasi	83	akurasi
dina	83	dina
kolonial	83	kolonial
pora	83	pora
mandar	83	mandar
sori	83	sori
rosario	83	rosario
reparasi	83	reparasi
medium	83	medium
melati	83	melati
itikad	83	itikad
matematis	83	matematis
piagam	83	piagam
saputangan	83	saputangan
harpa	83	harpa
testing	83	testing
kondektur	83	kondektur,kondekturnya
uban	83	beruban,uban
kelakar	83	kelakar,berkelakar
lauk	83	lauk,laukan
nalar	83	penalaran,nalar
kais	83	kaisi,mengais
distributor	82	distributor
brokoli	82	brokoli
trio	82	trio
retina	82	retina
matriks	82	matriks
trans	82	trans
siri	82	siri
gender	82	gender
ultimatum	82	ultimatum
carik	82	secarik
striker	82	striker
momok	82	momok
laguna	82	laguna
buket	82	buket
ragam	82	keragaman,ragam
alu	82	alu,teralu
kuras	82	terkuras,kuras
joget	82	joget,berjoget
longo	82	melongo,longo
gerilya	81	gerilya
porselen	81	porselen
intensitas	81	intensitas
kanguru	81	kanguru
senggang	81	senggang
bobrok	81	bobrok
satwa	81	satwa
goni	81	goni
safari	81	safari
arsenal	81	arsenal
jajak	81	jajak
paut	81	pautnya,terpaut
sekat	81	sekat,tersekat,menyekat
lis	81	lisi,lis
tampon	80	tampon
lumen	80	lumen
ulama	80	ulama
nara	80	nara
tumbu	80	tumbukan
genta	80	genta
kabaret	80	kabaret
sengketa	80	sengketa
bacot	80	bacot
radiator	80	radiator
sigma	80	sigma
promotor	80	promotor
sulfur	80	sulfur
depot	80	depot
mandul	80	mandul
genap	80	genap
kreativitas	80	kreativitas
terpana	80	terpana
gap	80	gap
dos	80	dos
aktual	80	aktual
kian	80	kian
bipolar	80	bipolar
substansi	80	substansi
kapitalis	80	kapitalis
gugah	80	menggugah,tergugah
kecam	80	mengecam,kecaman
dengki	80	dengki,kedengkian
ketuban	80	ketubanku,ketuban,ketubannya
eksperimental	79	eksperimental
magnesium	79	magnesium
mori	79	mori
leku	79	lekukan
kom	79	kom
parsial	79	parsial
metabolisme	79	metabolisme
maskulin	79	maskulin
inca	79	inca
demonstran	79	demonstran
kataka	79	mengatakanya
albino	79	albino
baton	79	baton
bidan	79	bidan
lapak	79	lapak
labil	79	labil
visioner	79	visioner
mol	79	mol
fraksi	79	fraksi
bebal	79	bebal
telekinesis	79	telekinesis
belantara	79	belantara
valentin	79	valentin
mimisan	79	mimisan
kooperatif	79	kooperatif
portabel	79	portabel
gerincing	79	gemerincing
keruh	79	keruh,memperkeruh
rintis	79	perintis,merintis
bayonet	78	bayonet
biografi	78	biografi
sembelit	78	sembelit
condong	78	condong
migrain	78	migrain
lini	78	lini
najis	78	najis
gorden	78	gorden
neuron	78	neuron
serak	78	serak
kalsium	78	kalsium
jerih	78	jerih
katalis	78	katalis
sampo	78	sampo
kimono	78	kimono
patogen	78	patogen
kelereng	78	kelereng
stimulasi	78	stimulasi,menstimulasi
resonansi	78	resonansi,beresonansi
dongkrak	78	mendongkrak,dongkrak
semat	78	menyematkan,sematkan,disematkan
notaris	77	notaris
restorasi	77	restorasi
lanskap	77	lanskap
samara	77	samara
puritan	77	puritan
pakcik	77	pakcik
panca	77	panca
patil	77	patil
rajalela	77	merajalela
atribut	77	atribut
julang	77	menjulang
afirmatif	77	afirmatif
joging	77	joging
konsol	77	konsol
muncrat	77	muncrat
neptunus	77	neptunus
sau	77	sau
puma	77	puma
cuek	77	cuek
tipikal	77	tipikal
alun	77	alunan,mengalun
cekcok	77	cekcok,percekcokan
tabuh	77	ditabuh,tabuh,penabuh
bengis	76	bengis
kapitalisme	76	kapitalisme
sanak	76	sanak
administrator	76	administrator
junjung	76	menjunjung
person	76	person
mentas	76	pementasan
perum	76	perum
ilustrasi	76	ilustrasi
isa	76	isa
apotik	76	apotik
gadungan	76	gadungan
kafetaria	76	kafetaria
niaga	76	perniagaan,niaga
giri	75	giri
pok	75	pok
obyektif	75	obyektif
eksistensi	75	eksistensi
assalamualaikum	75	assalamualaikum
spanduk	75	spanduk
ambruk	75	ambruk
leukemia	75	leukemia
motorik	75	motorik
amonia	75	amonia
interkom	75	interkom
jentik	75	menjentikkan
hieroglif	75	hieroglif
kaldu	75	kaldu
implikasi	75	implikasi
kelap	75	mengelap
parkinson	75	parkinson
mambo	75	mambo
abjad	75	abjad
rol	75	rol
iur	75	iuran
ulet	75	ulet,keuletan
arif	75	arif,kearifan
bombardir	75	membombardir,dibombardir,bombardir
jemari	75	jemari,jemarimu,jemariku
rekrutmen	74	rekrutmen
pental	74	terpental
garansi	74	garansi
bengong	74	bengong
knalpot	74	knalpot
tsar	74	tsar
mono	74	mono
performa	74	performa
grosir	74	grosir
protestan	74	protestan
ajudan	74	ajudan
optimal	74	optimal
dolan	74	dolan
angsur	74	angsuran,berangsur
resap	74	meresap,diresapi
tugu	74	tugu,telugu
mik	74	mik,miki
matador	73	matador
kembung	73	kembung
patriotisme	73	patriotisme
paroki	73	paroki
trofi	73	trofi
legislatif	73	legislatif
montok	73	montok
hilir	73	hilir
none	73	none
taekwondo	73	taekwondo
pahala	73	pahala
keman	73	kemanan
biner	73	biner
terpal	73	terpal
lansia	73	lansia
dendeng	73	dendeng
mutakhir	73	mutakhir
garing	73	garing
kahin	73	kahin
amis	73	amis
kemih	73	kemih
busi	73	busi,businya
disertasi	73	disertasi,disertasiku
kudis	73	kudis,kudisan
kuntum	73	sekuntum,kuntum
parang	72	parang
centang	72	centang
respek	72	respek
bebuyutan	72	bebuyutan
kusam	72	kusam
gelinding	72	menggelinding
bodi	72	bodi
pei	72	pei
blender	72	blender
spiritus	72	spiritus
bungker	72	bungker
poo	72	poo
buletin	72	buletin
bisul	72	bisul
telekomunikasi	72	telekomunikasi
simpatik	72	simpatik
melarat	72	melarat,kemelaratan
dentum	72	dentuman,berdentum
antre	72	antrean,antre
kepul	72	mengepul,kepulan
jurnalisme	71	jurnalisme
komedian	71	komedian
pipit	71	pipit
bingkis	71	bingkisan
relaks	71	relaks
boks	71	boks
kijang	71	kijang
hampar	71	hamparan
panekuk	71	panekuk
mag	71	mag
kafilah	71	kafilah
gala	71	gala
martil	71	martil
kaviar	71	kaviar
seling	71	selingan
sensual	71	sensual
serendah	71	serendah
jenaka	71	jenaka,kejenakaan
gesa	71	tergesa,gesa
pucuk	71	sepucuk,pucuk
alokasi	71	alokasi,dialokasikan,mengalokasikan
belit	71	terbelit,membelit,berbelit
amfibi	70	amfibi
pulsar	70	pulsar
indikator	70	indikator
botani	70	botani
komentator	70	komentator
desertir	70	desertir
prematur	70	prematur
suki	70	suki
limusin	70	limusin
kuliner	70	kuliner
kromosom	70	kromosom
syahid	70	syahid
kubik	70	kubik
kili	70	kili
pampang	70	terpampang
kecamuk	70	berkecamuk
selaput	70	selaput,berselaput
liku	70	berliku,liku
jiplak	70	menjiplak,jiplakan
poles	70	dipoles,polesan
tubruk	70	tubrukan,bertubrukan
tika	70	tika,bertikai
khidmat	70	khidmat,berkhidmat,perkhidmatan
teki	69	teki
deodoran	69	deodoran
anarki	69	anarki
tiran	69	tiran
capung	69	capung
ransum	69	ransum
tis	69	tis
bulbul	69	bulbul
ngeres	69	ngeres
kesasar	69	kesasar
jingga	69	jingga
sportif	69	sportif
tikai	69	pertikaian
buk	69	buk
kusta	69	kusta
dinar	69	dinar
piston	69	piston
komodor	69	komodor
rembes	69	merembes,rembesan
sisik	69	sisik,bersisik
troli	68	troli
remah	68	remah
kudap	68	kudapan
encang	68	mengencangkan
katun	68	katun
pascasarjana	68	pascasarjana
sentimeter	68	sentimeter
pair	68	pair
imitasi	68	imitasi
akrobat	68	akrobat
helai	68	helai
karisma	68	karisma
peniti	68	peniti
aspirasi	68	aspirasi
monogami	68	monogami
cicil	68	cicilan
banggan	68	kebanggan
kuli	68	kuli
minim	68	minim
babon	68	babon
tuba	68	tuba
optimisme	68	optimisme
karas	68	karas
apoteker	68	apoteker
pegal	68	pegal,sepegal
kor	68	dikoran,kor
vak	68	vak,severak
irigasi	67	irigasi
paviliun	67	paviliun
apu	67	apu
gerah	67	gerah
bana	67	bana
moles	67	memoles
makaroni	67	makaroni
urine	67	urine
simpatisan	67	simpatisan
birah	67	birahi
relasi	67	relasi
analog	67	analog
atraktif	67	atraktif
tanker	67	tanker
balerina	67	balerina
palem	67	palem
multinasional	67	multinasional
kurikulum	67	kurikulum
dekam	67	mendekam
genetis	67	genetis
kristiani	67	kristiani
ibunda	67	ibunda
register	67	register
semifinal	67	semifinal
tadah	67	penadah,tadah
rona	67	rona,merona
visualisasi	67	visualisasi,memvisualisasikan
ledek	67	meledekku,meledek
cekung	67	cekung,cekungan
hipotermia	66	hipotermia
tegun	66	tertegun
kliping	66	kliping
soto	66	soto
kelp	66	kelp
ibnu	66	ibnu
mapan	66	mapan
toleran	66	toleran
phi	66	phi
rudi	66	rudi
delima	66	delima
korteks	66	korteks
kontradiksi	66	kontradiksi
horoskop	66	horoskop
nasionalis	66	nasionalis
buih	66	buih
genre	66	genre
palai	66	mengepalai
fail	66	fail
instrumental	66	instrumental
rambu	66	rambu
format	66	format
gundul	66	gundul
kanibalisme	66	kanibalisme
kencana	66	kencana
fondasi	66	fondasi
jilid	66	jilid
kolera	66	kolera
inisiasi	66	inisiasi
fluktuasi	66	fluktuasi,berfluktuasi
lawat	66	melawati,melawat,lawatan
hap	65	hap
riil	65	riil
surup	65	kesurupan
retret	65	retret
sigung	65	sigung
utopia	65	utopia
gedebuk	65	gedebuk
afiliasi	65	afiliasi
tutor	65	tutor
kasual	65	kasual
pekarang	65	pekarangan
lipur	65	pelipur
askar	65	askar
risi	65	berisikan
fungsional	65	fungsional
analogi	65	analogi
spasi	65	spasi
celemek	65	celemek
revolver	65	revolver
sulut	65	menyulut
kelingking	65	kelingking
rogoh	65	merogoh
sipit	65	sipit,menyipitkan
mobilisasi	65	memobilisasi,mobilisasi
cangkul	65	cangkul,mencangkul
boikot	65	boikot,memboikot
garnisun	64	garnisun
embrio	64	embrio
fatamorgana	64	fatamorgana
sanitasi	64	sanitasi
premium	64	premium
karburator	64	karburator
retoris	64	retoris
sami	64	sami
mujur	64	mujur
robotika	64	robotika
itik	64	itik
mania	64	mania
linglung	64	linglung
modis	64	modis
dusun	64	dusun
alim	64	alim
antimateri	64	antimateri
resik	64	resik
khatulistiwa	64	khatulistiwa
kuak	64	terkuak
kerongkongan	64	kerongkongan,kerongkongannya
solidaritas	63	solidaritas
mormon	63	mormon
sampan	63	sampan
matras	63	matras
buset	63	buset
balada	63	balada
kompleksitas	63	kompleksitas
seprei	63	seprei
belukar	63	belukar
taut	63	tautan
ozon	63	ozon
fiktif	63	fiktif
ketan	63	ketan
bek	63	bek
zamrud	63	zamrud
baret	63	baret
lumut	63	lumut
dinamika	63	dinamika
sono	63	sono
primer	63	primer
kikir	63	kikir
geleng	63	menggelengkan,menggeleng
jambret	63	penjambret,penjambretan
kurun	62	kurun
krayon	62	krayon
baki	62	baki
koperasi	62	koperasi
komposer	62	komposer
genosida	62	genosida
setup	62	setup
solar	62	solar
domain	62	domain
relik	62	relik
obesitas	62	obesitas
imajiner	62	imajiner
elastis	62	elastis
nomad	62	nomad
brendi	62	brendi
genom	62	genom
swalayan	62	swalayan
enigma	62	enigma
jangkung	62	jangkung
japan	62	japan
kolesterol	62	kolesterol
legit	62	legit
tektonik	62	tektonik
substansial	62	substansial
instansi	62	instansi
cakram	62	cakram
selektif	62	selektif
komunisme	62	komunisme
kumba	62	kumba
laman	62	laman
mahmud	62	mahmud
kemarau	62	kemarau
coreng	62	mencoreng,tercoreng
disket	62	disket,disketnya
ayu	62	perayu,ayu
setor	62	setoran,menyetor
simbah	61	bersimbah
separatis	61	separatis
pianis	61	pianis
enjin	61	enjin
yoyo	61	yoyo
kaligrafi	61	kaligrafi
reli	61	reli
rempah	61	rempah
editorial	61	editorial
ponton	61	ponton
lok	61	lok
bijih	61	bijih
proyektil	61	proyektil
pankreas	61	pankreas
absurd	61	absurd
astra	61	astra
cungkil	61	mencungkil
koh	61	koh
purwarupa	61	purwarupa
pala	61	pala
penatua	61	penatua
lokomotif	61	lokomotif
kumat	61	kumat
silo	61	silo
posesif	61	posesif
racau	61	meracau
degan	61	degan
pentol	61	pentolan
gum	61	gum
mbah	61	mbah
grafit	61	grafiti
apit	61	mengapit,diapit
jajan	61	jajan,jajanan
rangkap	61	rangkap,merangkap
krem	60	krem
kartunis	60	kartunis
kapar	60	terkapar
gluten	60	gluten
kacung	60	kacung
kesima	60	terkesima
linen	60	linen
zirah	60	zirah
kognitif	60	kognitif
bajaj	60	bajaj
privatisasi	60	privatisasi
doi	60	doi
lonte	60	lonte
kalem	60	kalem
parabola	60	parabola
oyak	60	mengoyak
guam	60	guam
hipnosis	60	hipnosis
magma	60	magma
tetanus	60	tetanus
bun	60	bun
penisilin	60	penisilin
konter	60	konter
pariwisata	60	pariwisata
bongo	60	bongo
syarikat	60	syarikat
karton	60	karton
kuantitas	60	kuantitas
liver	60	liver
interval	60	interval
margin	60	margin
frontal	60	frontal
lenggang	60	melenggang
bohlam	60	bohlam
kebelet	60	kebelet
syekh	60	syekh
kentara	60	kentara
kenyal	60	kenyal
senggol	60	menyenggol,bersenggolan
kepang	60	mengepang,kepang
rebah	60	rebahkan,rebahan,merebahkan
filosofis	59	filosofis
testosteron	59	testosteron
pelosok	59	pelosok
vena	59	vena
membran	59	membran
lik	59	lik
gesper	59	gesper
beludru	59	beludru
haid	59	haid
sontek	59	menyontek
gusi	59	gusi
seluar	59	seluar
kalium	59	kalium
kapok	59	kapok
bagan	59	bagan
historis	59	historis
geografis	59	geografis
poligraf	59	poligraf
keci	59	kecii
seng	59	seng
cebur	59	tercebur,mencebur
nektar	58	nektar
menopause	58	menopause
hasta	58	hasta
pepes	58	pepes
pepe	58	pepe
sebarang	58	sebarang
loak	58	loak
rasulullah	58	rasulullah
halilintar	58	halilintar
dongak	58	mendongak
bordir	58	bordir
premi	58	premi
ros	58	ros
inkubator	58	inkubator
energik	58	energik
vokalis	58	vokalis
asparagus	58	asparagus
kad	58	kad
rangking	58	rangking
masam	58	masam
patuk	58	mematuk
tahniah	58	tahniah
tiara	58	tiara
aster	58	aster
dekil	58	dekil
antropologi	58	antropologi
penat	58	penat
peking	58	peking
akustik	58	akustik
kokang	58	kokang,mengokang
sisip	58	menyisipkan,penyisipan
pangkas	58	pangkas,dipangkas
racik	58	meracik,racikan
capit	58	capitan,capit
simbolis	57	simbolis
simetris	57	simetris
lesung	57	lesung
proposisi	57	proposisi
reseptor	57	reseptor
tabu	57	tabu
prostat	57	prostat
seman	57	semanis
oren	57	oren
molekuler	57	molekuler
nonstop	57	nonstop
kolosal	57	kolosal
tres	57	tres
personalia	57	personalia
kakus	57	kakus
insang	57	insang
bemper	57	bemper
saki	57	saki
novelis	57	novelis
gerda	57	gerda
pinta	57	pinta
ekstensi	57	ekstensi
doktrin	57	doktrin
konspirator	57	konspirator
comel	57	comel
keramas	57	keramas
sungkur	57	tersungkur
retro	57	retro
lemur	57	lemur
gelut	57	bergelut
ikrar	57	ikrar,berikrar
degradasi	57	degradasi,terdegradasi
kongsi	57	kongsi,berkongsi
mintal	57	memintal,pemintal
riuh	57	riuh,keriuhan
nominal	56	nominal
ragi	56	ragi
fahrenheit	56	fahrenheit
berangan	56	berseberangan
kusir	56	kusir
mikroskopis	56	mikroskopis
guyon	56	guyonan
sagar	56	sagar
intisari	56	intisari
gitaris	56	gitaris
taurat	56	taurat
bain	56	bain
intro	56	intro
figuran	56	figuran
ateis	56	ateis
khalayak	56	khalayak
kosakata	56	kosakata
cahari	56	pencaharian
manufaktur	56	manufaktur
sarat	56	sarat
bawel	56	bawel
nahkoda	56	nahkoda
harmonika	56	harmonika
advokat	56	advokat
vanili	56	vanili
murtad	56	murtad
tungu	56	tungu,menungu
zina	56	berzina,pezina
kedut	56	berkedut,kedutan
sadik	56	sadik,sadiki
vandal	55	vandal
bening	55	bening
propulsi	55	propulsi
pause	55	pause
pertiwi	55	pertiwi
polimer	55	polimer
pepaya	55	pepaya
donatur	55	donatur
spion	55	spion
petaka	55	petaka
komisioner	55	komisioner
puber	55	puber
singkap	55	menyingkap
rental	55	rental
oriental	55	oriental
periodik	55	periodik
lat	55	menyelematkan
singsing	55	menyingsing
talu	55	telalu
rais	55	rais
lepuh	55	melepuh
anju	55	anju
kadam	55	kadam
alhamdulillah	55	alhamdulillah
kibas	55	mengibaskan,kibaskan
nyanyang	55	menyanyangimu,menyanyangi
kahan	55	kahan,kahani
ensiklopedia	54	ensiklopedia
regulator	54	regulator
anil	54	anil
pergola	54	pergolakan
kuota	54	kuota
ani	54	ani
tangkar	54	penangkaran
plakat	54	plakat
wayang	54	wayang
nipis	54	nipis
natrium	54	natrium
pakta	54	pakta
ikal	54	ikal
sambal	54	sambal
kotek	54	berkotek
inventaris	54	inventaris
tripod	54	tripod
sayu	54	sayu
hepatitis	54	hepatitis
akademisi	54	akademisi
trigonometri	54	trigonometri
kokok	54	berkokok
laun	54	laun
lego	54	lego
inkubasi	54	inkubasi
hunus	54	menghunus
reba	54	reba
peribahasa	54	peribahasa
beni	54	beni
tongkang	54	tongkang
renggang	54	renggang,merenggangkan
adipati	53	adipati
mesa	53	mesa
tribune	53	tribune
jib	53	jib
banzai	53	banzai
kisi	53	kisi
sabat	53	sabat
pramusaji	53	pramusaji
grasi	53	grasi
neurologis	53	neurologis
fitri	53	fitri
randa	53	randa
kasmaran	53	kasmaran
keset	53	keset
irasional	53	irasional
biseksual	53	biseksual
sugesti	53	sugesti
pudel	53	pudel
obral	53	obral
pujangga	53	pujangga
hus	53	hus
kombat	53	kombat
kasa	53	kasa
anemia	53	anemia
plug	53	plug
horizontal	53	horizontal
kumpar	53	kumparan
basil	53	basil
napalm	53	napalm
jamah	53	terjamah,menjamah
encer	53	encer,diencerkan
derap	53	derap,berderap
sikut	53	sikut,menyikut
mazmur	52	mazmur
ekstremis	52	ekstremis
ansari	52	ansari
zion	52	zion
kandas	52	kandas
sinopsis	52	sinopsis
spageti	52	spageti
spidol	52	spidol
cuil	52	secuil
aksesori	52	aksesori
lantur	52	melantur
nikotin	52	nikotin
ofensif	52	ofensif
sakramen	52	sakramen
laktosa	52	laktosa
portofolio	52	portofolio
protagonis	52	protagonis
rida	52	merida
heteroseksual	52	heteroseksual
kalkulus	52	kalkulus
rebak	52	merebak
maru	52	maru
mute	52	minute
tetamu	52	tetamu
tumben	52	tumben
psikosis	52	psikosis
rica	52	rica
melankolis	52	melankolis
representasi	52	representasi
mayones	52	mayones
intrik	52	intrik
piza	52	piza
mahar	52	mahar
mentalitas	52	mentalitas
mur	52	mur
onggok	52	seonggok
absolut	52	absolut
cangkok	52	cangkok,pencangkokan
landau	51	landau
luntur	51	luntur
kriminalitas	51	kriminalitas
satin	51	satin
koruptor	51	koruptor
reka	51	reka
corong	51	corong
polio	51	polio
ortodoks	51	ortodoks
obar	51	mengobarkan
kerlip	51	kerlip
debit	51	debit
flamingo	51	flamingo
propana	51	propana
melodrama	51	melodrama
orbital	51	orbital
pentung	51	pentungan
serambi	51	serambi
buncit	51	buncit
meteorologi	51	meteorologi
sauh	51	sauh
jurnalistik	51	jurnalistik
murai	51	murai
gama	51	gama
tonggak	51	tonggak
ordo	51	ordo
ambigu	51	ambigu
kasam	51	kasam
imbas	51	imbasnya,berimbas
aneka	51	beraneka,aneka
ciut	51	menciut,ciut
suguh	51	menyuguhkan,suguhan
ponakan	51	ponakanku,ponakan
taksir	51	menaksir,taksir
dukacita	51	dukacita,berdukacita
bumbung	51	bumbung,membumbung
bunglon	50	bunglon
preferensi	50	preferensi
realisasi	50	realisasi
antropolog	50	antropolog
magenta	50	magenta
korespondensi	50	korespondensi
manta	50	manta
direktorat	50	direktorat
kelabang	50	kelabang
gardu	50	gardu
lumrah	50	lumrah
sensus	50	sensus
steker	50	steker
limit	50	limit
perdata	50	perdata
dera	50	mendera
kaul	50	kaul
utilitas	50	utilitas
uber	50	uber
fiat	50	fiat
submarine	50	submarine
zeta	50	zeta
amor	50	amor
glukosa	50	glukosa
berang	50	berang
telemetri	50	telemetri
ruh	50	ruh
garap	50	menggarap,garap
rangkum	50	merangkum,rangkuman
hakikat	50	hakikat,hakikatnya
sarkofagus	49	sarkofagus
engkol	49	engkol
koala	49	koala
sawi	49	sawi
kornea	49	kornea
cekam	49	mencekam
violin	49	violin
latif	49	latif
rambat	49	merambat
ompong	49	ompong
emansipasi	49	emansipasi
pari	49	pari
comblang	49	comblang
lindas	49	melindas
saudagar	49	saudagar
ogah	49	ogah
pawang	49	pawang
detasemen	49	detasemen
saga	49	saga
soliter	49	soliter
baduk	49	baduk
renai	49	renai
wasir	49	wasir
braille	49	braille
habibullah	49	habibullah
bundel	49	bundel
kelasi	49	kelasi
endal	49	pengendalinya
gob	49	gobi
kukuruyuk	49	kukuruyuk
brahmana	49	brahmana
elektro	49	elektro
elips	49	elips
jemu	49	menjemukan
kesemek	49	kesemek
jasmani	49	jasmani
antikristus	49	antikristus
rompak	49	rompakan,merompak
resin	49	resin,beresin
binar	49	berbinar,binar
sate	48	sate
kutat	48	berkutat
tunggul	48	tunggul
jibun	48	jibun
astrofisika	48	astrofisika
corak	48	corak
karismatik	48	karismatik
cagar	48	cagar
ornamen	48	ornamen
suntuk	48	suntuk
pelet	48	pelet
numerik	48	numerik
kafan	48	kafan
geiger	48	geiger
cahar	48	pencahar
cili	48	cili
melulu	48	melulu
nganga	48	menganga
tekstil	48	tekstil
sungkawa	48	sungkawa
barber	48	barber
jelaga	48	jelaga
akil	48	akilan
tulen	48	tulen
taplak	48	taplak
pabean	48	pabean
gersang	48	gersang
tapal	48	tapal
sale	48	sale
tutu	48	tutu
desing	48	mendesing
eksplisit	48	eksplisit
datuk	48	datuk
rong	48	rong
regulasi	48	regulasi
sangar	48	sangar
virgo	48	virgo
katrol	48	katrol
sonik	48	sonik
pamungkas	48	pamungkas
simetri	48	simetri
malt	48	malt
zai	48	zai
gundik	48	gundik,gundiknya
pijar	48	pijar,berpijar
lakon	48	lakon,berlakon
genderang	47	genderang
laskar	47	laskar
nitrogliserin	47	nitrogliserin
kapital	47	kapital
potasium	47	potasium
moron	47	moron
uak	47	menguak
koda	47	koda
jamak	47	jamak
polaris	47	polaris
inkarnasi	47	inkarnasi
sato	47	sato
alga	47	alga
sogo	47	sogokan
wisnu	47	wisnu
madras	47	madras
pegas	47	pegas
jadah	47	jadah
trap	47	trap
cema	47	cinema
teritorial	47	teritorial
interaktif	47	interaktif
browser	47	browser
tabuhan	47	tabuhan
disorientasi	47	disorientasi
jamil	47	jamil
lilah	47	lilah
mimbar	47	mimbar
tumis	47	tumis
terong	47	terong
tandon	47	tandon
kelepek	47	kelepek
merkurius	47	merkurius
tinja	47	tinja
senarai	47	senarai
sertifikasi	47	sertifikasi
toksikologi	47	toksikologi
kerap	47	kerap
dahaga	47	dahaga
jenjang	47	jenjang
rasial	47	rasial
kutik	47	berkutik
yos	47	yosi
waduk	47	waduk
jamban	47	jamban
estetika	47	estetika
hertz	47	hertz
mimik	47	mimik
gari	47	digemari,menggemari
hayati	47	menghayati,hayati
quran	46	quran
sangon	46	pesangon
tingkap	46	tingkap
isotop	46	isotop
relaksasi	46	relaksasi
atase	46	atase
becak	46	becak
gelegak	46	menggelegak
herbivora	46	herbivora
simulator	46	simulator
puki	46	puki
alik	46	alik
manipulatif	46	manipulatif
bupati	46	bupati
sotong	46	sotong
kamikaze	46	kamikaze
eksterior	46	eksterior
marlin	46	marlin
kimiawi	46	kimiawi
ketumbar	46	ketumbar
kreasi	46	kreasi
makmal	46	makmal
abrakadabra	46	abrakadabra
tongkol	46	tongkol
toserba	46	toserba
camping	46	camping
gebrak	46	gebrakan
perkusi	46	perkusi
koreografer	46	koreografer
brigadir	46	brigadir
sorban	46	sorban
faktur	46	faktur
ladi	46	ladi
sweter	46	sweter
borjuis	46	borjuis
parut	45	parut
kuarsa	45	kuarsa
blong	45	blong
ceplos	45	keceplosan
transparansi	45	transparansi
mebel	45	mebel
ekuitas	45	ekuitas
piket	45	piket
cabo	45	cabo
konsesi	45	konsesi
bioteknologi	45	bioteknologi
alkali	45	alkali
amnesti	45	amnesti
desus	45	desus
koresponden	45	koresponden
disorder	45	disorder
jera	45	jera
fermentasi	45	fermentasi
gadang	45	bergadang
jeram	45	jeram
selaku	45	selaku
segara	45	segara
rad	45	rad
tanggul	45	tanggul
histeria	45	histeria
radiologi	45	radiologi
kompetitor	45	kompetitor
kapasitor	45	kapasitor
raup	45	meraup
serentak	45	serentak
depak	45	didepak,mendepak
ritel	44	ritel
kukuk	44	kukuk
klitoris	44	klitoris
krom	44	krom
katil	44	katil
metrik	44	metrik
asu	44	asu
kaver	44	kaveri
profit	44	profit
taraf	44	taraf
rombak	44	merombak
pranikah	44	pranikah
megaton	44	megaton
telunjuk	44	telunjuk
geometris	44	geometris
kuali	44	kuali
gabus	44	gabus
kliring	44	kliring
samun	44	penyamun
keram	44	keram
foton	44	foton
sasak	44	sasaki
safir	44	safir
presto	44	presto
aerosol	44	aerosol
dasbor	44	dasbor
kosmis	44	kosmis
vandalisme	44	vandalisme
bolak	44	bolak
azab	44	azab
halusinogen	44	halusinogen
haring	44	haring
legitimasi	44	legitimasi
punuk	44	punuk
lorot	44	melorot
judes	44	judes
juling	44	juling
serempet	44	menyerempet
seledri	44	seledri
klorin	44	klorin
lokakarya	44	lokakarya
mim	44	mim
solok	44	menyolok
libra	44	libra
tandas	44	tandas
derik	44	derik
iritasi	44	iritasi
urap	44	diurapi,mengurapi
ceki	44	pencekikan,cekikan
anja	43	anja
gurih	43	gurih
stoples	43	stoples
manuskrip	43	manuskrip
lenguh	43	melenguh
periuk	43	periuk
kolaborator	43	kolaborator
astral	43	astral
buldoser	43	buldoser
mare	43	mare
seraya	43	seraya
kontrasepsi	43	kontrasepsi
maritim	43	maritim
ekologi	43	ekologi
seminari	43	seminari
administratif	43	administratif
jambat	43	jambatan
antero	43	seantero
selesa	43	selesa
perosok	43	terperosok
congkak	43	congkak
uranus	43	uranus
ketegar	43	ketegaran
berondong	43	berondong
bentangkan	43	bentangkan
fiber	43	fiber
khitan	43	khitan
akumulasi	43	akumulasi
keruk	43	mengeruk
diplomatis	43	diplomatis
kecimpung	43	berkecimpung
bakpao	43	bakpao
pale	43	pale
seduh	43	menyeduh,diseduh
kere	43	kere,kerekan
laknat	43	laknat,kelaknatan
kolusi	43	berkolusi,kolusi
atus	43	peratus,beratus
pragmatis	42	pragmatis
gentong	42	gentong
nautilus	42	nautilus
toksin	42	toksin
seta	42	setalah
kama	42	kama
badui	42	badui
gani	42	gani
sodor	42	menyodorkan
yasmin	42	yasmin
testikel	42	testikel
erosi	42	erosi
durhaka	42	durhaka
gambir	42	gambir
seluk	42	seluk
klausul	42	klausul
riding	42	riding
pigmen	42	pigmen
definitif	42	definitif
pati	42	pati
rafi	42	rafi
gero	42	gero
koa	42	koa
largo	42	largo
otomotif	42	otomotif
eksodus	42	eksodus
sirih	42	sirih
desimal	42	desimal
intuitif	42	intuitif
baji	42	baji
kontan	42	kontan
sampang	42	sampangi
tengadah	42	menengadah
sendal	42	sendal
dekorator	42	dekorator
pastel	42	pastel
nirwana	42	nirwana
konstitusional	42	konstitusional
estimasi	42	estimasi
rasisme	42	rasisme
dekap	42	dekapan,mendekap
jepret	42	jepret,jepretan
konsolidasi	42	konsolidasi,mengkonsolidasikan
vibrator	41	vibrator
pres	41	pres
sensitivitas	41	sensitivitas
residen	41	residen
moka	41	moka
tanjung	41	tanjung
kompres	41	kompres
manifestasi	41	manifestasi
sif	41	sif
varian	41	varian
cip	41	cip
relief	41	relief
semayam	41	bersemayam
resital	41	resital
petunia	41	petunia
sinetron	41	sinetron
muslimin	41	muslimin
coli	41	coli
luli	41	luli
destroyer	41	destroyer
sulam	41	menyulam
tembikar	41	tembikar
intelek	41	intelek
pure	41	pure
rolet	41	rolet
idealisme	41	idealisme
biopsi	41	biopsi
suda	41	suda
khilaf	41	khilaf
pantomim	41	pantomim
lali	41	lali
konsorsium	41	konsorsium
hiruk	41	hiruk
gerimis	41	gerimis
butang	41	butang
bahadur	41	bahadur
bazoka	41	bazoka
dubur	41	dubur
sanatorium	41	sanatorium
balian	41	balian
diploma	41	diploma
bui	41	bui,buian
jidat	41	jidatmu,jidat
temperamental	40	temperamental
sifilis	40	sifilis
pingit	40	piningit
tahbis	40	ditahbiskan
supremasi	40	supremasi
nun	40	nun
familier	40	familier
gerigi	40	bergerigi
responsif	40	responsif
etiket	40	etiket
tremor	40	tremor
pijit	40	pijit
masala	40	masala
joli	40	sejoli
semanggi	40	semanggi
sayid	40	sayid
contek	40	mencontek
anjlok	40	anjlok
boku	40	boku
patik	40	patik
panco	40	panco
disfungsi	40	disfungsi
kelici	40	kelicikan
segani	40	disegani
pancung	40	dipancung,pancung
aji	40	pengajian,aji
pendar	40	pendar,berpendar
insan	39	insan
fisiologi	39	fisiologi
kunyit	39	kunyit
pecinan	39	pecinan
sinus	39	sinus
golak	39	bergolak
pagoda	39	pagoda
apatis	39	apatis
akselerasi	39	akselerasi
besan	39	besan
fraktur	39	fraktur
blower	39	blower
ekstrakurikuler	39	ekstrakurikuler
serobot	39	menyerobot
elektromagnet	39	elektromagnet
cecunguk	39	cecunguk
geologis	39	geologis
provokatif	39	provokatif
khali	39	khali
sortir	39	menyortir
wazir	39	wazir
sabi	39	sabian
narasumber	39	narasumber
adang	39	peradangan
rampung	39	rampung
ina	39	ina
eksponensial	39	eksponensial
kasti	39	kasti
kosmologi	39	kosmologi
sekar	39	sekaran
melayu	39	melayu
ektoplasma	39	ektoplasma
beluk	39	beluk
manifesto	39	manifesto
soba	39	soba
proporsional	39	proporsional
terjal	39	terjal
asbes	39	asbes
fruktosa	39	fruktosa
gai	39	gai
trampolin	39	trampolin
apes	39	apes
pinang	39	meminang,pinangan
sanggah	39	menyanggah,sanggahan
titi	39	titi,meniti
ecer	39	eceran,pengecer
tetek	38	tetek
pispot	38	pispot
giris	38	giris
serempak	38	serempak
kola	38	kola
tube	38	tube
ekonomis	38	ekonomis
trendi	38	trendi
proaktif	38	proaktif
gondola	38	gondola
tarantula	38	tarantula
kokas	38	kokas
kocak	38	kocak
yunior	38	yunior
bokek	38	bokek
bani	38	bani
adidaya	38	adidaya
tomboi	38	tomboi
sendat	38	tersendat
male	38	male
aorta	38	aorta
vitalitas	38	vitalitas
kopilot	38	kopilot
begundal	38	begundal
selangka	38	selangka
dominion	38	dominion
imajinatif	38	imajinatif
kompresor	38	kompresor
takik	38	takik
komuni	38	komuni
stasis	38	stasis
ronda	38	ronda
vegetasi	38	vegetasi
konsentrat	38	konsentrat
monarki	38	monarki
harem	38	harem
metamorfosis	38	metamorfosis
plasenta	38	plasenta
simbiosis	38	simbiosis
telungkup	38	telungkup
tartar	38	tartar
kumur	38	kumur,berkumur
beting	37	beting
gips	37	gips
gergasi	37	gergasi
eskalator	37	eskalator
madat	37	pemadat
sekuritas	37	sekuritas
gembrot	37	gembrot
boreal	37	borealis
berai	37	berai
hostel	37	hostel
nahu	37	menahu
preseden	37	preseden
oportunis	37	oportunis
renti	37	berenti
teologi	37	teologi
pendulum	37	pendulum
krusial	37	krusial
cucur	37	bercucuran
uda	37	uda
celsius	37	celsius
kanopi	37	kanopi
mesjid	37	mesjid
kompos	37	kompos
doyan	37	doyan
nur	37	nur
panji	37	panji
nasabah	37	nasabah
polka	37	polka
pening	37	pening
inga	37	inga
aris	37	aris
tenteram	37	tenteram
komuter	37	komuter
blazer	37	blazer
lor	37	loris
belasah	37	belasah
luak	37	luak
kukuh	37	kukuh
neto	37	neto
loyo	37	loyo
konstituen	37	konstituen
interogator	37	interogator
cakra	37	cakra
rekonsiliasi	37	rekonsiliasi
korsel	37	korsel
baling	37	baling
naka	37	naka
patologis	37	patologis
hinggap	36	hinggap
naam	36	naam
nakhoda	36	nakhoda
daeng	36	daeng
limau	36	limau
arogansi	36	arogansi
liana	36	liana
rima	36	berima
okultisme	36	okultisme
yura	36	yura
teng	36	teng
rezeki	36	rezeki
jumput	36	sejumput
signifikansi	36	signifikansi
linang	36	berlinang
lapuk	36	lapuk
bren	36	bren
menung	36	termenung
dekompresi	36	dekompresi
langgeng	36	langgeng
senioritas	36	senioritas
xenia	36	xenia
melodramatis	36	melodramatis
bari	36	bari
cadar	36	cadar
gada	36	gada
rajam	36	dirajam
sakai	36	sakai
lupus	36	lupus
monolog	36	monolog
komposit	36	komposit
simultan	36	simultan
elektris	36	elektris
taun	36	taun
rau	36	rau
prakira	36	prakiraan
eksotik	36	eksotik
langkan	36	langkan
flanel	36	flanel
ovarium	36	ovarium
profesionalisme	36	profesionalisme
cuk	36	cuk
rengut	36	merengut
aparatur	36	aparatur
intern	36	intern
renta	36	renta
sangsi	36	sangsi
cetus	36	mencetuskan,pencetus
mediasi	35	mediasi
tus	35	tus
kabisat	35	kabisat
aung	35	aung
artik	35	artik
teoretis	35	teoretisi
ekstensif	35	ekstensif
ceret	35	ceret
mortar	35	mortar
oksida	35	oksida
lembing	35	lembing
stereotip	35	stereotip
talkin	35	talkin
manikur	35	manikur
harpun	35	harpun
parodi	35	parodi
pedikur	35	pedikur
kapai	35	kapai
anekdot	35	anekdot
kalkulasi	35	kalkulasi
apik	35	apik
lateral	35	lateral
jelita	35	jelita
bunting	35	bunting
sakelar	35	sakelar
apak	35	apak
torsi	35	torsi
kucek	35	kucek
kiwi	35	kiwi
kabuki	35	kabuki
meterai	35	meterai
jawara	35	jawara
adan	35	adan
defisit	35	defisit
kop	35	kop
sekretariat	35	sekretariat
lantun	35	melantunkan
perkamen	35	perkamen
masya	35	masya
sagitarius	35	sagitarius
termometer	35	termometer
joule	35	joule
kontinental	35	kontinental
jambul	34	jambul
nilon	34	nilon
perfeksionis	34	perfeksionis
rajawali	34	rajawali
riskan	34	riskan
barangan	34	barangan
peguam	34	peguam
dialisis	34	dialisis
onderdil	34	onderdil
utas	34	seutas
khinzir	34	khinzir
mullah	34	mullah
katarak	34	katarak
embargo	34	embargo
tungkai	34	tungkai
primadona	34	primadona
desersi	34	desersi
mimosa	34	mimosa
kompatibel	34	kompatibel
telor	34	telor
kendo	34	kendo
remis	34	remis
akapela	34	akapela
motivator	34	motivator
feodal	34	feodal
migran	34	migran
ludes	34	ludes
kromium	34	kromium
badi	34	badi
serampang	34	serampangan
akupunktur	34	akupunktur
aerobik	34	aerobik
bade	34	bade
mangkir	34	mangkir
angga	34	angga
amino	34	amino
nica	34	nica
pika	34	pika
tem	34	tem
kepak	34	kepakkan
bakung	34	bakung
planetarium	34	planetarium
dipan	34	dipan
modem	34	modem
lekuk	34	lekuk
teolog	34	teolog
kenop	34	kenop
inhibitor	34	inhibitor
durian	34	durian
staples	34	staples
opa	34	opa
komodo	34	komodo
godam	34	godam
buyar	34	membuyarkan,buyar
gembung	34	gembung,menggembung
adiktif	33	adiktif
galah	33	galah
kedaluwarsa	33	kedaluwarsa
lalim	33	lalim
magnetis	33	magnetis
mulas	33	mulas
jeri	33	jeri
jalak	33	jalak
paradigma	33	paradigma
sufi	33	sufi
sesumbar	33	sesumbar
sawa	33	sawa
cang	33	cang
kontras	33	kontras
mering	33	meringis
patungan	33	patungan
sohor	33	tersohor
palung	33	palung
translasi	33	translasi
telegraf	33	telegraf
nongol	33	nongol
klorida	33	klorida
tuts	33	tutsi
supersonik	33	supersonik
akua	33	akua
ampe	33	ampe
ricuh	33	kericuhan
atar	33	atari
kultur	33	kultur
toga	33	toga
elektrolit	33	elektrolit
fisiologis	33	fisiologis
safar	33	safar
introspeksi	33	introspeksi
desibel	33	desibel
epsilon	33	epsilon
sempoyongan	33	sempoyongan
kalut	33	kalut
loket	33	loket
sigap	33	sigap
konkret	33	konkret
nukleat	33	nukleat
sterilisasi	33	sterilisasi
fundamentalis	33	fundamentalis
duplikasi	33	menduplikasi
gir	33	gir
banir	33	banir
semantik	32	semantik
kecambah	32	kecambah
ruas	32	ruas
tawur	32	tawuran
metodologi	32	metodologi
kakao	32	kakao
bulimia	32	bulimia
periskop	32	periskop
losion	32	losion
dawai	32	dawai
bohemian	32	bohemian
lawa	32	lawakan
estrogen	32	estrogen
polaritas	32	polaritas
antiseptik	32	antiseptik
truf	32	truf
arsenik	32	arsenik
cena	32	cena
amfetamin	32	amfetamin
trisula	32	trisula
pelir	32	pelir
umbar	32	mengumbar
grip	32	grip
kompulsif	32	kompulsif
kuala	32	kuala
lawas	32	lawas
sulfat	32	sulfat
lepra	32	lepra
semangkok	32	semangkok
bogot	32	bogotá
amonium	32	amonium
mediator	32	mediator
sasana	32	sasana
kruk	32	kruk
jua	32	jua
jilbab	32	jilbab
minder	32	minder
surati	32	menyurati
sempadan	32	sempadan
kemangi	32	kemangi
prisma	32	prisma
bekicot	32	bekicot
influenza	32	influenza
superkomputer	32	superkomputer
apo	32	apo
peroksida	32	peroksida
erupsi	31	erupsi
tifus	31	tifus
jeroan	31	jeroan
somasi	31	somasi
adem	31	adem
penggar	31	penggaris
bando	31	bando
eram	31	mengeram
miliuner	31	miliuner
sajang	31	sajang
monumental	31	monumental
sukan	31	sukan
poket	31	poket
sedimen	31	sedimen
anyang	31	anyang
parsi	31	parsi
ortopedi	31	ortopedi
mosaik	31	mosaik
pelikan	31	pelikan
keliar	31	keliaran
drainase	31	drainase
empal	31	empal
hafiz	31	hafiz
gena	31	gena
opus	31	opus
rubel	31	rubel
amulet	31	amulet
retribusi	31	retribusi
gencar	31	gencar
gerisik	31	gemerisik
rencak	31	merencakan
konsistensi	31	konsistensi
khasiat	31	berkhasiat
wira	31	wira
serebral	31	serebral
nekad	31	nekad
ningrat	31	ningrat
sintetik	31	sintetik
karina	31	karina
soket	31	soket
basin	31	basin
transeksual	31	transeksual
hobo	31	hobo
runyam	31	runyam
tifa	31	tifa
jail	31	jail
brom	31	brom
eksemplar	31	eksemplar
jejaka	31	jejaka
kancut	31	kancut
visibilitas	31	visibilitas
drip	31	drip
fleksibilitas	31	fleksibilitas
higienis	31	higienis
destruktif	31	destruktif
anonimitas	31	anonimitas
estafet	31	estafet
kurban	31	kurban
susila	31	kesusilaan
maskara	31	maskara
kompetensi	31	kompetensi
oto	31	oto
takuk	31	ketakukan
kanon	31	kanon
pupus	30	pupus
elus	30	mengelus
dadih	30	dadih
ritus	30	ritus
naluriah	30	naluriah
sekang	30	sekang
bogor	30	bogor
rumpun	30	rumpun
rancak	30	rancak
juju	30	juju
kolor	30	kolor
falak	30	falak
trombon	30	trombon
intan	30	intan
walet	30	walet
kiat	30	kiat
kelu	30	kelu
redaksi	30	redaksi
impresif	30	impresif
mandir	30	mandir
sangan	30	sangan
produktivitas	30	produktivitas
perikemanusiaan	30	berperikemanusiaan
lorek	30	lorek
pinda	30	memindainya
kinetik	30	kinetik
mite	30	kumite
meningitis	30	meningitis
nujum	30	nujum
pionir	30	pionir
origami	30	origami
kelip	30	berkelip
ranah	30	ranah
klasemen	30	klasemen
boling	30	boling
reflektif	30	reflektif
hernia	30	hernia
gimbal	30	gimbal
gamblang	30	gamblang
frasa	30	frasa
monokultur	30	monokultur
tarsus	30	tarsus
ahad	30	ahad
nasar	30	nasar
diafragma	30	diafragma
riba	30	riba
legalitas	30	legalitas
moster	30	moster
jap	30	jap
mujahidin	30	mujahidin
pandit	30	pandit
meridian	30	meridian
dena	30	dena
proteksi	30	proteksi
hidroponik	30	hidroponik
stimulus	30	stimulus
kontinum	30	kontinum
istiadat	30	istiadat
encok	29	encok
sosiologi	29	sosiologi
serbaguna	29	serbaguna
pandemi	29	pandemi
komit	29	komit
celak	29	celak
dung	29	dung
sosialisasi	29	sosialisasi
kuncir	29	kuncir
partitur	29	partitur
debitur	29	debitur
dias	29	dias
transistor	29	transistor
disleksia	29	disleksia
marka	29	marka
selibat	29	selibat
parkit	29	parkit
metodis	29	metodis
rejan	29	rejan
disinfektan	29	disinfektan
garuda	29	garuda
stigma	29	stigma
zan	29	zan
sabah	29	sabah
kalap	29	kalap
bejana	29	bejana
gemulai	29	gemulai
genteng	29	genteng
praktisi	29	praktisi
progres	29	progres
himne	29	himne
jingkrak	29	berjingkrak
amboi	29	amboi
lipan	29	lipan
sek	29	sek
rotan	29	rotan
setip	29	setipis
futuristik	29	futuristik
pantek	29	pantek
fasik	29	fasik
perah	29	perah
gotik	29	gotik
fisi	29	fisi
bazar	29	bazar
restrukturisasi	29	restrukturisasi
katapel	29	katapel
palau	29	palau
nala	29	nala
kembal	29	sekembalinya
kontributor	29	kontributor
mahyong	29	mahyong
krisan	29	krisan
triwulan	29	triwulan
kanda	29	kanda
deduksi	29	deduksi
jemaah	29	jemaah
reklame	28	reklame
kimo	28	kimo
kempis	28	kempis
ngiang	28	terngiang
asas	28	asas
sulur	28	sulur
siluet	28	siluet
hipertensi	28	hipertensi
indung	28	indung
piutang	28	piutang
atol	28	atoli
komprehensif	28	komprehensif
paparazi	28	paparazi
piton	28	piton
magister	28	magister
konstruktif	28	konstruktif
perancah	28	perancah
trompet	28	trompet
cuki	28	cuki
punca	28	punca
semboyan	28	semboyan
buntung	28	buntung
partisan	28	partisan
paja	28	perpajakan
ensefalitis	28	ensefalitis
kriptografi	28	kriptografi
homoseksualitas	28	homoseksualitas
artifisial	28	artifisial
responden	28	responden
bayak	28	bayak
kista	28	kista
subjektif	28	subjektif
pangsa	28	pangsa
benderang	28	benderang
ante	28	ante
kolibri	28	kolibri
gundah	28	gundah
drumer	28	drumer
kolong	28	kolong
atrium	28	atrium
realis	28	realis
laso	28	laso
diskredit	28	mendiskreditkan
onkologi	28	onkologi
mahoni	28	mahoni
masif	28	masif
insinerator	28	insinerator
sabda	28	sabda
skorsing	28	skorsing
stapler	28	stapler
manzil	28	manzil
prerogatif	28	prerogatif
harakiri	28	harakiri
sekakmat	28	sekakmat
butut	28	butut
param	28	param
ciprat	28	cipratan
kecebong	28	kecebong
swastika	28	swastika
retorika	28	retorika
komputerisasi	28	komputerisasi
paleontologi	28	paleontologi
wet	28	wet
otonomi	28	otonomi
rumba	28	rumba
tajuk	28	tajuk
telentang	28	telentang
diagonal	27	diagonal
lateks	27	lateks
belalak	27	terbelalak
kalandar	27	kalandar
sawit	27	sawit
mural	27	mural
lesi	27	lesi
satria	27	satria
provos	27	provos
suluh	27	penyuluhan
losmen	27	losmen
relevansi	27	relevansi
badal	27	badal
transmutasi	27	transmutasi
alot	27	alot
evolusioner	27	evolusioner
telaga	27	telaga
subsidi	27	subsidi
liuk	27	meliuk
sembahyang	27	sembahyang
informatif	27	informatif
transmiter	27	transmiter
mudik	27	mudik
memorandum	27	memorandum
brahma	27	brahma
vendor	27	vendor
mondok	27	mondok
taki	27	taki
fuli	27	fuli
inseminasi	27	inseminasi
syam	27	syam
haiku	27	haiku
tungau	27	tungau
sumo	27	sumo
pis	27	pis
gori	27	gori
yayu	27	yayu
cok	27	cok
katai	27	mengatai
ketang	27	ketangan
dus	27	dus
suam	27	bersuami
kelebat	27	berkelebat
kurma	27	kurma
budiman	27	budiman
jamrud	27	jamrud
valeria	27	valeria
mujahid	27	mujahid
griya	27	griya
komunikator	27	komunikator
magasin	27	magasin
alkimia	27	alkimia
derma	27	derma
adakalanya	27	adakalanya
muk	27	muk
takar	27	takaran
agun	27	agunan
kacak	27	kacak
rada	27	rada
songsong	27	menyongsong
konklusif	27	konklusif
komidi	27	komidi
bandul	27	bandul
manipulator	26	manipulator
jel	26	jel
metalik	26	metalik
fasisme	26	fasisme
disentri	26	disentri
mepet	26	mepet
entropi	26	entropi
operatif	26	operatif
imunitas	26	imunitas
edema	26	edema
teken	26	teken
aus	26	aus
feminisme	26	feminisme
palet	26	palet
oknum	26	oknum
saksama	26	saksama
prangko	26	prangko
kebo	26	kebo
geger	26	geger
reaktif	26	reaktif
eselon	26	eselon
dekor	26	mendekor
rihat	26	terihat
dewata	26	dewata
nirmala	26	nirmala
krematorium	26	krematorium
bacok	26	bacok
persona	26	persona
pakis	26	pakis
sua	26	bersua
zeni	26	zeni
tandem	26	tandem
eco	26	eco
pial	26	piali
lugas	26	lugas
hiperaktif	26	hiperaktif
adaptor	26	adaptor
sosialisme	26	sosialisme
mikroorganisme	26	mikroorganisme
sadel	26	sadel
neurotik	26	neurotik
linguistik	26	linguistik
pailit	26	pailit
degar	26	mendegar
lafal	26	melafalkan
gelepar	26	menggelepar
reklamasi	26	reklamasi
sungut	26	bersungut
gaet	26	menggaet
tilik	26	menilik
sonata	26	sonata
pico	26	pico
timpang	26	timpang
mentol	26	mentol
linear	26	linear
antigen	26	antigen
stimulan	26	stimulan
tepo	26	teleponya
kenap	26	kenap
kepik	26	kepik
belalai	26	belalai
osilator	26	osilator
lencong	26	lencongan
diakon	26	diakon
gung	26	gung
gospel	26	gospel
ultrasonik	26	ultrasonik
sungsang	26	sungsang
konservasi	25	konservasi
tutorial	25	tutorial
belia	25	belia
tabiat	25	tabiat
migren	25	migren
papak	25	papak
predikat	25	predikat
alf	25	alf
jiran	25	jiran
gulai	25	gulai
lopor	25	mempelopori
pekak	25	memekakkan
seruput	25	menyeruput
doping	25	doping
termostat	25	termostat
bencong	25	bencong
audiensi	25	audiensi
ujar	25	berujar
pentil	25	pentil
mop	25	mop
emban	25	mengemban
bajik	25	bajik
maman	25	maman
klarinet	25	klarinet
sanga	25	sanga
lentang	25	terlentang
gonore	25	gonore
rematik	25	rematik
tarah	25	tarah
tenor	25	tenor
orisinal	25	orisinal
neraca	25	neraca
eksplosif	25	eksplosif
amanat	25	amanat
benalu	25	benalu
milioner	25	milioner
yodium	25	yodium
suksesi	25	suksesi
tenggang	25	tenggang
cibir	25	mencibir
kriminologi	25	kriminologi
pipih	25	pipih
representatif	25	representatif
endorfin	25	endorfin
korsleting	25	korsleting
yudisial	25	yudisial
troi	25	troi
cetera	25	cetera
perseptif	25	perseptif
meru	25	meru
takat	25	setakat
bolu	25	bolu
dislokasi	25	dislokasi
gondrong	25	gondrong
soneta	25	soneta
bingka	25	berbingkai
transformator	25	transformator
hala	25	hala
tendon	25	tendon
spekulatif	25	spekulatif
binal	25	binal
syah	25	syah
mengi	25	mengi
ventilator	25	ventilator
gidik	25	bergidik
lira	24	lira
daku	24	daku
korosif	24	korosif
melintir	24	memelintir
musyawarah	24	musyawarah
lambo	24	lambo
anyam	24	anyaman
celengan	24	celengan
primordial	24	primordial
gelak	24	gelak
darmawisata	24	darmawisata
monoksida	24	monoksida
bakmi	24	bakmi
lancip	24	lancip
aristokrat	24	aristokrat
noni	24	noni
empiris	24	empiris
stoker	24	stoker
degenerasi	24	degenerasi
parau	24	parau
autisme	24	autisme
vertebra	24	vertebra
tamtama	24	tamtama
balam	24	balam
tendo	24	tendo
resa	24	resa
deformasi	24	deformasi
loyalis	24	loyalis
mens	24	mens
pseudo	24	pseudo
jura	24	jura
cih	24	cih
urgensi	24	urgensi
bota	24	kebotakan
stabilisator	24	stabilisator
pecut	24	pecut
euforia	24	euforia
gayang	24	menggerayangi
acik	24	peracik
hikmat	24	hikmat
surjan	24	surjan
kanto	24	kanto
korelasi	24	korelasi
tonjok	24	menonjok
najam	24	menajamkan
pentagram	24	pentagram
subyektif	24	subyektif
sintas	24	penyintas
termodinamika	24	termodinamika
panorama	24	panorama
pitam	24	pitam
prestise	24	prestise
mutagen	24	mutagen
trinitas	24	trinitas
etalase	24	etalase
batok	24	batok
panitera	24	panitera
lajur	24	lajur
topografi	24	topografi
transformatif	24	transformatif
alquran	24	alquran
nirlaba	24	nirlaba
notes	24	notes
keduduk	24	berkedudukan
pori	24	pori
areal	24	areal
tamborin	24	tamborin
pace	24	pace
ceker	24	ceker
haul	24	haul
cerpelai	24	cerpelai
famili	24	famili
harmonik	23	harmonik
kupi	23	kupi
kebas	23	kebas
rayon	23	rayon
etos	23	etos
amplas	23	amplas
beliung	23	beliung
jegal	23	menjegal
usut	23	mengusut
perek	23	perek
mendapa	23	mendapakan
sputnik	23	sputnik
diferensial	23	diferensial
memelas	23	memelas
kelambu	23	kelambu
semang	23	semang
vinil	23	vinil
ventrikel	23	ventrikel
sedu	23	tersedu
sahkan	23	sahkan
tarikh	23	tarikh
reservoir	23	reservoir
kripton	23	kripton
bistik	23	bistik
landai	23	landai
bufet	23	bufet
beling	23	beling
amoral	23	amoral
petuah	23	petuah
keroncong	23	keroncongan
kodrat	23	kodrat
konsensus	23	konsensus
stasi	23	stasi
tamah	23	tamah
hibridisasi	23	hibridisasi
bua	23	bua
disposisi	23	disposisi
kenyat	23	kenyatannya
modeling	23	modeling
molotov	23	molotov
rintik	23	rintik
kuduk	23	kudukku
sprint	23	sprint
kangkang	23	mengangkang
subkontraktor	23	subkontraktor
renaisans	23	renaisans
nuri	23	nuri
jalal	23	jalal
centil	23	centil
sabot	23	penyabot
serapah	23	serapah
manifes	23	manifes
beringas	23	beringas
emigrasi	23	beremigrasi
restitusi	23	restitusi
jawat	23	jawatan
cuping	23	cuping
rafik	23	rafiki
romantik	23	romantik
praduga	23	praduga
prop	23	prop
traksi	23	traksi
arbitrase	23	arbitrase
selempang	23	selempang
likuidasi	23	melikuidasi
peranti	23	peranti
gayung	23	gayung
lelet	23	lelet
demen	23	demen
tengu	23	tengu
konvergensi	23	konvergensi
monoton	23	monoton
degil	23	degil
hem	23	hem
kader	23	kader
spatula	23	spatula
importir	23	importir
helipad	23	helipad
sendu	23	sendu
jambang	23	jambangan
flamboyan	23	flamboyan
inses	23	inses
kuk	23	kuk
perangah	23	terperangah
edukasi	23	edukasi
kina	22	kina
sala	22	sala
arkeologis	22	arkeologis
asta	22	asta
pangur	22	pangur
kuitansi	22	kuitansi
saba	22	saba
cabar	22	pencabar
walah	22	walah
afrodisiak	22	afrodisiak
kuih	22	kuih
selenting	22	selentingan
skrotum	22	skrotum
upil	22	mengupil
ati	22	ati
cepak	22	cepak
urdu	22	urdu
serunai	22	serunai
portir	22	portir
klausa	22	klausa
sembul	22	menyembul
alter	22	alter
gain	22	gain
johar	22	johar
strata	22	strata
vitriol	22	vitriol
draf	22	draf
raksa	22	raksa
pandir	22	pandir
konektor	22	konektor
ucok	22	ucok
asusila	22	asusila
otomatisasi	22	otomatisasi
spasial	22	spasial
besuk	22	besuk
petrol	22	petrol
taung	22	menaungi
bidah	22	bidah
faraj	22	faraj
rubik	22	rubik
pernis	22	pernis
imlek	22	imlek
imperialis	22	imperialis
persneling	22	persneling
gaung	22	gaung
mercu	22	mercu
regresi	22	regresi
serabi	22	serabi
juar	22	kejuaran
interferensi	22	interferensi
rit	22	merit
vide	22	divide
semrawut	22	semrawut
moluska	22	moluska
inventarisasi	22	inventarisasi
memek	22	memek
umbi	22	umbi
risalah	22	risalah
desir	22	desiran
sekuler	22	sekuler
radi	22	radi
opsional	22	opsional
pernak	22	pernak
patron	22	patron
brifing	22	brifing
biodata	22	biodata
neural	22	neural
absah	22	keabsahan
persuasi	22	persuasi
trafo	22	trafo
sangkakala	22	sangkakala
humoris	22	humoris
uma	22	uma
taiko	22	taiko
kontingen	22	kontingen
cecah	22	cecah
kep	21	kep
flop	21	flop
stratosfer	21	stratosfer
rekap	21	rekap
neurosis	21	neurosis
selop	21	selop
seruduk	21	menyeruduk
margasatwa	21	margasatwa
iridium	21	iridium
imunisasi	21	imunisasi
konduksi	21	konduksi
amburadul	21	amburadul
korporat	21	korporat
etnik	21	etnik
cengkeh	21	cengkeh
impresionis	21	impresionis
gimnasium	21	gimnasium
tundra	21	tundra
kuang	21	kuang
kulai	21	terkulai
samsak	21	samsak
interim	21	interim
ceruk	21	ceruk
kerangkeng	21	kerangkeng
apartheid	21	apartheid
neurologi	21	neurologi
terminologi	21	terminologi
mang	21	mang
dekomposisi	21	dekomposisi
perangai	21	perangai
insektisida	21	insektisida
ketombe	21	ketombe
saman	21	saman
kerok	21	kerok
cambang	21	cambang
span	21	span
permai	21	permaian
kuai	21	kuai
gubah	21	menggubah
esensial	21	esensial
baskom	21	baskom
tegal	21	tegalan
pabrikan	21	pabrikan
koka	21	koka
huyung	21	terhuyung
perosot	21	perosotan
mubazir	21	mubazir
congo	21	congo
cengkerama	21	bercengkerama
kondensor	21	kondensor
apron	21	apron
amanah	21	amanah
homoseks	21	homoseks
caul	21	caul
inteligen	21	inteligen
tensi	21	tensi
marzipan	21	marzipan
saksofon	21	saksofon
pinset	21	pinset
makas	21	makasi
mendak	21	mendakinya
filantropis	21	filantropis
habib	21	habib
dinamo	21	dinamo
altimeter	21	altimeter
rawai	21	rawai
enamel	21	enamel
sado	21	sado
durja	21	durja
ligamen	21	ligamen
walafiat	21	walafiat
polip	21	polip
sukma	21	sukma
hayo	21	hayo
pelintir	21	pelintir
nepotisme	21	nepotisme
surplus	21	surplus
vasektomi	21	vasektomi
balairung	21	balairung
gusur	21	penggusuran
border	21	border
stator	20	stator
bedil	20	bedil
gelimang	20	bergelimang
simpuh	20	bersimpuh
ordonansi	20	ordonansi
omset	20	omset
albatros	20	albatros
metafisika	20	metafisika
kancah	20	kancah
lalang	20	lalang
unifikasi	20	unifikasi
karotis	20	karotis
koil	20	koil
prasyarat	20	prasyarat
ketus	20	ketus
pelbagai	20	pelbagai
calo	20	calo
materialistis	20	materialistis
mores	20	mores
maharani	20	maharani
subversif	20	subversif
fatwa	20	fatwa
bekat	20	terbekatilah
rajah	20	rajah
taji	20	taji
remisi	20	remisi
petroleum	20	petroleum
getir	20	getir
kendati	20	kendati
ela	20	ela
bubung	20	bubungan
terigu	20	terigu
tengkurap	20	tengkurap
fiskal	20	fiskal
sumpal	20	menyumpal
mendoan	20	mendoan
bandu	20	banduan
silih	20	silih
sorong	20	sorong
bariton	20	bariton
aditif	20	aditif
rekah	20	rekahan
lirih	20	lirih
spektrometer	20	spektrometer
eror	20	eror
geta	20	geta
rupiah	20	rupiah
kateter	20	kateter
kroket	20	kroket
sensualitas	20	sensualitas
sombrero	20	sombrero
moderat	20	moderat
cawat	20	cawat
mancis	20	mancis
sakhi	20	sakhi
dasawarsa	20	dasawarsa
buddhisme	20	buddhisme
badar	20	badar
jaat	20	jaati
molor	20	molor
tempe	20	tempe
superioritas	20	superioritas
tungsten	20	tungsten
kerasan	20	kerasan
bonanza	20	bonanza
inersia	20	inersia
metaforis	20	metaforis
ikonografi	20	ikonografi
proklamasi	20	proklamasi
jengkal	20	jengkal
pelamin	20	pelaminan
sekam	20	sekam
infiltrasi	20	infiltrasi
lombok	20	lombok
wajik	20	wajik
tulah	20	tulah
sekring	20	sekring
slang	20	slang
sediakala	20	sediakala
bagal	20	bagal
kuartet	20	kuartet
kahyangan	20	kahyangan
kobalt	20	kobalt
bubuh	20	membubuhkan
kawak	20	kawakan
maula	20	maula
mado	19	mado
dogma	19	dogma
ralat	19	ralat
jambak	19	menjambak
steik	19	steik
badung	19	badung
muluk	19	muluk
wiraniaga	19	wiraniaga
seloki	19	seloki
elektromagnetisme	19	elektromagnetisme
akrobatik	19	akrobatik
kondusif	19	kondusif
rontgen	19	rontgen
kodak	19	kodak
kloroform	19	kloroform
autentik	19	autentik
jibril	19	jibril
rantau	19	merantau
metafisik	19	metafisik
lerai	19	melerai
pelipis	19	pelipis
midi	19	midian
glaukoma	19	glaukoma
prabu	19	prabu
fauna	19	fauna
mete	19	mete
jeng	19	jeng
termonuklir	19	termonuklir
psikotropika	19	psikotropika
sesai	19	menyesai
lata	19	lata
anoreksia	19	anoreksia
welas	19	welas
bini	19	bini
pirus	19	pirus
kemal	19	kemal
sifer	19	sifer
retail	19	retail
prosa	19	prosa
konstanta	19	konstanta
cuai	19	kecuaii
radioaktivitas	19	radioaktivitas
deham	19	berdeham
kepayang	19	kepayang
stetoskop	19	stetoskop
memoar	19	memoar
milir	19	semilir
pesing	19	pesing
lenting	19	melenting
taipan	19	taipan
barometer	19	barometer
saban	19	saban
cancan	19	cancan
kuluk	19	kulukis
saintis	19	saintis
alai	19	alai
udi	19	udi
titel	19	titel
amuba	19	amuba
doble	19	doble
ude	19	ude
kerling	19	mengerling
grafitasi	19	grafitasi
kemenyan	19	kemenyan
orok	19	mengorok
paras	19	paras
dub	19	dub
cadel	19	cadel
konsuler	19	konsuler
kompilasi	19	kompilasi
reyot	19	reyot
sabung	19	sabung
lampion	19	lampion
klandestin	19	klandestin
kungkang	19	kungkang
embik	19	mengembik
kartografi	19	kartografi
alpa	19	alpa
adrenal	19	adrenal
kakaktua	19	kakaktua
ekspresif	19	ekspresif
nagara	19	nagara
sinergi	19	sinergi
nilam	19	nilam
laten	19	laten
jotos	19	jotos
tiroid	19	tiroid
kokon	19	kokon
disain	19	disain
gelora	19	bergelora
pasi	19	pasi
khalil	19	khalil
kuesioner	19	kuesioner
integral	19	integral
lambda	19	lambda
teledor	19	teledor
serabut	19	serabut
ewa	19	ewa
lumpia	19	lumpia
kasmir	19	kasmir
validitas	19	validitas
unti	19	untii
randi	19	randi
malan	19	malan
brankar	19	brankar
tengkuk	19	tengkuk
kornet	18	kornet
pica	18	pica
papirus	18	papirus
rengkuh	18	merengkuh
alak	18	alak
celetuk	18	celetuk
determinasi	18	determinasi
soma	18	soma
ciluk	18	ciluk
rungu	18	rungu
anumerta	18	anumerta
religi	18	religi
partisi	18	partisi
haris	18	haris
filo	18	filo
soe	18	soe
pera	18	keperakan
kutang	18	kutang
rami	18	rami
likuiditas	18	likuiditas
zus	18	zus
spontanitas	18	spontanitas
juntai	18	menjuntai
inkonsistensi	18	inkonsistensi
ilusionis	18	ilusionis
transpor	18	transpor
substitusi	18	substitusi
intrusi	18	intrusi
jembel	18	jembel
efektivitas	18	efektivitas
komunike	18	komunike
guri	18	guri
rancu	18	rancu
hipokrit	18	hipokrit
sumbing	18	sumbing
labrak	18	melabrak
sesap	18	menyesap
akuntabilitas	18	akuntabilitas
aru	18	aru
tawang	18	tawang
relai	18	relai
ahsan	18	ahsan
amsal	18	amsal
dempul	18	dempul
direk	18	direk
bushido	18	bushido
sengal	18	tersengal
idiom	18	idiom
mung	18	mung
ampere	18	ampere
dalem	18	dalem
piama	18	piama
emporium	18	emporium
korsase	18	korsase
obstruksi	18	obstruksi
codet	18	codet
sanding	18	bersanding
bonsai	18	bonsai
karu	18	karu
jujitsu	18	jujitsu
purbakala	18	purbakala
kurs	18	berkursi
soja	18	soja
silabus	18	silabus
gendeng	18	gendeng
necis	18	necis
reses	18	reses
indigo	18	indigo
manajerial	18	manajerial
taiga	18	taiga
konsepsi	18	konsepsi
rubrik	18	rubrik
sentrifugal	18	sentrifugal
bimasakti	18	bimasakti
hipofisis	18	hipofisis
colong	18	kecolongan
kronologis	18	kronologis
mumpuni	18	mumpuni
balan	18	balan
simposium	18	simposium
totaliter	18	totaliter
kolumnis	18	kolumnis
pangestu	18	pangestu
stigmata	18	stigmata
lejit	18	melejit
mancung	18	mancung
dapa	18	dapa
pelek	18	pelek
poligami	18	poligami
pijah	18	pemijahan
aral	18	aral
fiksasi	18	fiksasi
delirium	18	delirium
obsidian	18	obsidian
argumentasi	18	argumentasi
campa	18	mencampakanku
filtrasi	18	filtrasi
neka	18	nereka
bolpoin	18	bolpoin
geraham	18	geraham
plafon	18	plafon
badminton	18	badminton
salvo	18	salvo
impotensi	18	impotensi
simbolisme	18	simbolisme
solder	18	solder
cupang	18	cupang
skematis	17	skematis
sinema	17	sinema
celeng	17	celeng
ngemil	17	ngemil
butana	17	butana
kanjar	17	kanjar
oktaf	17	oktaf
kidung	17	kidung
trombosit	17	trombosit
geblek	17	geblek
herba	17	herba
gasing	17	gasing
karikatur	17	karikatur
tros	17	petros
neko	17	neko
dramatik	17	dramatik
rumi	17	rumi
bahari	17	bahari
lak	17	lak
dividen	17	dividen
ninabobo	17	ninabobo
eksekutor	17	eksekutor
formalin	17	formalin
terali	17	terali
piawai	17	piawai
uli	17	uli
sap	17	sap
layat	17	melayat
pengin	17	pengin
absensi	17	absensi
asar	17	asar
oligarki	17	oligarki
bonafide	17	bonafide
porto	17	porto
sindur	17	sindur
urak	17	urakan
angkara	17	angkara
seismologi	17	seismologi
cing	17	cing
hidrasi	17	terhidrasi
gepeng	17	gepeng
bilateral	17	bilateral
fotosintesis	17	fotosintesis
mobilitas	17	mobilitas
alternator	17	alternator
cit	17	cit
titis	17	titisan
sesar	17	sesar
selia	17	penyelia
melek	17	melek
ramus	17	ramusan
sonogram	17	sonogram
laur	17	kelaur
umput	17	berumput
tanak	17	penanak
loper	17	loper
laal	17	laal
cendana	17	cendana
ketok	17	ketok
inferior	17	inferior
freon	17	freon
